CustomerID,Recency,Frequency,Monetary,AvgOrderValue,Tenure,Cluster
12346,326,1,77183.6,77183.6,0,1
12347,2,7,4310.0,615.7142857142857,365,1
12348,75,4,1797.24,449.31,282,1
12349,19,1,1757.55,1757.55,0,0
12350,310,1,334.4,334.4,0,0
12352,36,8,2506.04,313.255,260,1
12353,204,1,89.0,89.0,0,0
12354,232,1,1079.4,1079.4,0,0
12355,214,1,459.4,459.4,0,0
12356,23,3,2811.43,937.1433333333332,302,1
12357,33,1,6207.67,6207.67,0,1
12358,2,2,1168.06,584.03,149,1
12359,58,4,6310.03,1577.5075,274,1
12360,52,3,2662.06,887.3533333333334,148,1
12361,287,1,189.9,189.9,0,0
12362,3,10,5226.23,522.6229999999999,292,1
12363,110,2,552.0,276.0,132,0
12364,8,4,1313.1,328.275,104,1
12365,291,2,641.38,320.69,0,0
12367,4,1,168.9,168.9,0,0
12370,51,4,3541.94,885.485,309,1
12371,45,2,1887.96,943.98,14,0
12372,72,3,1298.04,432.68,224,0
12373,311,1,364.6,364.6,0,0
12374,25,1,742.9300000000001,742.9300000000001,0,0
12375,11,2,457.5,228.75,87,0
12377,315,2,1628.12,814.06,39,0
12378,130,1,4008.62,4008.62,0,0
12379,82,2,852.24,426.12,88,0
12380,22,4,2724.81,681.2025,164,1
12381,5,5,1845.31,369.062,115,1
12383,185,5,1850.56,370.112,167,1
12384,29,2,585.27,292.635,92,0
12386,338,2,401.9,200.95,29,0
12388,16,6,2780.66,463.4433333333333,311,1
12390,80,1,549.84,549.84,0,0
12391,22,1,439.66,439.66,0,0
12393,72,4,1582.6,395.65,260,1
12394,64,2,1272.48,636.24,153,0
12395,19,12,3018.63,251.5525,351,1
12397,36,2,2409.9,1204.95,99,1
12398,46,1,1635.66,1635.66,0,0
12399,119,4,1108.65,277.1625,142,0
12401,303,1,84.3,84.3,0,0
12402,323,1,225.6,225.6,0,0
12403,50,1,427.7,427.7,0,0
12405,149,1,1710.39,1710.39,0,0
12406,22,2,3415.3,1707.65,161,1
12407,50,5,1708.12,341.624,214,1
12408,33,5,2888.55,577.71,227,1
12409,79,3,11072.67,3690.89,103,1
12410,309,2,693.3299999999999,346.665,0,0
12412,75,3,1226.88,408.96,94,0
12413,67,3,758.1,252.7,270,0
12414,217,3,562.41,187.47,93,0
12415,24,21,124914.53,5948.310952380953,313,1
12417,3,9,3649.1,405.4555555555555,354,1
12418,113,1,668.58,668.58,0,0
12420,64,1,600.39,600.39,0,0
12421,16,4,807.04,201.76,303,1
12422,96,3,803.5600000000001,267.8533333333333,229,0
12423,1,8,1859.31,232.41375,352,1
12424,163,2,1760.96,880.48,0,0
12425,78,1,777.2,777.2,0,0
12426,195,1,582.73,582.73,0,0
12427,22,3,825.8,275.26666666666665,349,1
12428,26,9,7956.46,884.0511111111111,257,1
12429,9,4,3750.4,937.6,356,1
12430,43,1,256.4,256.4,0,0
12431,36,15,6419.95,427.9966666666666,338,1
12432,43,5,5059.32,1011.864,129,1
12433,1,7,13375.87,1910.838571428572,372,1
12434,85,2,806.14,403.07,175,0
12435,80,2,7829.89,3914.945,188,1
12436,100,1,509.01,509.01,0,0
12437,2,18,4951.41,275.0783333333333,329,1
12438,14,2,2906.85,1453.425,125,1
12441,367,1,173.55,173.55,0,0
12442,3,1,172.06,172.06,0,0
12444,21,5,5005.46,1001.092,149,1
12445,22,1,133.4,133.4,0,0
12446,58,1,1002.31,1002.31,0,0
12447,243,1,476.49,476.49,0,0
12448,44,1,449.45,449.45,0,0
12449,22,4,4067.29,1016.8225,164,1
12450,156,2,197.88,98.94,17,0
12451,11,5,9035.52,1807.104,313,1
12452,17,2,430.57,215.285,0,0
12453,134,1,707.09,707.09,0,0
12454,56,1,3528.34,3528.34,0,0
12455,73,6,2466.86,411.1433333333334,223,1
12456,44,3,3181.04,1060.3466666666666,210,1
12457,66,7,2363.23,337.6042857142857,172,1
12458,71,2,947.4,473.7,213,0
12461,94,2,826.88,413.44,60,0
12462,19,2,1189.59,594.795,284,1
12463,53,4,1344.78,336.195,188,1
12464,10,8,1212.05,151.50625,299,1
12465,17,2,742.1899999999999,371.095,152,0
12468,188,2,729.5400000000001,364.77,128,0
12471,2,30,19788.65,659.6216666666667,362,1
12472,32,7,6572.11,938.8728571428572,336,1
12473,29,5,3928.05,785.6099999999999,162,1
12474,17,18,7324.09,406.8938888888889,312,1
12475,54,1,723.38,723.38,0,0
12476,16,11,6816.42,619.6745454545454,345,1
12477,23,6,13219.74,2203.29,278,1
12478,4,1,680.99,680.99,0,0
12479,11,1,527.2,527.2,0,0
12480,28,4,3281.63,820.4075,307,1
12481,23,10,5579.82,557.982,342,1
12483,17,8,2484.98,310.6225,322,1
12484,33,6,4527.32,754.5533333333333,303,1
12488,10,3,1298.66,432.8866666666667,65,1
12489,336,1,334.93,334.93,0,0
12490,5,10,5417.93,541.793,324,1
12491,39,1,460.4,460.4,0,0
12492,63,2,263.21000000000004,131.60500000000002,42,0
12493,166,2,433.74,216.87,31,0
12494,16,7,1246.1,178.01428571428573,349,1
12497,82,1,1043.1,1043.1,0,0
12498,21,3,403.7000000000001,134.5666666666667,36,0
12500,23,11,4257.82,387.07454545454544,310,1
12501,337,1,2169.39,2169.39,0,0
12502,96,5,3723.87,744.774,214,1
12504,18,2,482.05,241.025,12,0
12506,233,1,73.5,73.5,0,0
12507,134,3,1304.81,434.93666666666667,164,0
12508,26,2,397.88,198.94,2,0
12509,284,1,176.5,176.5,0,0
12510,143,2,982.57,491.285,182,0
12512,66,2,132.18,66.09,0,0
12513,113,1,612.29,612.29,0,0
12514,267,1,1017.68,1017.68,0,0
12515,353,1,383.7,383.7,0,0
12516,78,2,1312.06,656.03,102,0
12517,28,5,2481.6,496.32,161,1
12518,1,5,2056.89,411.378,109,1
12519,64,1,330.84,330.84,0,0
12520,79,5,2634.26,526.8520000000001,194,1
12521,143,1,599.68,599.68,0,0
12522,39,2,192.72,96.36,12,0
12523,19,11,1789.77,162.70636363636365,312,1
12524,9,8,4485.72,560.715,324,1
12526,1,3,1316.66,438.8866666666667,93,1
12527,82,3,348.71000000000004,116.23666666666668,243,0
12528,9,6,1933.48,322.24666666666667,303,1
12530,60,4,1662.28,415.57,277,1
12531,15,1,125.22,125.22,0,0
12532,30,1,349.83000000000004,349.83000000000004,0,0
12534,131,1,1089.18,1089.18,0,0
12535,92,2,716.35,358.175,94,0
12536,43,3,12601.830000000002,4200.610000000001,15,1
12538,29,1,363.95,363.95,0,0
12539,22,4,5568.35,1392.0875,311,1
12540,20,17,13400.24,788.2494117647059,342,1
12541,30,3,981.18,327.06,251,1
12544,36,1,372.7,372.7,0,0
12545,75,2,1000.39,500.195,184,0
12546,47,2,1161.5,580.75,31,0
12547,198,2,207.8,103.9,82,0
12548,166,1,95.2,95.2,0,0
12550,79,1,964.83,964.83,0,0
12551,358,1,168.0,168.0,0,0
12552,39,2,437.82,218.91,0,0
12553,8,10,3692.28,369.228,321,1
12556,50,2,599.56,299.78,100,0
12557,16,5,11990.96,2398.192,355,1
12558,8,1,269.96,269.96,0,0
12559,311,2,561.71,280.855,8,0
12560,5,3,2134.01,711.3366666666667,137,1
12561,303,1,238.85,238.85,0,0
12562,8,7,3781.74,540.2485714285715,190,1
12564,261,1,456.9,456.9,0,0
12565,289,1,145.92,145.92,0,0
12566,86,1,351.65,351.65,0,0
12567,23,10,9401.28,940.128,346,1
12569,2,32,4124.69,128.8965625,250,1
12571,40,2,519.61,259.805,81,0
12572,9,2,1020.42,510.21,43,1
12573,227,1,160.54000000000002,160.54000000000002,0,0
12574,316,1,218.45,218.45,0,0
12576,36,5,1315.83,263.166,268,1
12577,35,3,626.6,208.86666666666667,323,0
12578,21,2,2794.51,1397.255,308,1
12579,78,1,440.42,440.42,0,0
12580,247,1,415.7,415.7,0,0
12581,40,1,197.71,197.71,0,0
12582,239,2,511.36,255.68,49,0
12583,3,15,7281.38,485.42533333333336,370,1
12584,4,9,2338.15,259.7944444444445,276,1
12585,234,2,2040.1,1020.05,117,0
12586,17,1,196.94000000000003,196.94000000000003,0,0
12587,8,1,144.0,144.0,0,0
12588,39,1,214.9,214.9,0,0
12589,29,2,646.68,323.34,115,0
12590,211,2,9864.26,4932.13,0,1
12591,317,1,452.85,452.85,0,0
12592,92,2,437.6,218.8,121,0
12593,109,3,418.1,139.36666666666665,110,0
12594,38,10,3338.2200000000003,333.822,285,1
12596,51,2,618.27,309.135,190,0
12597,19,4,3811.22,952.805,248,1
12598,10,8,3023.08,377.885,275,1
12599,29,7,1032.58,147.51142857142855,275,1
12600,29,10,2599.04,259.904,342,1
12601,190,5,577.0600000000001,115.412,142,0
12602,59,1,153.12,153.12,0,0
12603,22,1,739.1999999999999,739.1999999999999,0,0
12604,79,2,254.18,127.09,182,0
12607,60,1,1579.51,1579.51,0,0
12609,78,3,1126.85,375.6166666666666,240,0
12610,23,5,2099.54,419.908,103,1
12611,52,1,1193.32,1193.32,0,0
12612,74,1,704.0400000000001,704.0400000000001,0,0
12613,57,5,3344.38,668.876,204,1
12614,278,1,315.6,315.6,0,0
12615,2,4,2291.19,572.7975,166,1
12616,95,2,713.3,356.65,202,0
12617,29,1,352.98,352.98,0,0
12618,22,1,177.31,177.31,0,0
12619,16,9,3641.24,404.5822222222222,237,1
12620,15,3,1339.41,446.47,189,1
12621,2,20,13689.67,684.4835,364,1
12622,232,1,180.1,180.1,0,0
12623,276,1,305.1,305.1,0,0
12624,106,2,641.13,320.565,71,0
12625,212,2,2683.82,1341.91,107,0
12626,23,9,6620.48,735.6088888888888,303,1
12627,11,7,4478.53,639.79,129,1
12628,4,3,786.46,262.15333333333336,60,1
12630,10,2,1270.88,635.44,34,1
12631,57,1,640.5,640.5,0,0
12633,59,4,2163.98,540.995,229,1
12635,90,2,1689.18,844.59,65,0
12637,67,8,6002.9,750.3625,256,1
12638,33,1,671.69,671.69,0,0
12639,239,1,486.1,486.1,0,0
12640,24,3,1174.58,391.5266666666666,57,1
12641,115,1,185.9,185.9,0,0
12642,25,3,1013.26,337.75333333333333,82,1
12643,128,6,3344.64,557.4399999999999,204,1
12644,130,1,477.91,477.91,0,0
12645,34,4,1775.18,443.795,282,1
12646,5,2,1346.97,673.485,44,1
12647,22,12,3722.82,310.235,346,1
12648,155,1,318.05,318.05,0,0
12649,107,3,623.51,207.83666666666667,105,0
12650,3,1,314.44,314.44,0,0
12651,335,1,114.0,114.0,0,0
12652,331,1,919.98,919.98,0,0
12653,149,2,2209.85,1104.925,147,0
12654,11,5,601.98,120.396,284,1
12656,17,5,4051.17,810.234,216,1
12657,11,4,1643.18,410.795,67,1
12658,19,1,686.05,686.05,0,0
12659,30,1,91.68,91.68,0,0
12660,11,1,245.1,245.1,0,0
12662,1,11,3849.78,349.98,372,1
12664,8,9,4881.88,542.4311111111111,314,1
12665,325,1,63.0,63.0,0,0
12667,58,1,620.13,620.13,0,0
12668,12,4,3807.15,951.7875,343,1
12669,151,3,2744.03,914.6766666666666,105,0
12670,10,5,2996.05,599.21,222,1
12672,330,1,225.9,225.9,0,0
12673,5,2,610.52,305.26,321,1
12674,39,4,1970.6,492.65,169,1
12676,25,6,1331.39,221.8983333333333,286,1
12678,42,12,17628.46,1469.0383333333332,311,1
12679,59,4,1113.02,278.255,225,1
12680,1,4,862.81,215.7025,112,1
12681,15,22,13787.54,626.7063636363637,353,1
12682,4,31,12279.82,396.1232258064516,367,1
12683,4,15,8476.57,565.1046666666666,361,1
12684,8,7,2283.63,326.23285714285714,205,1
12685,28,6,2863.08,477.18,65,1
12686,372,1,89.14,89.14,0,0
12688,114,1,4873.81,4873.81,0,0
12689,26,2,1247.61,623.805,101,0
12690,206,1,389.01,389.01,0,0
12691,28,6,1035.8,172.63333333333333,329,1
12693,127,4,855.91,213.9775,192,0
12694,70,2,869.67,434.835,112,0
12695,7,4,582.1,145.525,203,1
12697,29,3,957.59,319.19666666666666,140,1
12700,8,4,4939.99,1234.9975,207,1
12701,80,2,797.71,398.855,162,0
12702,20,1,219.0,219.0,0,0
12703,71,1,283.55,283.55,0,0
12704,7,8,2340.84,292.605,162,1
12705,15,9,6868.29,763.1433333333333,341,1
12707,292,1,603.42,603.42,0,0
12708,30,10,2712.91,271.291,338,1
12709,15,15,9706.52,647.1013333333334,351,1
12710,97,3,1149.02,383.00666666666666,104,0
12712,29,13,4396.13,338.1638461538462,342,1
12713,1,1,848.55,848.55,0,1
12714,9,5,4708.86,941.772,285,1
12715,106,1,343.36,343.36,0,0
12716,4,2,1053.49,526.745,129,1
12717,151,2,1030.98,515.49,94,0
12718,71,1,238.25,238.25,0,0
12719,5,2,644.95,322.475,59,1
12720,3,25,5781.73,231.2692,366,1
12721,32,6,2656.13,442.6883333333333,323,1
12722,85,4,997.63,249.4075,65,0
12723,4,5,725.07,145.014,61,1
12724,5,4,1031.41,257.8525,327,1
12725,371,1,427.8,427.8,0,0
12726,28,7,2609.1,372.7285714285714,329,1
12727,11,7,3980.7,568.6714285714286,309,1
12728,71,4,836.33,209.0825,261,0
12729,114,1,453.01,453.01,0,0
12731,24,12,18895.91,1574.6591666666666,341,1
12732,180,1,236.26,236.26,0,0
12733,234,1,383.95,383.95,0,0
12734,353,1,110.4,110.4,0,0
12735,315,2,779.5699999999999,389.785,21,0
12736,333,1,234.0,234.0,0,0
12738,372,1,155.35,155.35,0,0
12739,78,2,1013.04,506.52,20,0
12740,64,1,427.6,427.6,0,0
12743,134,2,540.13,270.065,0,0
12744,52,7,21279.29,3039.898571428572,266,1
12747,2,11,4196.01,381.4554545454546,366,1
12748,1,209,33053.19,158.14923444976077,372,1
12749,4,5,4090.88,818.176,209,1
12750,129,1,275.88,275.88,0,0
12752,81,1,4366.78,4366.78,0,0
12753,23,6,21429.39,3571.565,339,1
12754,236,3,3010.74,1003.58,72,0
12755,281,2,3811.95,1905.975,85,0
12756,87,1,112.07999999999998,112.07999999999998,0,0
12757,16,13,7834.650000000001,602.6653846153847,195,1
12758,117,2,2791.59,1395.795,159,0
12759,52,3,1531.44,510.48,223,1
12762,8,2,1898.52,949.26,17,1
12763,138,2,494.08,247.04,230,0
12764,317,1,1693.88,1693.88,0,0
12766,4,7,6989.63,998.5185714285716,362,1
12769,239,1,1143.6,1143.6,0,0
12770,211,1,1351.45,1351.45,0,0
12772,60,1,892.47,892.47,0,0
12775,17,5,1386.04,277.208,294,1
12778,20,6,822.23,137.03833333333333,292,1
12779,38,8,3981.36,497.67,333,1
12781,64,2,826.74,413.37,221,0
12782,5,5,2330.92,466.184,352,1
12783,2,6,2225.91,370.985,73,1
12784,9,2,532.8199999999999,266.41,6,0
12785,364,1,311.95,311.95,0,0
12787,10,3,463.66,154.55333333333334,182,1
12789,65,1,91.85,91.85,0,0
12790,192,1,324.92,324.92,0,0
12791,374,1,192.6,192.6,0,0
12792,257,1,400.54,400.54,0,0
12793,335,2,545.48,272.74,36,0
12794,53,2,860.41,430.205,45,0
12795,19,1,430.48,430.48,0,0
12797,366,1,254.03,254.03,0,0
12798,10,3,6977.04,2325.68,160,1
12802,187,1,427.58,427.58,0,0
12808,37,3,483.65,161.21666666666667,331,0
12809,178,1,489.31,489.31,0,0
12811,261,3,514.85,171.61666666666667,23,0
12812,45,1,229.64,229.64,0,0
12814,102,1,125.92,125.92,0,0
12815,148,2,1063.46,531.73,50,0
12816,96,2,572.2,286.1,80,0
12817,281,1,166.04,166.04,0,0
12818,262,1,1542.08,1542.08,0,0
12820,3,4,942.34,235.585,323,1
12821,214,1,92.72,92.72,0,0
12822,71,2,948.88,474.44,16,0
12823,75,5,1759.5,351.9,221,1
12824,60,1,397.12,397.12,0,0
12826,3,7,1474.72,210.67428571428573,362,1
12827,6,3,430.15,143.38333333333335,38,1
12828,3,6,1018.71,169.785,127,1
12829,337,2,293.0,146.5,23,0
12830,38,6,6814.64,1135.7733333333333,134,1
12831,262,1,215.05,215.05,0,0
12832,32,2,383.03,191.515,65,0
12833,145,1,417.38,417.38,0,0
12834,283,1,312.38,312.38,0,0
12836,59,4,2610.36,652.59,252,1
12837,173,1,134.1,134.1,0,0
12838,34,2,671.95,335.975,340,0
12839,3,14,5591.42,399.38714285714286,364,1
12840,144,4,2726.77,681.6925,82,1
12841,5,25,3991.58,159.6632,367,1
12842,70,2,1118.99,559.495,238,0
12843,66,8,1702.26,212.7825,198,1
12844,29,2,325.96000000000004,162.98000000000002,101,0
12845,267,4,354.09,88.5225,22,0
12847,22,1,843.64,843.64,0,0
12849,31,2,1010.29,505.145,237,0
12851,97,1,131.81,131.81,0,0
12852,295,1,311.55,311.55,0,0
12853,135,6,1957.1,326.18333333333334,181,1
12854,79,3,1316.25,438.75,239,0
12855,373,1,38.1,38.1,0,0
12856,8,6,2170.78,361.7966666666667,55,1
12857,211,2,1106.4,553.2,91,0
12863,52,1,521.2,521.2,0,0
12864,138,1,147.12,147.12,0,0
12865,26,2,1568.23,784.115,97,1
12866,283,1,559.12,559.12,0,0
12867,26,7,4009.34,572.7628571428571,333,1
12868,186,6,1607.0600000000002,267.84333333333336,187,1
12871,84,2,380.64,190.32,123,0
12872,327,2,599.97,299.985,38,0
12873,282,1,374.0,374.0,0,0
12875,143,2,343.2300000000001,171.61500000000004,219,0
12876,58,2,2218.02,1109.01,138,0
12877,4,12,1535.77,127.98083333333334,354,1
12878,236,2,854.99,427.495,29,0
12879,45,3,573.22,191.07333333333332,47,0
12881,276,1,298.0,298.0,0,0
12882,9,2,1463.04,731.52,24,1
12883,25,4,703.47,175.8675,64,1
12884,88,1,309.05,309.05,0,0
12885,63,3,1175.22,391.74,60,0
12886,68,2,1378.4,689.2,151,0
12888,214,2,354.12,177.06,41,0
12890,24,1,376.72,376.72,0,0
12891,186,3,331.0,110.33333333333331,107,0
12893,31,1,176.55,176.55,0,0
12895,42,2,372.8,186.4,44,0
12897,205,2,216.5,108.25,97,0
12901,9,28,17654.54,630.5192857142857,261,1
12902,265,1,138.68,138.68,0,0
12904,18,2,496.06,248.03,154,0
12906,12,5,2919.81,583.962,66,1
12908,176,2,750.0,375.0,136,0
12909,40,5,2178.67,435.734,213,1
12910,23,8,3075.04,384.38,218,1
12912,3,5,1662.3,332.46,37,1
12913,5,5,2483.63,496.726,363,1
12915,149,2,363.65,181.825,223,0
12916,139,4,2944.95,736.2375,181,1
12917,128,1,594.0,594.0,0,0
12919,8,6,1335.19,222.53166666666667,161,1
12920,17,1,162.78,162.78,0,0
12921,9,37,16587.09,448.2997297297297,364,1
12922,161,1,405.38,405.38,0,0
12923,64,1,172.82,172.82,0,0
12924,88,4,933.7,233.425,239,0
12925,5,2,694.05,347.025,70,1
12928,35,5,2062.7000000000003,412.5400000000001,323,1
12929,312,1,117.85,117.85,0,0
12930,78,2,415.8,207.9,93,0
12931,22,15,42055.96,2803.730666666667,336,1
12933,24,3,607.53,202.51,259,0
12935,2,7,2160.7,308.6714285714285,317,1
12936,17,4,1063.9,265.975,61,1
12937,15,4,1504.27,376.0675,252,1
12938,26,1,114.14,114.14,0,0
12939,64,8,11581.8,1447.725,270,1
12940,55,2,899.69,449.845,33,0
12942,131,3,675.6,225.2,234,0
12944,36,2,604.51,302.255,319,0
12945,288,1,462.95,462.95,0,0
12947,144,6,1603.99,267.33166666666665,229,1
12948,16,7,2064.95,294.99285714285713,248,1
12949,31,8,4167.22,520.9025,221,1
12950,2,3,1843.0,614.3333333333334,21,1
12951,9,6,1064.07,177.345,322,1
12952,6,4,1387.79,346.9475,72,1
12953,10,1,329.85,329.85,0,0
12955,1,11,4757.16,432.4690909090909,266,1
12956,306,1,108.07,108.07,0,0
12957,10,8,4017.54,502.1925,329,1
12962,7,2,266.39,133.195,106,0
12963,8,8,1856.63,232.07875,357,1
12965,89,1,769.8100000000001,769.8100000000001,0,0
12966,10,1,160.18,160.18,0,0
12967,358,2,1660.9,830.45,13,0
12968,112,1,135.95,135.95,0,0
12970,7,4,405.47,101.3675,315,1
12971,4,86,11189.91,130.11523255813952,368,1
12974,198,1,144.8,144.8,0,0
12976,212,1,738.6,738.6,0,0
12977,156,1,39.24,39.24,0,0
12980,158,9,7374.900000000001,819.4333333333334,200,1
12981,30,2,372.22,186.11,103,0
12982,243,1,390.54,390.54,0,0
12984,19,1,97.5,97.5,0,0
12985,1,2,1239.38,619.69,27,1
12987,74,2,558.7,279.35,124,0
12988,292,1,505.82,505.82,0,0
12989,3,15,6924.110000000001,461.6073333333334,361,1
12990,31,3,409.5,136.5,278,0
12991,23,2,503.76,251.88,89,0
12993,23,4,414.76,103.69,275,0
12994,4,3,974.42,324.8066666666667,264,1
12995,85,1,211.32,211.32,0,0
12997,22,4,1226.89,306.7225,294,1
12999,196,3,455.88,151.96,49,0
13000,107,3,534.85,178.28333333333333,258,0
13001,4,13,9785.97,752.7669230769231,322,1
13002,318,1,120.95,120.95,0,0
13003,106,3,149.05,49.68333333333334,109,0
13004,12,18,5655.91,314.21722222222223,346,1
13005,174,2,513.7,256.85,72,0
13006,56,1,81.57,81.57,0,0
13008,323,1,229.47,229.47,0,0
13011,372,1,50.55,50.55,0,0
13012,9,8,1646.84,205.855,285,1
13013,1,13,4810.9400000000005,370.0723076923077,370,1
13014,11,10,3466.28,346.628,270,1
13015,53,5,3339.64,667.928,195,1
13016,73,3,789.89,263.2966666666667,49,0
13017,7,1,204.0,204.0,0,0
13018,16,28,7277.7,259.91785714285714,279,1
13021,4,9,2616.38,290.7088888888889,354,1
13023,64,2,689.9,344.95,65,0
13026,1,5,975.36,195.072,274,1
13027,114,6,6912.0,1152.0,240,1
13028,23,2,661.3199999999999,330.66,22,0
13029,31,3,1247.5,415.8333333333333,322,1
13030,11,2,752.4399999999999,376.22,356,1
13032,52,2,1010.18,505.09,34,0
13033,357,1,190.55,190.55,0,0
13034,55,2,642.77,321.385,314,0
13035,74,2,921.88,460.94,186,0
13037,138,3,881.07,293.69,118,0
13038,80,3,908.46,302.82,210,0
13040,9,2,676.99,338.495,24,1
13043,273,1,516.42,516.42,0,0
13044,291,1,560.47,560.47,0,0
13045,99,1,305.28000000000003,305.28000000000003,0,0
13046,31,2,629.31,314.655,235,0
13047,32,10,3237.54,323.754,342,1
13048,14,4,1819.41,454.8525,312,1
13049,64,2,656.6800000000001,328.34000000000003,253,0
13050,15,17,5836.86,343.3447058823529,351,1
13052,212,1,348.15000000000003,348.15000000000003,0,0
13055,78,3,1214.41,404.8033333333333,135,0
13058,25,3,271.40000000000003,90.46666666666668,127,0
13059,250,1,183.4,183.4,0,0
13060,254,1,307.53,307.53,0,0
13061,72,1,248.61,248.61,0,0
13062,191,1,346.98,346.98,0,0
13064,13,4,1105.59,276.3975,314,1
13065,373,1,205.86,205.86,0,0
13066,24,2,470.8,235.4,7,0
13067,82,1,115.46,115.46,0,0
13068,10,2,344.0,172.0,309,0
13069,1,24,4431.44,184.6433333333333,368,1
13070,192,1,228.8,228.8,0,0
13072,267,1,177.15,177.15,0,0
13075,130,1,919.61,919.61,0,0
13077,1,4,728.02,182.005,365,1
13078,3,26,12627.94,485.69,363,1
13079,4,5,220.1,44.02,136,1
13080,179,1,58.08,58.08,0,0
13081,12,11,28337.38,2576.1254545454544,359,1
13082,126,9,3613.63,401.5144444444445,212,1
13083,4,2,303.75,151.875,71,0
13085,158,2,416.08,208.04,137,0
13089,3,97,58762.08,605.7946391752578,366,1
13090,9,14,8910.82,636.4871428571429,364,1
13091,28,1,345.82,345.82,0,0
13092,71,5,477.83,95.566,288,0
13093,276,8,7832.47,979.05875,97,1
13094,21,12,1927.32,160.61,347,1
13095,71,1,74.39999999999999,74.39999999999999,0,0
13097,33,10,6003.22,600.322,327,1
13098,1,28,28882.44,1031.5157142857142,316,1
13099,99,1,207.36,207.36,0,0
13101,234,1,101.19,101.19,0,0
13102,1,24,6424.09,267.67041666666665,363,1
13103,40,1,243.94,243.94,0,0
13104,3,6,1098.48,183.08,351,1
13106,133,1,76.5,76.5,0,0
13107,44,4,1531.62,382.905,289,1
13108,373,1,350.06,350.06,0,0
13109,60,2,786.54,393.27,97,0
13110,31,7,1488.67,212.6671428571429,279,1
13113,1,24,12245.96,510.2483333333334,365,1
13115,12,4,2294.78,573.695,172,1
13116,138,1,501.14,501.14,0,0
13117,22,8,984.91,123.11375,350,1
13118,20,5,1197.81,239.562,269,1
13120,239,1,30.6,30.6,0,0
13121,269,1,283.73,283.73,0,0
13122,94,2,922.39,461.195,146,0
13124,90,3,3756.33,1252.11,269,1
13126,5,8,2099.64,262.455,361,1
13127,78,1,259.17,259.17,0,0
13130,94,1,64.0,64.0,0,0
13131,23,3,1073.3,357.76666666666665,164,1
13132,262,1,77.3,77.3,0,0
13133,274,2,109.8,54.9,30,0
13134,86,4,1793.58,448.395,154,1
13135,197,1,3096.0,3096.0,0,0
13136,56,5,2607.61,521.522,156,1
13137,11,8,3603.29,450.41125,298,1
13138,22,6,962.39,160.39833333333334,350,1
13139,16,7,5064.94,723.5628571428571,243,1
13140,108,3,422.47,140.82333333333335,258,0
13141,85,5,2388.75,477.75,230,1
13142,19,1,307.09,307.09,0,0
13144,333,1,110.95,110.95,0,0
13145,40,4,618.52,154.63,332,0
13146,26,1,228.91,228.91,0,0
13147,10,4,712.8000000000001,178.20000000000002,89,1
13148,29,12,3683.26,306.93833333333333,335,1
13149,14,4,1676.06,419.015,274,1
13151,296,1,1257.87,1257.87,0,0
13153,6,1,486.22,486.22,0,0
13155,33,4,971.76,242.94,335,1
13157,49,4,1741.22,435.305,248,1
13158,95,4,1201.06,300.265,224,0
13159,9,4,1429.35,357.3375,106,1
13160,22,1,91.8,91.8,0,0
13161,313,1,112.75,112.75,0,0
13162,122,4,1688.29,422.0725,212,0
13165,46,2,1021.48,510.74,305,0
13166,283,1,417.2,417.2,0,0
13167,19,4,791.33,197.8325,125,1
13168,36,4,1299.59,324.8975,281,1
13169,64,2,712.88,356.44,188,0
13170,27,1,108.81,108.81,0,0
13171,22,3,468.41,156.13666666666668,277,0
13173,4,2,353.65,176.825,363,1
13174,16,3,2742.82,914.2733333333334,352,1
13176,46,1,481.49,481.49,0,0
13177,65,1,282.45,282.45,0,0
13178,26,11,5725.47,520.4972727272727,334,1
13182,45,1,121.18,121.18,0,0
13183,8,9,3957.78,439.7533333333333,326,1
13184,15,10,1668.95,166.895,275,1
13185,268,1,71.4,71.4,0,0
13186,40,3,1575.89,525.2966666666667,89,1
13187,337,1,236.02,236.02,0,0
13188,11,1,114.6,114.6,0,0
13189,19,2,260.68,130.34,96,0
13192,95,2,911.94,455.97,109,0
13193,61,1,112.08,112.08,0,0
13194,136,1,60.7,60.7,0,0
13196,11,4,1797.78,449.445,250,1
13198,10,6,3401.24,566.8733333333333,351,1
13199,4,38,9817.12,258.34526315789475,363,1
13200,19,4,870.09,217.5225,107,1
13203,10,4,869.46,217.365,232,1
13207,15,2,250.26,125.13,135,0
13208,59,6,1217.65,202.9416666666667,250,1
13209,30,8,5891.61,736.45125,331,1
13210,94,1,353.48,353.48,0,0
13211,10,3,1095.42,365.14,350,1
13212,20,3,786.83,262.2766666666667,41,1
13213,57,5,1520.58,304.116,142,1
13216,268,1,333.74,333.74,0,0
13217,122,3,533.98,177.99333333333334,34,0
13218,127,1,62.63999999999999,62.63999999999999,0,0
13220,78,4,819.2900000000001,204.8225,158,0
13221,240,2,847.41,423.705,119,0
13223,200,2,163.20000000000002,81.60000000000001,31,0
13224,60,2,2155.95,1077.975,91,0
13225,3,7,6463.84,923.4057142857145,358,1
13226,273,1,108.21,108.21,0,0
13227,202,1,257.7,257.7,0,0
13228,81,1,358.0,358.0,0,0
13229,226,1,160.95,160.95,0,0
13230,4,14,2755.63,196.8307142857143,360,1
13232,13,7,1328.35,189.7642857142857,230,1
13233,74,2,605.12,302.56,261,0
13235,212,1,1031.07,1031.07,0,0
13236,25,2,744.85,372.425,82,0
13238,17,4,700.73,175.1825,343,1
13239,262,1,329.56,329.56,0,0
13240,96,4,663.65,165.9125,269,0
13242,112,3,270.40000000000003,90.13333333333334,101,0
13243,203,1,585.12,585.12,0,0
13244,93,1,121.74,121.74,0,0
13245,51,1,430.5,430.5,0,0
13246,18,6,1961.52,326.92,312,1
13247,18,4,501.12,125.28,64,1
13248,125,2,465.68,232.84,64,0
13249,92,3,711.41,237.13666666666663,168,0
13253,157,2,1030.4,515.2,182,0
13255,9,2,399.51,199.755,364,0
13258,12,3,672.83,224.27666666666667,193,1
13259,62,1,283.18,283.18,0,0
13260,61,1,557.62,557.62,0,0
13261,269,2,944.1,472.05,17,0
13262,263,1,200.29,200.29,0,0
13263,1,35,7436.93,212.48371428571429,323,1
13265,53,5,2092.66,418.532,220,1
13266,11,12,3834.26,319.52166666666665,245,1
13267,3,19,4521.49,237.97315789473683,364,1
13268,18,11,3174.75,288.6136363636364,249,1
13269,1,15,5343.28,356.21866666666665,368,1
13270,366,1,590.0,590.0,0,0
13271,37,1,211.49,211.49,0,0
13272,31,2,276.56,138.28,58,0
13273,113,1,138.98,138.98,0,0
13276,64,2,590.9300000000001,295.46500000000003,36,0
13277,16,4,258.4,64.6,117,0
13278,41,1,542.73,542.73,0,0
13279,78,1,137.75,137.75,0,0
13280,122,3,798.46,266.15333333333336,214,0
13282,18,3,1132.14,377.38000000000005,202,1
13283,60,2,93.66,46.83,125,0
13284,331,1,201.19,201.19,0,0
13285,23,4,2709.12,677.28,266,1
13291,156,1,361.11,361.11,0,0
13292,39,2,578.9399999999999,289.47,245,0
13294,190,2,873.74,436.87,59,0
13295,360,1,201.2,201.2,0,0
13296,137,1,87.4,87.4,0,0
13297,8,4,2089.85,522.4625,59,1
13298,1,1,360.0,360.0,0,1
13299,268,1,142.5,142.5,0,0
13300,169,1,371.89,371.89,0,0
13301,104,4,618.09,154.5225,188,0
13302,155,1,63.75,63.75,0,0
13304,351,1,300.42,300.42,0,0
13305,4,10,2000.86,200.086,368,1
13307,120,1,15.0,15.0,0,0
13308,23,3,1385.51,461.8366666666666,180,1
13309,7,5,1456.79,291.358,301,1
13310,28,3,1132.03,377.3433333333333,296,1
13311,4,2,598.57,299.285,145,1
13313,22,5,1555.32,311.064,317,1
13314,2,3,775.94,258.6466666666667,72,1
13316,37,4,5732.93,1433.2325,217,1
13317,66,6,2273.68,378.94666666666666,292,1
13318,1,3,640.76,213.58666666666667,36,1
13319,5,26,10845.55,417.1365384615385,360,1
13320,78,4,1532.2,383.05,135,1
13321,72,2,567.36,283.68,14,0
13322,17,1,199.48,199.48,0,0
13323,3,5,787.85,157.57,81,1
13324,36,10,7121.95,712.1949999999999,324,1
13325,82,1,675.3,675.3,0,0
13327,39,8,3627.77,453.47125,326,1
13328,316,1,1308.48,1308.48,0,0
13329,32,2,789.0,394.5,335,0
13330,93,3,1140.93,380.31,223,0
13332,14,1,350.9,350.9,0,0
13334,82,3,3502.32,1167.44,223,1
13336,77,1,795.12,795.12,0,0
13338,158,1,487.02,487.02,0,0
13339,201,1,860.12,860.12,0,0
13340,45,7,10736.48,1533.782857142857,231,1
13341,261,1,775.85,775.85,0,0
13343,178,1,353.43,353.43,0,0
13344,68,3,2511.69,837.23,209,1
13345,288,1,389.5,389.5,0,0
13347,70,1,341.36,341.36,0,0
13348,64,1,233.76,233.76,0,0
13349,11,1,247.32,247.32,0,0
13350,16,2,979.12,489.56,63,1
13351,66,1,373.94,373.94,0,0
13352,60,1,397.98,397.98,0,0
13354,71,1,743.53,743.53,0,0
13355,122,1,674.7,674.7,0,0
13356,80,1,768.24,768.24,0,0
13357,257,1,609.4,609.4,0,0
13358,269,1,439.03,439.03,0,0
13359,64,1,439.56,439.56,0,0
13362,9,4,3090.74,772.6850000000001,278,1
13363,18,2,992.5,496.25,26,0
13364,71,1,134.95999999999998,134.95999999999998,0,0
13365,34,2,2225.37,1112.685,184,1
13366,50,1,56.16,56.16,0,0
13368,257,2,623.4,311.7,80,0
13369,366,1,308.28000000000003,308.28000000000003,0,0
13370,372,1,754.87,754.87,0,0
13372,90,1,378.64,378.64,0,0
13373,61,3,3312.25,1104.0833333333333,215,1
13375,89,1,778.65,778.65,0,0
13376,99,3,1019.76,339.92,135,0
13379,26,3,572.56,190.85333333333327,110,0
13381,32,6,3639.31,606.5516666666666,267,1
13382,281,1,222.99,222.99,0,0
13384,31,7,4151.93,593.1328571428572,147,1
13385,330,1,534.57,534.57,0,0
13388,131,2,677.1,338.55,0,0
13389,11,3,797.96,265.9866666666667,221,1
13390,75,1,544.08,544.08,0,0
13391,204,1,59.8,59.8,0,0
13394,2,8,2520.02,315.0025,308,1
13395,185,1,307.72,307.72,0,0
13396,29,2,1360.99,680.495,290,0
13397,73,5,1544.13,308.826,266,1
13398,192,1,457.34,457.34,0,0
13402,127,2,621.23,310.615,244,0
13403,18,1,75.0,75.0,0,0
13404,1,2,252.49,126.245,211,1
13405,74,3,572.451,190.817,243,0
13408,2,62,28117.04,453.5006451612903,371,1
13410,24,5,1003.06,200.612,267,1
13411,107,1,213.55,213.55,0,0
13414,134,3,1390.5,463.5,162,0
13416,44,2,712.5,356.25,37,0
13417,5,2,640.83,320.415,200,1
13418,12,18,6127.43,340.4127777777778,360,1
13419,64,1,221.06,221.06,0,0
13420,150,2,159.85,79.925,20,0
13421,40,2,1833.71,916.855,249,0
13422,64,1,2626.3,2626.3,0,0
13425,108,3,1624.21,541.4033333333333,186,0
13426,1,10,3641.32,364.132,358,1
13427,19,3,582.6,194.2,195,0
13428,10,1,201.78,201.78,0,0
13429,11,4,1006.8,251.7,64,1
13430,19,2,679.45,339.725,67,0
13431,67,2,1269.1,634.55,21,0
13434,74,2,534.24,267.12,22,0
13435,5,7,3809.89,544.2700000000001,183,1
13436,2,1,196.89,196.89,0,0
13437,14,7,3408.06,486.8657142857143,175,1
13439,255,1,283.71,283.71,0,0
13441,92,1,296.64,296.64,0,0
13447,23,3,1129.14,376.38000000000005,12,1
13448,17,6,3534.69,589.115,357,1
13449,24,1,291.88,291.88,0,0
13450,27,6,2043.72,340.61999999999995,191,1
13451,26,5,2898.26,579.6519999999999,308,1
13452,259,2,590.0,295.0,11,0
13453,166,2,356.98,178.48999999999998,123,0
13455,25,2,1058.34,529.17,341,0
13456,18,6,1766.72,294.4533333333333,189,1
13458,7,14,9646.57,689.0407142857142,352,1
13460,29,2,183.44,91.72,20,0
13461,39,3,1445.0,481.6666666666667,124,1
13462,253,1,151.5,151.5,0,0
13464,58,1,674.68,674.68,0,0
13466,184,1,307.9,307.9,0,0
13467,11,2,1071.91,535.955,25,1
13468,2,37,5704.97,154.1883783783784,371,1
13470,99,2,165.0,82.5,15,0
13471,1,4,2501.84,625.46,46,1
13473,61,2,422.64,211.32,272,0
13474,236,1,226.84,226.84,0,0
13475,191,4,1431.78,357.945,107,0
13476,179,2,1238.47,619.235,102,0
13477,38,6,1454.58,242.43,253,1
13479,201,2,300.95,150.475,33,0
13481,46,5,1804.56,360.912,211,1
13482,232,1,184.64,184.64,0,0
13483,66,1,140.34,140.34,0,0
13484,241,1,313.8,313.8,0,0
13485,233,1,454.24,454.24,0,0
13486,78,3,1122.41,374.1366666666667,76,0
13487,58,3,575.4,191.8,295,0
13488,17,13,8968.31,689.87,350,1
13489,105,4,449.52,112.38,189,0
13491,52,10,1215.82,121.582,320,1
13492,136,3,1269.84,423.28,78,0
13493,275,2,618.63,309.315,11,0
13494,312,1,316.26000000000005,316.26000000000005,0,0
13495,8,5,2044.87,408.9740000000001,360,1
13496,11,2,653.33,326.665,349,0
13497,283,2,348.05,174.025,85,0
13499,18,5,1159.11,231.822,252,1
13500,23,3,1166.77,388.92333333333335,99,1
13501,288,1,1340.32,1340.32,0,0
13502,17,3,292.0,97.33333333333331,307,0
13503,71,1,216.85,216.85,0,0
13504,64,1,295.93,295.93,0,0
13505,73,4,4393.63,1098.4075,159,1
13506,316,2,458.52,229.26,53,0
13507,3,4,2479.16,619.79,142,1
13508,244,1,110.97,110.97,0,0
13509,9,7,979.72,139.96,275,1
13510,1,4,1791.56,447.89,182,1
13512,261,1,251.21,251.21,0,0
13513,127,1,205.1,205.1,0,0
13514,74,1,152.20000000000002,152.20000000000002,0,0
13515,73,4,891.12,222.78,175,0
13516,21,3,1389.41,463.1366666666667,217,1
13517,60,3,2128.42,709.4733333333334,120,1
13518,86,1,627.16,627.16,0,0
13519,78,1,122.75,122.75,0,0
13520,59,6,3624.35,604.0583333333333,312,1
13521,1,3,1071.73,357.24333333333334,8,1
13522,30,1,125.8,125.8,0,0
13523,33,5,3964.88,792.976,333,1
13524,41,5,680.1800000000001,136.036,179,1
13525,15,2,628.78,314.39,233,0
13527,34,7,2242.36,320.33714285714285,293,1
13529,79,2,307.76,153.88,125,0
13531,205,2,483.8,241.9,161,0
13532,34,1,210.31,210.31,0,0
13533,183,3,269.09,89.69666666666666,84,0
13534,2,25,5870.08,234.8032,355,1
13536,1,7,3444.39,492.0557142857143,74,1
13538,43,7,1280.85,182.97857142857143,272,1
13539,86,3,631.34,210.4466666666667,223,0
13544,40,2,276.06,138.03,200,0
13546,12,3,621.09,207.03,188,1
13548,96,2,678.16,339.08,147,0
13549,26,7,918.2,131.17142857142858,216,1
13551,319,1,91.8,91.8,0,0
13552,66,12,3740.07,311.6725,249,1
13555,74,4,4098.88,1024.72,128,1
13557,28,2,584.06,292.03,252,0
13558,6,4,594.52,148.63,62,1
13560,7,1,171.42000000000002,171.42000000000002,0,0
13561,216,1,141.86,141.86,0,0
13562,82,3,1799.33,599.7766666666666,163,0
13563,84,2,777.53,388.765,55,0
13564,144,3,1724.67,574.89,223,0
13565,19,2,240.22,120.11,315,0
13566,41,2,856.84,428.42,41,0
13568,173,1,187.05,187.05,0,0
13569,17,2,338.62,169.31,350,0
13570,243,1,239.49,239.49,0,0
13571,13,12,2088.94,174.07833333333335,240,1
13572,206,1,1384.25,1384.25,0,0
13573,50,2,290.25,145.125,202,0
13575,23,5,732.0699999999999,146.414,152,1
13576,10,18,6717.34,373.18555555555554,362,1
13577,25,4,1687.6,421.9,216,1
13579,15,2,467.04,233.52,354,0
13581,309,1,118.0,118.0,0,0
13583,156,1,781.03,781.03,0,0
13584,307,1,142.4,142.4,0,0
13587,64,1,712.4,712.4,0,0
13588,16,9,2478.95,275.43888888888887,239,1
13589,15,2,379.65,189.825,164,0
13590,11,6,1981.92,330.32,291,1
13591,65,3,1117.13,372.3766666666667,202,0
13592,36,4,247.96,61.99,228,0
13593,108,5,2011.88,402.376,227,1
13594,53,1,396.97,396.97,0,0
13596,6,2,664.11,332.055,7,1
13598,47,1,160.04,160.04,0,0
13599,1,21,5149.92,245.2342857142857,365,1
13600,312,1,219.52,219.52,0,0
13601,45,2,693.32,346.66,166,0
13602,65,1,428.89,428.89,0,0
13603,26,1,164.34,164.34,0,0
13606,29,3,276.75,92.25,282,0
13607,40,1,675.51,675.51,0,0
13610,12,7,1082.33,154.6185714285714,273,1
13611,89,3,1154.4,384.8,270,0
13614,24,4,1585.46,396.365,306,1
13615,319,1,417.69,417.69,0,0
13617,40,3,544.18,181.3933333333333,140,0
13618,174,1,177.34,177.34,0,0
13621,117,1,213.85,213.85,0,0
13623,31,5,727.74,145.548,266,1
13626,253,1,257.23,257.23,0,0
13627,59,5,1638.47,327.694,298,1
13629,23,11,7792.36,708.3963636363636,315,1
13630,5,7,2031.78,290.2542857142857,280,1
13631,100,11,3070.42,279.1290909090909,167,1
13632,25,5,2118.93,423.786,218,1
13634,33,5,1547.36,309.47200000000004,293,1
13635,68,1,1071.03,1071.03,0,0
13636,37,5,949.12,189.824,248,1
13637,52,3,804.3,268.1,174,0
13638,16,1,122.64,122.64,0,0
13639,74,1,1033.34,1033.34,0,0
13642,216,1,312.28,312.28,0,0
13643,31,3,519.44,173.14666666666668,154,0
13644,16,4,2624.26,656.065,89,1
13645,120,1,252.1,252.1,0,0
13647,10,4,1648.12,412.03,225,1
13649,257,2,346.6,173.3,109,0
13650,17,6,1836.34,306.0566666666667,250,1
13651,35,2,94.2,47.1,4,0
13652,46,3,1095.08,365.0266666666666,322,0
13654,43,6,2707.33,451.2216666666666,230,1
13655,114,2,932.97,466.485,127,0
13656,165,2,379.65,189.825,172,0
13657,11,2,382.14,191.07,190,0
13658,10,5,2639.17,527.8340000000001,194,1
13659,206,2,1563.0,781.5,115,0
13662,86,3,881.26,293.75333333333333,173,0
13663,179,1,189.47,189.47,0,0
13666,60,3,84.65,28.21666666666667,227,0
13667,149,1,299.05,299.05,0,0
13668,3,21,6309.83,300.46809523809526,359,1
13669,51,2,218.55,109.275,98,0
13670,75,1,349.7,349.7,0,0
13672,301,2,186.39,93.195,30,0
13673,19,2,387.44,193.72,13,0
13675,151,2,486.8200000000001,243.41000000000005,133,0
13678,152,1,232.6,232.6,0,0
13680,1,4,3719.12,929.78,337,1
13681,18,4,827.83,206.9575,137,1
13682,187,1,59.5,59.5,0,0
13684,286,1,65.13,65.13,0,0
13685,3,7,3119.44,445.63428571428574,57,1
13686,183,1,72.0,72.0,0,0
13689,63,1,910.0,910.0,0,0
13690,59,1,172.25,172.25,0,0
13692,25,3,1488.32,496.1066666666666,211,1
13694,4,50,65039.62,1300.7924,369,1
13695,31,15,2504.13,166.942,228,1
13697,39,1,151.29999999999998,151.29999999999998,0,0
13699,155,1,308.58000000000004,308.58000000000004,0,0
13700,26,10,2248.63,224.863,300,1
13703,318,1,99.5,99.5,0,0
13704,5,9,2308.06,256.4511111111111,83,1
13705,8,3,711.86,237.28666666666663,366,1
13706,303,1,330.79,330.79,0,0
13707,267,2,806.41,403.205,48,0
13708,271,1,285.33,285.33,0,0
13709,4,13,6307.650000000001,485.2038461538462,311,1
13710,32,1,180.48,180.48,0,0
13711,219,2,252.06,126.03,0,0
13712,247,1,228.84,228.84,0,0
13715,281,5,1077.39,215.478,91,0
13716,269,1,138.28,138.28,0,0
13717,32,6,1445.01,240.835,266,1
13718,246,2,306.55,153.275,49,0
13719,15,5,1041.68,208.336,219,1
13720,117,4,799.9,199.975,138,0
13721,36,1,524.14,524.14,0,0
13722,132,3,2375.41,791.8033333333333,151,0
13723,217,1,199.85,199.85,0,0
13725,50,8,1980.56,247.57,258,1
13726,39,2,1079.66,539.8299999999999,61,0
13727,29,2,333.48,166.74,4,0
13728,37,6,1016.14,169.35666666666663,273,1
13730,136,2,752.6,376.3,25,0
13731,219,2,610.59,305.295,27,0
13732,28,1,491.86,491.86,0,0
13735,25,4,2883.54,720.885,209,1
13736,5,2,729.8,364.9,255,1
13737,200,1,339.6,339.6,0,0
13739,18,1,216.9,216.9,0,0
13740,241,1,350.75,350.75,0,0
13741,72,3,668.4300000000001,222.81000000000003,145,0
13742,17,12,3107.87,258.9891666666667,303,1
13743,3,7,1341.6,191.65714285714284,256,1
13744,95,2,1080.52,540.26,197,0
13745,162,1,300.04,300.04,0,0
13747,374,1,79.6,79.6,0,0
13748,96,5,948.25,189.65,278,0
13750,54,5,1647.26,329.452,283,1
13751,288,1,296.25,296.25,0,0
13752,124,6,1175.38,195.89666666666668,122,1
13753,288,1,741.26,741.26,0,0
13754,152,2,282.6,141.29999999999998,165,0
13755,4,9,2108.06,234.2288888888889,59,1
13756,2,14,5189.52,370.68,365,1
13758,12,7,3190.55,455.79285714285714,361,1
13759,33,2,659.4100000000001,329.70500000000004,37,0
13760,54,2,286.79,143.395,202,0
13761,50,2,1070.65,535.325,129,0
13762,219,1,306.72,306.72,0,0
13763,63,1,1714.96,1714.96,0,0
13764,71,3,1519.42,506.47333333333336,266,0
13767,2,37,17220.36,465.41513513513513,371,1
13769,2,10,2796.51,279.651,365,1
13771,64,4,2634.45,658.6125,182,1
13772,34,3,1122.63,374.21,205,1
13774,82,1,345.0,345.0,0,0
13777,1,33,25977.16,787.1866666666666,372,1
13778,103,1,178.7,178.7,0,0
13780,7,2,360.01,180.005,163,0
13781,251,1,127.84,127.84,0,0
13782,13,6,908.86,151.47666666666666,315,1
13784,10,11,2462.79,223.89,322,1
13786,367,1,230.4,230.4,0,0
13787,76,2,309.04,154.52,288,0
13790,4,1,348.8,348.8,0,0
13791,128,2,1516.0,758.0,40,0
13792,66,2,195.55,97.775,221,0
13798,1,57,37153.85,651.8219298245614,370,1
13799,117,2,688.86,344.43,177,0
13800,310,1,558.32,558.32,0,0
13801,67,1,324.8,324.8,0,0
13802,139,3,4599.42,1533.14,172,1
13803,255,1,277.07,277.07,0,0
13804,31,7,2588.39,369.77,259,1
13805,52,2,924.6,462.3,76,0
13806,64,1,256.38,256.38,0,0
13807,367,1,112.6,112.6,0,0
13808,6,5,1747.66,349.53200000000004,91,1
13809,305,1,155.05,155.05,0,0
13810,29,3,1499.01,499.67,27,1
13811,184,3,814.5,271.5,55,0
13812,42,3,539.0,179.66666666666666,63,0
13813,40,4,1366.86,341.71500000000003,95,1
13814,92,2,1579.12,789.56,44,0
13815,22,4,4027.36,1006.84,296,1
13816,24,2,571.6700000000001,285.83500000000004,40,0
13817,29,2,382.98,191.49,322,0
13819,302,3,1140.35,380.1166666666666,18,0
13821,145,2,385.64,192.82,116,0
13822,6,2,632.0,316.0,34,1
13823,19,2,957.66,478.83,72,0
13824,33,5,1698.94,339.788,277,1
13826,176,1,189.5,189.5,0,0
13827,58,3,409.8,136.6,85,0
13828,22,1,209.49,209.49,0,0
13831,16,6,2198.45,366.4083333333333,353,1
13832,19,1,52.2,52.2,0,0
13833,159,1,383.85,383.85,0,0
13835,25,4,834.57,208.6425,190,1
13837,212,2,266.59000000000003,133.29500000000002,105,0
13838,6,4,674.82,168.705,364,1
13841,253,1,85.0,85.0,0,0
13842,59,9,3385.62,376.18,308,1
13844,11,1,361.62,361.62,0,0
13845,65,1,312.98,312.98,0,0
13846,25,3,865.0600000000001,288.3533333333333,335,1
13848,92,3,1255.0,418.3333333333333,273,0
13849,52,2,1537.95,768.975,119,0
13850,129,1,1595.48,1595.48,0,0
13851,96,3,2651.46,883.82,192,1
13853,57,1,1090.14,1090.14,0,0
13854,9,25,8109.519999999999,324.3808,356,1
13856,169,3,388.5,129.5,34,0
13858,57,1,216.17,216.17,0,0
13859,326,1,201.16,201.16,0,0
13860,1,5,1245.9,249.18,85,1
13862,18,8,2209.36,276.17,314,1
13863,248,1,305.78,305.78,0,0
13865,58,4,501.56,125.39,231,0
13866,74,1,145.67000000000002,145.67000000000002,0,0
13867,31,3,1005.09,335.03000000000003,186,1
13868,7,2,3192.54,1596.27,31,1
13869,123,4,3083.65,770.9125,233,1
13870,2,8,2770.94,346.3675,285,1
13871,23,13,6403.25,492.5576923076923,286,1
13873,120,3,389.6,129.86666666666667,190,0
13874,358,1,540.45,540.45,0,0
13875,54,5,1786.79,357.358,247,1
13876,64,1,122.7,122.7,0,0
13877,86,1,117.24,117.24,0,0
13878,55,1,1271.57,1271.57,0,0
13880,21,13,3219.77,247.67461538461535,345,1
13881,4,20,17159.52,857.976,308,1
13882,3,5,1191.13,238.22600000000003,61,1
13883,11,5,2674.48,534.896,242,1
13884,7,5,787.6,157.52,276,1
13885,189,2,506.8,253.4,11,0
13886,71,1,243.56,243.56,0,0
13887,204,1,349.55,349.55,0,0
13888,120,2,595.67,297.835,98,0
13889,93,1,416.9,416.9,0,0
13890,1,10,1883.81,188.38100000000003,357,1
13892,27,4,632.97,158.2425,219,1
13893,298,1,821.1,821.1,0,0
13894,24,3,564.62,188.20666666666668,286,0
13895,28,4,2593.07,648.2675,136,1
13897,50,1,311.16,311.16,0,0
13898,326,1,155.93,155.93,0,0
13899,16,2,388.52,194.26,258,0
13900,183,3,740.95,246.98333333333332,79,0
13901,72,5,2867.2,573.4399999999999,246,1
13904,37,2,332.64,166.32,257,0
13908,80,4,2369.55,592.3875,196,1
13911,57,9,2580.91,286.7677777777778,251,1
13914,12,2,626.45,313.225,24,0
13917,50,2,272.04,136.02,141,0
13918,50,2,1212.84,606.4200000000001,203,0
13919,59,2,384.81,192.405,62,0
13922,352,1,172.25,172.25,0,0
13923,54,1,351.13,351.13,0,0
13924,2,6,1838.85,306.475,70,1
13925,93,4,678.25,169.5625,42,0
13926,23,1,223.85,223.85,0,0
13927,75,1,348.99,348.99,0,0
13928,11,4,464.57,116.1425,122,1
13929,169,2,842.65,421.325,157,0
13930,58,2,337.34,168.67,78,0
13931,96,2,1237.53,618.765,185,0
13932,295,1,307.4,307.4,0,0
13933,109,2,608.7900000000001,304.39500000000004,39,0
13934,264,1,922.1,922.1,0,0
13936,180,1,376.58,376.58,0,0
13937,169,1,158.85,158.85,0,0
13938,35,1,71.66,71.66,0,0
13939,23,3,568.55,189.51666666666665,288,0
13940,17,4,839.14,209.785,126,1
13941,22,5,5112.96,1022.592,350,1
13946,79,3,561.5699999999999,187.19,188,0
13947,65,1,90.6,90.6,0,0
13948,361,1,102.0,102.0,0,0
13949,3,6,2427.32,404.5533333333333,91,1
13950,11,4,745.06,186.265,235,1
13951,176,3,674.45,224.8166666666667,118,0
13952,218,2,3251.071,1625.5355,20,0
13953,7,7,3515.68,502.24,345,1
13954,2,2,439.92,219.96,69,1
13955,154,2,322.96,161.48,151,0
13956,5,5,1019.27,203.854,266,1
13959,79,3,594.04,198.0133333333333,283,0
13960,21,2,230.22,115.11,50,0
13962,22,2,169.55,84.775,223,0
13963,308,4,664.54,166.135,59,0
13967,146,1,80.7,80.7,0,0
13969,7,18,9024.17,501.34277777777777,357,1
13971,19,8,2758.26,344.7825,266,1
13972,71,2,190.25,95.125,131,0
13973,287,1,264.7,264.7,0,0
13974,49,1,413.59,413.59,0,0
13975,31,6,2461.24,410.2066666666667,245,1
13976,207,1,357.98,357.98,0,0
13978,15,2,196.79,98.395,30,0
13979,73,1,869.87,869.87,0,0
13980,60,1,200.14,200.14,0,0
13982,39,4,1871.81,467.9525,326,1
13983,30,12,2603.43,216.9525,337,1
13984,27,5,920.51,184.102,339,1
13985,4,15,7060.13,470.67533333333336,260,1
13986,17,1,320.46,320.46,0,0
13988,20,6,4147.96,691.3266666666667,234,1
13989,66,2,1266.08,633.04,173,0
13990,213,1,311.3,311.3,0,0
13991,12,6,852.88,142.14666666666668,131,1
13992,30,1,76.8,76.8,0,0
13993,43,9,3466.36,385.1511111111111,287,1
13994,4,6,2274.14,379.0233333333333,144,1
13995,15,5,1393.69,278.738,230,1
13999,10,12,3901.81,325.1508333333333,351,1
14000,211,1,635.66,635.66,0,0
14001,46,3,2043.08,681.0266666666668,327,1
14002,134,2,529.73,264.865,22,0
14004,43,7,4582.64,654.6628571428572,245,1
14005,10,5,2874.72,574.944,206,1
14006,116,3,962.19,320.73,196,0
14009,198,2,695.61,347.805,7,0
14012,278,1,328.8,328.8,0,0
14013,110,3,473.02,157.67333333333332,165,0
14014,77,1,505.18,505.18,0,0
14015,53,1,917.34,917.34,0,0
14016,162,4,4341.21,1085.3025,195,1
14019,47,3,1421.61,473.87,91,1
14020,17,2,642.8,321.4,71,0
14021,155,3,631.9,210.63333333333333,101,0
14022,225,1,440.0,440.0,0,0
14023,7,2,584.07,292.035,242,1
14024,122,2,327.7,163.85,2,0
14027,61,1,104.82,104.82,0,0
14029,63,2,467.66,233.83,80,0
14030,18,8,2358.84,294.855,348,1
14031,7,19,17286.86,909.8347368421051,365,1
14032,2,11,2975.59,270.5081818181818,364,1
14034,22,3,648.89,216.29666666666665,135,0
14035,29,5,1428.02,285.604,268,1
14036,285,1,626.65,626.65,0,0
14037,176,2,147.20000000000002,73.60000000000001,188,0
14038,78,3,1560.38,520.1266666666667,128,0
14039,33,1,152.2,152.2,0,0
14040,41,12,3560.32,296.6933333333333,290,1
14041,266,1,141.41,141.41,0,0
14044,27,4,646.42,161.605,283,1
14045,109,4,1659.75,414.9375,264,0
14046,284,1,154.99,154.99,0,0
14047,9,5,1308.61,261.72200000000004,364,1
14048,305,1,409.93,409.93,0,0
14049,17,4,5578.72,1394.68,301,1
14050,32,2,746.36,373.18,74,0
14051,1,23,15610.39,678.7126086956522,365,1
14052,20,1,225.36,225.36,0,0
14053,124,2,260.25,130.125,35,0
14054,65,1,92.46,92.46,0,0
14055,106,1,725.6400000000001,725.6400000000001,0,0
14056,1,23,8152.71,354.46565217391304,282,1
14057,24,17,6211.66,365.3917647058824,336,1
14059,267,1,183.6,183.6,0,0
14060,5,19,6140.42,323.18,368,1
14062,10,12,10464.85,872.0708333333333,354,1
14064,29,5,1334.34,266.868,245,1
14066,267,1,152.55,152.55,0,0
14067,64,2,374.7,187.35,32,0
14068,320,1,265.85,265.85,0,0
14071,4,8,1437.57,179.69625,261,1
14073,32,1,151.04,151.04,0,0
14075,5,3,942.26,314.08666666666664,256,1
14076,129,1,118.67,118.67,0,0
14077,41,5,499.42,99.884,233,0
14078,102,6,1049.37,174.89499999999998,271,1
14079,125,1,375.1,375.1,0,0
14080,33,1,45.6,45.6,0,0
14081,302,2,921.62,460.81,67,0
14082,365,1,182.25,182.25,0,0
14083,4,9,1002.9,111.43333333333334,367,1
14085,2,18,4421.29,245.62722222222223,366,1
14087,3,1,191.47,191.47,0,0
14088,10,13,50491.81,3883.9853846153846,312,1
14089,57,1,158.75,158.75,0,0
14090,325,1,76.32000000000001,76.32000000000001,0,0
14092,8,14,4076.91,291.2078571428571,350,1
14093,12,1,433.86,433.86,0,0
14096,4,17,65164.79,3833.222941176471,97,1
14098,37,1,147.35,147.35,0,0
14099,16,11,3104.17,282.1972727272727,338,1
14100,138,1,191.95,191.95,0,0
14101,74,6,5976.79,996.1316666666668,252,1
14102,5,5,1105.88,221.176,39,1
14104,155,2,216.21,108.105,11,0
14105,239,1,1266.23,1266.23,0,0
14107,52,7,2703.23,386.1757142857143,312,1
14108,31,2,597.91,298.955,70,0
14109,73,1,144.2,144.2,0,0
14110,4,12,5683.15,473.5958333333333,263,1
14111,14,4,692.85,173.2125,227,1
14112,23,7,2915.15,416.45,253,1
14113,4,4,1840.42,460.105,351,1
14114,274,2,386.53,193.265,56,0
14116,20,5,1382.74,276.548,101,1
14117,144,1,90.0,90.0,0,0
14121,4,4,2780.15,695.0375,56,1
14124,84,1,419.58,419.58,0,0
14125,11,3,2720.63,906.8766666666668,67,1
14126,8,3,706.1300000000001,235.3766666666667,2,1
14127,123,3,709.71,236.57,187,0
14128,61,2,637.5,318.75,195,0
14129,2,5,1123.86,224.772,259,1
14130,319,1,480.91,480.91,0,0
14132,2,11,3586.03,326.00272727272727,181,1
14133,130,3,605.64,201.88,186,0
14135,2,15,4690.31,312.68733333333336,371,1
14138,2,2,965.88,482.94000000000005,62,1
14139,46,1,415.82,415.82,0,0
14140,4,2,935.05,467.525,27,1
14141,3,4,915.13,228.7825,102,1
14142,373,1,311.81,311.81,0,0
14143,134,1,115.8,115.8,0,0
14145,47,4,3742.2,935.55,170,1
14146,9,5,4191.0,838.2,348,1
14147,78,2,483.4,241.7,207,0
14148,234,1,157.2,157.2,0,0
14149,221,1,446.62,446.62,0,0
14150,36,2,658.64,329.32,324,0
14152,75,2,621.29,310.645,158,0
14154,239,2,1345.62,672.81,0,0
14155,266,1,118.75,118.75,0,0
14156,10,55,117210.08,2131.092363636364,361,1
14157,20,2,424.89,212.445,265,0
14158,40,1,507.66,507.66,0,0
14159,20,11,4630.35,420.94090909090914,343,1
14161,216,3,1097.62,365.8733333333334,153,0
14162,174,2,289.36,144.68,118,0
14163,87,4,2445.91,611.4775,151,1
14164,71,2,1631.77,815.885,10,0
14165,276,1,120.44,120.44,0,0
14167,39,4,562.59,140.6475,291,0
14171,98,1,363.79,363.79,0,0
14173,11,4,450.84,112.71,208,1
14174,33,1,134.46,134.46,0,0
14175,60,3,3222.3,1074.1,269,1
14176,297,4,576.9000000000001,144.22500000000002,70,0
14177,86,4,549.46,137.365,93,0
14178,9,7,1600.26,228.60857142857145,173,1
14179,41,2,701.57,350.785,11,0
14180,11,25,4748.52,189.9408,361,1
14184,67,1,452.89,452.89,0,0
14185,331,1,197.65,197.65,0,0
14188,31,6,2054.36,342.3933333333334,279,1
14189,2,15,4654.08,310.272,366,1
14191,2,13,4684.76,360.36615384615385,218,1
14193,68,2,853.39,426.695,201,0
14194,5,21,11349.52,540.4533333333334,303,1
14195,202,2,1012.0,506.0,50,0
14196,107,1,335.52,335.52,0,0
14198,18,4,701.4,175.35,221,1
14199,218,1,185.4,185.4,0,0
14201,60,7,747.44,106.77714285714286,299,1
14204,2,1,150.61,150.61,0,0
14205,17,2,466.7,233.35,247,0
14206,239,1,328.16,328.16,0,0
14208,95,1,151.74,151.74,0,0
14209,11,6,2073.43,345.57166666666666,321,1
14210,106,6,1905.84,317.64000000000004,265,1
14211,53,9,2241.1,249.0111111111111,241,1
14212,90,1,1070.48,1070.48,0,0
14214,31,5,1004.38,200.876,246,1
14215,12,6,1789.72,298.2866666666667,356,1
14216,3,4,1839.3,459.825,34,1
14217,2,17,2004.98,117.94,364,1
14218,43,1,169.48000000000002,169.48000000000002,0,0
14219,4,1,89.94,89.94,0,0
14220,247,2,632.4,316.2,110,0
14221,42,9,3432.8,381.4222222222222,296,1
14222,177,1,683.17,683.17,0,0
14223,92,3,991.13,330.37666666666667,171,0
14224,110,4,1009.73,252.4325,209,0
14226,29,5,2214.79,442.958,240,1
14227,26,10,3350.96,335.096,258,1
14229,52,3,1547.2,515.7333333333333,281,1
14231,184,3,925.71,308.57,104,0
14232,43,5,2048.07,409.614,221,1
14233,49,4,1462.72,365.68,268,1
14234,22,4,754.12,188.53,35,1
14235,75,5,3144.86,628.972,185,1
14236,81,2,490.86,245.43,291,0
14237,373,1,161.0,161.0,0,0
14238,326,1,146.85,146.85,0,0
14239,43,11,2380.85,216.4409090909091,272,1
14240,30,2,890.34,445.17,195,0
14241,184,1,213.7,213.7,0,0
14242,235,2,280.55,140.275,91,0
14243,9,10,2588.77,258.877,357,1
14245,220,2,1693.45,846.725,43,0
14246,111,3,1474.06,491.3533333333333,135,0
14247,278,1,136.76999999999998,136.76999999999998,0,0
14248,318,1,302.58,302.58,0,0
14250,7,3,1904.05,634.6833333333333,82,1
14251,2,5,2879.7000000000003,575.94,55,1
14256,260,2,969.06,484.53,104,0
14257,64,5,3099.7200000000003,619.9440000000001,254,1
14258,9,9,12669.98,1407.7755555555557,328,1
14259,142,1,120.0,120.0,0,0
14261,51,2,1163.45,581.725,27,0
14262,8,8,2618.23,327.27875,232,1
14264,155,2,333.97,166.985,90,0
14265,109,2,530.18,265.09,39,0
14267,163,3,1516.24,505.41333333333336,97,0
14270,332,1,492.65,492.65,0,0
14271,226,1,112.32,112.32,0,0
14272,74,2,437.96,218.98,180,0
14273,51,4,559.97,139.9925,190,0
14276,99,3,1119.74,373.2466666666666,191,0
14277,15,3,4188.0,1396.0,197,1
14280,197,1,134.04,134.04,0,0
14282,3,15,3701.44,246.76266666666663,364,1
14284,31,2,595.25,297.625,55,0
14285,21,4,1910.01,477.5025,155,1
14286,24,3,4628.75,1542.9166666666667,219,1
14287,8,3,176.63,58.876666666666665,190,0
14288,213,1,426.6,426.6,0,0
14289,9,6,911.26,151.8766666666667,280,1
14290,11,5,2314.65,462.93,350,1
14291,2,11,3883.25,353.02272727272725,273,1
14292,8,9,4871.93,541.3255555555556,275,1
14293,3,4,1046.56,261.64,365,1
14295,40,1,166.20000000000002,166.20000000000002,0,0
14297,18,4,1305.33,326.3325,257,1
14298,8,44,51527.3,1171.075,352,1
14299,8,9,3965.62,440.6244444444444,357,1
14300,19,1,43.2,43.2,0,0
14301,117,1,640.14,640.14,0,0
14304,223,1,383.45,383.45,0,0
14305,71,3,1858.96,619.6533333333333,64,1
14306,51,2,2093.32,1046.66,34,0
14307,89,6,2995.72,499.2866666666666,284,1
14309,8,9,2352.53,261.39222222222224,350,1
14311,243,1,310.26,310.26,0,0
14312,47,6,1611.59,268.5983333333333,290,1
14314,107,1,120.0,120.0,0,0
14315,45,6,2481.13,413.5216666666667,221,1
14317,65,1,508.58,508.58,0,0
14320,207,2,477.79,238.895,126,0
14321,11,5,1530.75,306.15,322,1
14323,115,2,605.0600000000001,302.53000000000003,123,0
14326,242,1,183.85,183.85,0,0
14327,163,1,311.65,311.65,0,0
14329,17,7,4975.24,710.7485714285714,312,1
14331,124,2,462.66,231.33,10,0
14332,23,3,840.21,280.07,125,1
14333,68,1,415.2,415.2,0,0
14334,17,8,2552.21,319.02625,341,1
14335,16,2,454.86,227.43,80,0
14336,17,4,1614.91,403.7275,259,1
14338,161,2,588.22,294.11,35,0
14339,243,1,309.52,309.52,0,0
14340,219,1,134.7,134.7,0,0
14341,45,8,2166.98,270.8725,273,1
14342,21,4,668.5600000000001,167.14,188,1
14344,127,8,889.9300000000001,111.24125,241,1
14345,39,1,108.98,108.98,0,0
14346,121,2,1021.58,510.79,176,0
14348,260,1,409.57,409.57,0,0
14349,10,1,133.5,133.5,0,0
14350,274,1,282.93,282.93,0,0
14351,165,1,51.0,51.0,0,0
14352,157,4,1078.96,269.74,116,0
14353,215,1,90.6,90.6,0,0
14354,6,2,163.62,81.81,24,0
14355,366,1,174.4,174.4,0,0
14356,80,2,701.23,350.615,1,0
14357,43,1,225.12,225.12,0,0
14359,19,3,912.18,304.06,68,1
14360,32,4,2118.03,529.5075,62,1
14362,22,1,151.5,151.5,0,0
14364,109,8,3717.35,464.66875,102,1
14367,8,16,9227.82,576.73875,267,1
14368,320,1,155.0,155.0,0,0
14371,295,1,100.5,100.5,0,0
14373,358,1,76.55,76.55,0,0
14375,185,1,235.56,235.56,0,0
14377,191,2,617.05,308.525,70,0
14379,44,2,348.1,174.05,251,0
14381,52,1,202.68,202.68,0,0
14382,26,1,615.49,615.49,0,0
14383,38,3,1247.69,415.8966666666667,125,1
14385,9,3,202.11,67.37,14,0
14386,297,1,142.4,142.4,0,0
14387,33,3,1727.6,575.8666666666667,76,1
14388,10,8,3212.84,401.605,362,1
14389,65,2,1043.46,521.73,125,0
14390,10,9,4642.57,515.8411111111111,362,1
14393,218,1,67.95,67.95,0,0
14395,2,9,3479.91,386.6566666666666,369,1
14396,65,2,487.99,243.995,306,0
14397,3,19,2612.96,137.52421052631578,210,1
14400,149,1,574.7,574.7,0,0
14401,4,13,4051.48,311.6523076923077,355,1
14403,130,4,1475.81,368.9525,116,0
14404,34,6,1449.32,241.5533333333333,335,1
14406,119,1,156.75,156.75,0,0
14407,107,6,2157.73,359.62166666666667,169,1
14408,11,7,2599.03,371.29,253,1
14409,71,6,2059.4500000000003,343.2416666666668,297,1
14410,92,9,1100.27,122.25222222222222,213,1
14411,311,1,1063.0,1063.0,0,0
14412,43,2,770.03,385.015,30,0
14413,362,1,121.05,121.05,0,0
14414,92,7,1496.98,213.8542857142857,267,1
14415,1,13,5855.57,450.42846153846153,359,1
14416,22,2,490.22,245.11,20,0
14418,4,3,1937.25,645.75,104,1
14419,11,6,1051.79,175.29833333333332,354,1
14420,99,1,387.52,387.52,0,0
14421,57,2,813.11,406.555,154,0
14422,1,6,4263.64,710.6066666666667,266,1
14423,218,1,265.2,265.2,0,0
14424,18,1,322.08,322.08,0,0
14426,24,10,4481.67,448.167,289,1
14427,50,2,363.34,181.67,13,0
14428,7,5,1224.06,244.812,317,1
14431,303,1,470.36,470.36,0,0
14432,10,6,2248.5,374.75,79,1
14434,22,6,1372.8,228.8,50,1
14436,99,1,89.06,89.06,0,0
14437,366,1,63.0,63.0,0,0
14438,306,1,131.9,131.9,0,0
14439,320,1,2661.24,2661.24,0,0
14440,8,5,2357.6800000000003,471.53600000000006,357,1
14441,1,4,1712.89,428.2225,254,1
14442,205,2,1589.82,794.91,112,0
14443,54,4,1420.2,355.05,314,1
14446,1,4,1010.35,252.5875,245,1
14447,19,5,1163.23,232.646,261,1
14448,9,2,375.35,187.675,354,0
14449,19,4,885.8,221.45,353,1
14450,181,3,483.25,161.08333333333334,139,0
14451,60,2,643.9,321.95,134,0
14452,11,2,259.05,129.525,83,0
14453,190,1,119.93,119.93,0,0
14456,5,9,3017.28,335.25333333333333,137,1
14457,311,1,113.64,113.64,0,0
14459,155,1,1837.92,1837.92,0,0
14460,110,3,434.34,144.78,200,0
14461,148,3,2103.06,701.02,113,0
14462,66,11,1980.57,180.05181818181816,273,1
14463,98,3,529.62,176.54,107,0
14465,247,3,1038.44,346.1466666666667,56,0
14466,29,7,2272.4,324.62857142857143,343,1
14467,18,4,596.26,149.065,295,1
14470,12,2,461.19,230.595,275,0
14472,104,8,1852.67,231.58375,251,1
14473,74,2,234.34000000000003,117.17000000000002,208,0
14474,46,1,547.66,547.66,0,0
14475,72,3,925.85,308.6166666666667,233,0
14476,257,1,193.0,193.0,0,0
14477,20,4,1309.6,327.4,277,1
14479,254,2,316.25,158.125,111,0
14480,11,1,279.05,279.05,0,0
14481,165,2,636.51,318.255,122,0
14482,18,6,2022.81,337.135,220,1
14483,282,1,137.1,137.1,0,0
14484,50,1,321.92,321.92,0,0
14485,39,1,162.8,162.8,0,0
14487,27,6,1165.48,194.24666666666667,341,1
14488,68,1,1064.28,1064.28,0,0
14489,207,1,463.38,463.38,0,0
14491,175,2,340.93,170.465,197,0
14493,7,5,2383.24,476.648,147,1
14494,26,1,139.56,139.56,0,0
14495,51,2,123.8,61.9,70,0
14496,312,2,538.8100000000001,269.40500000000003,61,0
14497,309,1,475.37,475.37,0,0
14498,43,5,1957.32,391.464,319,1
14499,26,3,808.44,269.48,252,1
14500,88,3,356.85,118.95,101,0
14501,184,2,251.21,125.605,136,0
14502,20,11,2429.83,220.89363636363635,293,1
14503,3,6,3543.26,590.5433333333334,175,1
14504,47,4,673.26,168.315,231,0
14505,17,8,5859.43,732.42875,344,1
14506,17,5,1960.65,392.13,351,1
14507,24,6,1367.88,227.98,252,1
14508,22,2,268.05,134.025,67,0
14511,11,5,1314.81,262.962,122,1
14512,188,2,275.28,137.64,44,0
14513,101,3,455.59,151.86333333333334,188,0
14514,61,3,990.2,330.06666666666666,270,0
14515,18,6,2076.89,346.1483333333333,200,1
14517,33,2,330.45,165.225,108,0
14518,64,1,174.37,174.37,0,0
14520,2,2,270.6,135.3,289,1
14522,24,4,974.54,243.635,173,1
14523,108,1,241.09,241.09,0,0
14524,32,9,1843.83,204.87,329,1
14525,20,9,4215.9,468.4333333333333,341,1
14527,3,55,8507.13,154.6750909090909,366,1
14528,37,1,364.22,364.22,0,0
14529,60,3,578.61,192.87,50,0
14530,26,6,2862.11,477.0183333333334,270,1
14532,236,4,932.85,233.2125,115,0
14533,25,7,1949.72,278.5314285714286,328,1
14534,3,18,4397.3,244.29444444444445,315,1
14535,60,3,2854.84,951.6133333333332,188,1
14536,260,1,170.95,170.95,0,0
14537,58,1,355.56,355.56,0,0
14538,65,2,388.25,194.125,191,0
14539,16,2,537.48,268.74,28,0
14540,10,3,952.66,317.55333333333334,299,1
14541,59,8,1453.35,181.66875,260,1
14542,186,1,103.25,103.25,0,0
14543,29,16,3599.73,224.983125,336,1
14544,24,2,2004.3,1002.15,337,1
14546,5,5,2573.93,514.786,243,1
14547,4,8,3974.75,496.84375,50,1
14548,151,2,652.8,326.4,167,0
14549,311,1,289.24,289.24,0,0
14550,11,2,757.37,378.685,33,1
14551,18,2,186.23,93.115,185,0
14552,152,1,164.22,164.22,0,0
14553,19,5,859.27,171.85399999999998,319,1
14554,10,4,2279.49,569.8725000000001,42,1
14555,57,2,312.54,156.27,244,0
14557,85,1,788.38,788.38,0,0
14560,7,22,2237.77,101.71681818181818,350,1
14561,76,3,1080.76,360.25333333333333,108,0
14562,4,18,5006.77,278.1538888888889,300,1
14565,96,4,3099.12,774.78,265,1
14566,111,1,1432.0,1432.0,0,0
14567,57,2,1530.36,765.1800000000001,73,0
14569,1,1,227.39,227.39,0,0
14570,281,2,218.06,109.03,0,0
14572,3,7,2804.54,400.6485714285714,320,1
14573,180,9,1639.82,182.20222222222225,192,1
14576,372,1,35.400000000000006,35.400000000000006,0,0
14577,13,4,859.71,214.9275,350,1
14578,3,1,168.63,168.63,0,0
14581,17,1,138.6,138.6,0,0
14582,41,1,114.11,114.11,0,0
14583,6,5,986.96,197.392,200,1
14584,169,4,1033.06,258.265,29,0
14585,50,1,157.05,157.05,0,0
14586,277,1,237.36,237.36,0,0
14587,19,9,1580.29,175.58777777777777,312,1
14589,372,1,39.75,39.75,0,0
14591,15,4,1320.21,330.0525,197,1
14592,35,3,557.94,185.98,28,0
14593,22,3,617.15,205.71666666666667,177,0
14594,7,2,363.33,181.665,365,0
14595,20,6,1740.6,290.1,293,1
14597,11,2,866.24,433.12,180,1
14598,44,1,221.97,221.97,0,0
14600,306,1,393.33,393.33,0,0
14601,11,1,213.96,213.96,0,0
14603,275,1,660.0,660.0,0,0
14606,1,93,12076.15,129.8510752688172,372,1
14607,16,14,16209.5,1157.821428571429,245,1
14608,4,4,1785.15,446.2875,358,1
14609,72,4,601.56,150.39,224,0
14616,243,3,406.08,135.36,74,0
14618,9,3,553.44,184.48,328,1
14619,246,1,394.44,394.44,0,0
14620,206,2,412.78,206.39,78,0
14621,1,5,1788.36,357.672,357,1
14622,185,1,320.58000000000004,320.58000000000004,0,0
14623,32,5,886.7,177.34,203,1
14624,57,2,225.85,112.925,1,0
14625,196,2,899.63,449.815,164,0
14626,24,4,2791.27,697.8175,209,1
14628,91,2,671.96,335.98,151,0
14629,4,2,955.26,477.63,43,1
14631,51,3,1006.98,335.66,248,0
14632,263,1,114.56,114.56,0,0
14633,266,1,344.90000000000003,344.90000000000003,0,0
14636,36,2,609.85,304.925,232,0
14638,51,1,443.6,443.6,0,0
14639,52,6,2984.49,497.415,309,1
14640,24,6,2107.38,351.23,203,1
14641,22,1,110.46,110.46,0,0
14642,59,1,96.12,96.12,0,0
14643,170,2,693.8100000000001,346.90500000000003,187,0
14644,68,2,830.76,415.38,230,0
14645,157,2,597.09,298.545,118,0
14646,2,73,280206.02,3838.4386301369855,353,1
14647,201,1,236.04,236.04,0,0
14649,5,4,1402.59,350.6475,207,1
14651,67,2,653.75,326.875,143,0
14652,77,1,114.18,114.18,0,0
14653,1,7,1926.65,275.2357142857143,337,1
14655,8,4,1932.23,483.0575,214,1
14656,169,2,291.05,145.525,114,0
14657,18,4,848.22,212.055,308,1
14658,5,2,247.15,123.575,111,0
14659,9,9,2529.93,281.1033333333333,306,1
14660,87,2,285.74,142.87,14,0
14661,27,1,107.95,107.95,0,0
14662,29,4,741.37,185.3425,287,1
14664,20,2,636.24,318.12,13,0
14665,61,5,1835.7,367.14,250,1
14666,24,1,195.25,195.25,0,0
14667,11,25,9175.04,367.00160000000005,357,1
14669,242,3,1259.24,419.7466666666666,90,0
14670,280,2,392.86,196.43,0,0
14672,235,2,765.55,382.775,101,0
14673,3,5,1736.4,347.28000000000003,364,1
14675,16,1,596.36,596.36,0,0
14676,31,6,2548.24,424.7066666666667,251,1
14680,25,16,28754.11,1797.131875,346,1
14681,71,3,498.95,166.31666666666666,140,0
14682,188,2,52.0,26.0,13,0
14684,26,5,1201.51,240.302,336,1
14687,107,1,628.38,628.38,0,0
14688,8,21,5579.1,265.6714285714286,366,1
14689,209,1,112.8,112.8,0,0
14690,44,2,355.05,177.525,107,0
14691,31,5,2114.33,422.866,182,1
14692,137,4,591.55,147.8875,185,0
14693,265,1,172.9,172.9,0,0
14696,4,7,2078.95,296.99285714285713,368,1
14697,218,2,188.61,94.305,0,0
14698,2,5,1217.27,243.454,49,1
14699,214,1,109.13,109.13,0,0
14700,32,3,2195.1,731.6999999999999,206,1
14701,11,9,2526.09,280.6766666666667,305,1
14702,1,17,3251.79,191.28176470588235,364,1
14703,15,1,318.17,318.17,0,0
14704,11,9,1493.96,165.99555555555557,168,1
14705,199,1,179.0,179.0,0,0
14708,3,3,1126.37,375.45666666666665,365,1
14709,15,13,4921.04,378.5415384615384,343,1
14710,14,4,599.48,149.87,45,1
14711,10,11,2839.62,258.1472727272727,252,1
14712,29,3,917.07,305.69,82,1
14713,9,11,2662.2,242.0181818181818,355,1
14714,24,1,160.19,160.19,0,0
14715,25,4,867.38,216.845,306,1
14716,43,2,307.51,153.755,105,0
14719,2,5,1581.84,316.368,247,1
14720,6,3,663.81,221.27,120,1
14722,147,1,180.42,180.42,0,0
14723,10,6,1122.36,187.06000000000003,361,1
14725,25,1,655.58,655.58,0,0
14727,274,1,268.58,268.58,0,0
14729,374,1,313.49,313.49,0,0
14730,1,8,1897.57,237.19625,275,1
14731,47,3,380.02,126.67333333333332,165,0
14732,8,8,2702.49,337.81125000000003,330,1
14733,16,12,9585.91,798.8258333333333,351,1
14735,4,32,6065.69,189.5528125,354,1
14737,4,3,1164.55,388.1833333333333,349,1
14738,43,7,1314.45,187.77857142857144,273,1
14739,4,7,3902.28,557.4685714285714,363,1
14740,197,3,1448.21,482.7366666666667,86,0
14741,12,6,1400.34,233.39,361,1
14744,16,7,1099.98,157.14,350,1
14745,113,5,1220.26,244.052,172,1
14747,249,1,328.2,328.2,0,0
14748,29,5,1415.75,283.15,339,1
14752,44,1,389.64,389.64,0,0
14753,87,1,563.15,563.15,0,0
14754,45,2,638.05,319.025,250,0
14755,10,11,5010.28,455.48,324,1
14756,15,1,738.96,738.96,0,0
14757,75,1,420.5,420.5,0,0
14758,145,4,1484.06,371.015,114,0
14759,5,3,1625.97,541.99,228,1
14760,297,1,89.2,89.2,0,0
14761,59,2,255.9,127.95,276,0
14762,264,1,300.52,300.52,0,0
14764,47,1,278.3,278.3,0,0
14765,29,3,254.11,84.70333333333333,147,0
14766,8,6,2473.37,412.2283333333333,358,1
14768,17,2,192.6,96.3,109,0
14769,3,8,10416.98,1302.1225,354,1
14770,232,2,876.42,438.21,90,0
14772,112,1,139.26,139.26,0,0
14775,58,3,1011.9,337.3,313,0
14776,51,11,2538.3,230.75454545454548,261,1
14778,127,2,730.86,365.43,181,0
14779,281,3,386.15,128.71666666666667,43,0
14780,55,2,447.68,223.84,24,0
14782,320,1,200.1,200.1,0,0
14784,26,2,289.99,144.995,297,0
14785,10,2,77.4,38.7,4,0
14788,7,2,679.4399999999999,339.72,19,1
14789,29,1,197.64,197.64,0,0
14790,17,4,745.06,186.265,236,1
14792,64,1,6.2,6.2,0,0
14793,21,1,228.99,228.99,0,0
14794,3,7,1319.91,188.55857142857144,331,1
14795,166,1,131.45000000000002,131.45000000000002,0,0
14796,1,17,7975.49,469.1464705882353,365,1
14798,53,3,173.74,57.91333333333333,257,0
14799,51,1,157.7,157.7,0,0
14800,48,12,4331.79,360.9825,322,1
14801,61,1,189.34,189.34,0,0
14803,162,3,845.55,281.85,130,0
14804,9,1,353.27,353.27,0,0
14805,15,4,546.4,136.6,298,1
14806,75,1,193.39,193.39,0,0
14808,40,8,2718.6,339.825,132,1
14810,41,11,2085.33,189.57545454545453,328,1
14813,370,2,152.88,76.44,0,0
14815,37,2,778.5,389.25,31,0
14816,197,1,271.85,271.85,0,0
14817,200,2,1110.34,555.17,76,0
14818,74,3,657.8,219.26666666666665,179,0
14819,64,2,272.07,136.035,127,0
14820,21,4,507.29,126.8225,152,1
14821,367,1,48.8,48.8,0,0
14823,180,3,321.43,107.14333333333332,14,0
14824,10,4,1127.71,281.9275,81,1
14825,4,12,2221.01,185.08416666666668,364,1
14828,197,3,2139.76,713.2533333333334,140,0
14829,29,4,697.55,174.3875,343,1
14830,53,1,188.88,188.88,0,0
14834,18,6,1720.3,286.71666666666664,222,1
14836,10,3,102.45,34.15,20,0
14837,90,4,1649.5,412.375,111,1
14840,268,1,62.85,62.85,0,0
14841,53,6,3295.76,549.2933333333334,305,1
14842,44,4,2824.69,706.1725,264,1
14844,64,4,3189.81,797.4525,177,1
14847,149,1,309.4,309.4,0,0
14849,22,25,7930.54,317.2216,351,1
14850,312,1,325.75,325.75,0,0
14851,23,2,511.35,255.675,232,0
14852,58,6,2836.69,472.7816666666667,193,1
14853,24,2,475.8,237.9,187,0
14854,78,7,2740.03,391.4328571428572,196,1
14855,119,2,645.65,322.825,15,0
14856,36,3,1290.53,430.1766666666667,20,1
14857,60,2,1173.12,586.56,88,0
14859,13,4,1353.74,338.435,191,1
14860,19,1,170.32,170.32,0,0
14861,52,1,125.79,125.79,0,0
14862,26,2,841.1999999999999,420.6,122,0
14863,29,1,266.76,266.76,0,0
14865,7,2,52.2,26.1,364,0
14866,11,12,14389.9,1199.1583333333333,355,1
14867,186,3,710.28,236.76,150,0
14868,3,8,2953.59,369.19875,230,1
14869,9,2,721.45,360.725,94,1
14870,262,1,327.25,327.25,0,0
14871,3,4,501.28,125.32,357,1
14873,210,1,519.68,519.68,0,0
14875,108,2,1465.3200000000002,732.6600000000001,155,0
14878,13,9,1476.09,164.01,345,1
14880,77,3,690.59,230.1966666666667,211,0
14881,20,1,255.4,255.4,0,0
14882,27,2,589.7,294.85,7,0
14883,19,6,761.59,126.93166666666669,193,1
14885,132,1,765.3199999999999,765.3199999999999,0,0
14886,253,1,364.8,364.8,0,0
14887,79,1,1862.0,1862.0,0,0
14888,207,1,369.2,369.2,0,0
14889,336,1,135.9,135.9,0,0
14890,254,1,125.65,125.65,0,0
14891,148,2,554.38,277.19,39,0
14893,10,2,1237.85,618.9250000000001,2,1
14894,85,1,655.75,655.75,0,0
14895,8,20,11138.71,556.9355,282,1
14896,205,2,468.77,234.385,160,0
14897,8,4,1366.38,341.595,289,1
14898,23,6,1269.31,211.55166666666665,347,1
14901,11,9,1421.29,157.92111111111112,361,1
14902,26,1,332.66,332.66,0,0
14903,21,5,2795.33,559.066,257,1
14904,2,2,1025.44,512.72,23,1
14905,158,2,616.15,308.075,76,0
14907,3,7,3501.1,500.1571428571429,364,1
14908,74,1,277.8,277.8,0,0
14910,3,4,434.35,108.5875,51,1
14911,1,201,143711.17,714.980945273632,372,1
14912,17,2,867.85,433.925,229,0
14913,36,4,1227.43,306.8575,323,1
14915,91,2,307.48,153.74,186,0
14916,71,4,1268.98,317.245,253,1
14918,116,2,1610.15,805.075,38,0
14920,213,2,977.77,488.885,0,0
14921,30,2,1316.07,658.035,171,0
14923,51,1,749.1,749.1,0,0
14924,246,1,310.05,310.05,0,0
14929,32,1,223.88,223.88,0,0
14930,109,3,2362.96,787.6533333333333,165,0
14931,5,5,1257.68,251.536,236,1
14932,366,1,363.53,363.53,0,0
14934,82,2,1890.94,945.47,200,0
14935,297,1,1784.71,1784.71,0,0
14936,34,8,8137.02,1017.1275,241,1
14937,57,3,1621.88,540.6266666666667,73,1
14944,30,12,5900.25,491.6875,266,1
14946,14,1,100.9,100.9,0,0
14947,72,2,290.82,145.41,58,0
14948,23,6,1101.97,183.66166666666663,196,1
14950,19,1,371.2,371.2,0,0
14951,79,1,311.69,311.69,0,0
14952,60,11,8099.49,736.3172727272727,304,1
14953,25,1,285.67,285.67,0,0
14954,12,1,294.85,294.85,0,0
14957,253,1,58.49,58.49,0,0
14958,147,3,483.73,161.2433333333333,98,0
14959,64,4,695.42,173.855,232,0
14960,8,2,221.27,110.635,162,0
14961,11,9,7044.68,782.7422222222223,349,1
14962,271,1,126.7,126.7,0,0
14963,10,5,1472.34,294.468,173,1
14964,247,1,206.21,206.21,0,0
14965,96,2,596.09,298.045,0,0
14966,15,1,183.02,183.02,0,0
14967,50,1,463.8,463.8,0,0
14968,30,1,147.59,147.59,0,0
14970,68,4,1592.06,398.015,248,1
14971,35,3,1097.98,365.9933333333333,8,1
14972,128,1,114.77,114.77,0,0
14973,107,3,1314.45,438.15,118,0
14974,37,1,89.94,89.94,0,0
14975,57,1,279.94,279.94,0,0
14976,57,7,790.86,112.98,269,1
14978,72,5,1921.37,384.274,258,1
14981,246,1,102.12,102.12,0,0
14984,19,2,202.37,101.185,161,0
14985,198,2,292.01,146.005,159,0
14987,16,2,326.4,163.2,349,0
14988,212,1,334.54,334.54,0,0
14995,39,2,231.98,115.99,241,0
14997,46,3,546.1999999999999,182.06666666666663,131,0
14998,170,2,414.87,207.435,71,0
15000,48,1,490.52,490.52,0,0
15002,116,4,1641.76,410.44,251,0
15004,147,1,1220.77,1220.77,0,0
15005,16,28,6295.37,224.83464285714285,350,1
15006,51,1,480.38,480.38,0,0
15007,159,1,156.91,156.91,0,0
15009,12,3,1259.43,419.81,12,1
15010,36,1,308.94,308.94,0,0
15012,54,2,405.04,202.52,319,0
15014,43,2,257.67,128.835,133,0
15016,173,1,170.04,170.04,0,0
15017,34,1,125.58,125.58,0,0
15018,39,3,496.21,165.40333333333334,329,0
15019,267,1,252.81,252.81,0,0
15021,9,9,1871.77,207.97444444444443,357,1
15022,12,4,852.39,213.0975,35,1
15023,3,11,6720.41,610.9463636363636,366,1
15024,10,10,1636.43,163.643,357,1
15025,33,1,361.96,361.96,0,0
15026,80,3,469.0,156.33333333333334,197,0
15027,31,4,1066.15,266.5375,207,1
15028,8,4,627.13,156.7825,360,1
15030,72,2,518.28,259.14,196,0
15031,4,4,653.19,163.2975,277,1
15032,256,3,4959.1,1653.0333333333335,110,0
15033,5,10,2557.18,255.718,324,1
15034,16,8,4274.16,534.27,338,1
15035,90,1,252.73,252.73,0,0
15036,72,3,429.56,143.18666666666667,107,0
15038,59,6,685.74,114.29,311,1
15039,10,47,19766.59,420.5657446808511,359,1
15041,170,1,179.93,179.93,0,0
15042,199,1,135.93,135.93,0,0
15043,31,1,537.0,537.0,0,0
15044,19,17,7634.73,449.1017647058824,342,1
15045,152,2,735.66,367.83,105,0
15046,9,15,5090.42,339.36133333333333,329,1
15047,270,1,343.62,343.62,0,0
15048,65,4,381.0,95.25,303,0
15049,274,1,121.17000000000002,121.17000000000002,0,0
15050,25,3,1737.69,579.23,46,1
15051,23,3,1383.36,461.12000000000006,127,1
15052,319,1,207.73,207.73,0,0
15053,5,3,693.95,231.3166666666667,277,1
15054,12,2,302.1,151.05,28,0
15057,275,2,1489.5,744.75,40,0
15058,25,11,2102.54,191.14,286,1
15059,41,9,1337.72,148.63555555555556,293,1
15060,8,4,294.25,73.5625,0,1
15061,4,48,54534.14,1136.1279166666666,368,1
15062,71,4,987.86,246.965,288,0
15063,213,1,370.8,370.8,0,0
15065,38,4,3158.13,789.5325,253,1
15066,53,1,893.59,893.59,0,0
15067,78,3,1744.76,581.5866666666667,204,0
15068,46,2,553.36,276.68,210,0
15069,179,1,1109.53,1109.53,0,0
15070,373,1,106.2,106.2,0,0
15071,94,2,982.07,491.035,182,0
15073,10,3,1043.41,347.80333333333334,177,1
15074,105,1,735.67,735.67,0,0
15075,78,1,773.03,773.03,0,0
15076,173,1,880.85,880.85,0,0
15078,7,32,9743.11,304.4721875,361,1
15079,213,4,895.61,223.9025,153,0
15081,22,5,504.8,100.96,345,1
15083,257,1,88.2,88.2,0,0
15087,282,1,306.94,306.94,0,0
15088,21,2,1160.07,580.035,45,0
15089,10,6,2420.84,403.47333333333336,118,1
15090,308,1,381.32,381.32,0,0
15091,68,1,480.71,480.71,0,0
15092,215,2,457.81,228.905,68,0
15093,18,6,4597.02,766.1700000000001,353,1
15095,104,4,1370.6,342.65,99,0
15096,43,1,219.39,219.39,0,0
15097,4,1,248.08,248.08,0,0
15098,182,3,39916.5,13305.5,0,1
15099,84,1,410.48,410.48,0,0
15100,334,3,876.0,292.0,40,0
15101,9,2,317.53,158.765,350,0
15103,31,2,703.36,351.68,55,0
15104,197,2,993.54,496.77,85,0
15105,18,7,2298.93,328.4185714285714,116,1
15106,18,5,1422.52,284.504,251,1
15107,311,6,319.5,53.25,61,0
15108,142,4,1300.25,325.0625,85,0
15109,246,1,484.95,484.95,0,0
15110,24,4,996.1,249.025,294,1
15111,29,3,1567.48,522.4933333333333,343,1
15113,10,3,3509.43,1169.81,44,1
15114,30,10,2760.56,276.056,271,1
15115,18,1,340.11,340.11,0,0
15116,18,4,1352.75,338.1875,187,1
15117,15,5,1551.78,310.356,200,1
15118,134,1,244.8,244.8,0,0
15119,246,1,266.4,266.4,0,0
15120,134,1,358.82,358.82,0,0
15121,50,2,457.72,228.86,238,0
15122,114,3,1633.78,544.5933333333334,183,0
15123,7,2,2199.31,1099.655,198,1
15124,23,2,184.19,92.095,169,0
15125,25,15,11528.48,768.5653333333333,245,1
15127,66,1,406.53,406.53,0,0
15128,60,4,1471.0,367.75,159,1
15129,50,11,3447.4,313.40000000000003,241,1
15130,170,1,330.11,330.11,0,0
15132,18,5,977.93,195.586,244,1
15133,128,3,982.42,327.4733333333333,174,0
15134,15,8,1387.99,173.49875,225,1
15135,239,1,139.05,139.05,0,0
15136,3,4,1286.7,321.675,93,1
15139,240,2,178.96,89.48,96,0
15140,52,7,2354.25,336.32142857142856,211,1
15142,46,1,498.74,498.74,0,0
15143,226,1,259.45,259.45,0,0
15144,8,17,6580.44,387.0847058823529,304,1
15145,4,4,1194.73,298.6825,244,1
15146,165,2,1327.16,663.58,126,0
15147,240,1,623.5,623.5,0,0
15148,11,1,301.29,301.29,0,0
15149,134,1,520.8000000000001,520.8000000000001,0,0
15150,17,10,5291.33,529.133,251,1
15152,10,13,4745.69,365.0530769230769,177,1
15153,31,1,329.25,329.25,0,0
15154,75,1,254.28,254.28,0,0
15156,1,3,961.49,320.49666666666667,32,1
15157,4,3,1936.07,645.3566666666667,354,1
15158,45,1,401.4,401.4,0,0
15159,2,30,18641.01,621.3670000000001,359,1
15160,357,1,158.16,158.16,0,0
15163,18,2,304.47,152.235,173,0
15164,69,3,824.58,274.86,270,0
15165,373,1,487.75,487.75,0,0
15167,321,1,158.8,158.8,0,0
15168,26,1,106.56,106.56,0,0
15171,331,1,1289.5,1289.5,0,0
15172,9,5,1624.05,324.81,227,1
15174,323,1,135.75,135.75,0,0
15175,72,1,224.14,224.14,0,0
15178,260,1,40.5,40.5,0,0
15179,18,5,2206.95,441.39,300,1
15180,367,1,87.5,87.5,0,0
15181,66,3,689.4799999999999,229.82666666666665,203,0
15182,154,2,622.85,311.425,114,0
15184,29,2,402.2,201.1,161,0
15185,70,1,310.62,310.62,0,0
15186,14,2,411.41,205.705,154,0
15187,2,16,4777.18,298.57375,210,1
15189,1,41,16225.39,395.74121951219513,331,1
15192,120,3,1044.32,348.1066666666666,245,0
15193,61,1,499.32,499.32,0,0
15194,3,15,7616.53,507.76866666666666,365,1
15195,3,1,3861.0,3861.0,0,1
15197,11,3,1079.61,359.87000000000006,347,1
15198,92,2,193.64,96.82,31,0
15199,59,4,1268.7,317.175,249,1
15201,87,5,1236.54,247.308,160,1
15203,26,6,1827.8,304.6333333333333,285,1
15204,357,1,316.58,316.58,0,0
15205,85,2,653.24,326.62,42,0
15206,10,4,420.3,105.075,265,1
15208,1,5,870.12,174.024,352,1
15210,225,1,331.18,331.18,0,0
15211,60,2,894.4100000000001,447.205,304,0
15212,241,1,101.8,101.8,0,0
15213,319,2,328.35,164.175,11,0
15214,2,8,1661.44,207.68,241,1
15215,47,3,734.94,244.98,49,0
15216,88,1,96.6,96.6,0,0
15218,11,11,5756.89,523.3536363636364,308,1
15219,176,1,305.75,305.75,0,0
15220,52,6,1778.96,296.49333333333334,229,1
15221,366,1,403.25,403.25,0,0
15222,319,1,585.0,585.0,0,0
15223,226,2,755.75,377.875,23,0
15224,358,2,322.08,161.04,4,0
15225,234,1,409.4,409.4,0,0
15226,311,1,154.41,154.41,0,0
15227,37,5,1219.4,243.88,280,1
15228,66,4,3386.71,846.6775,228,1
15230,239,2,429.6,214.8,1,0
15232,113,2,612.06,306.03,27,0
15234,277,1,197.0,197.0,0,0
15235,218,12,2247.51,187.2925,155,1
15236,299,1,321.05,321.05,0,0
15237,2,4,1412.32,353.08,225,1
15238,29,3,1071.99,357.33,154,1
15239,10,2,780.59,390.295,68,1
15240,45,5,1706.57,341.314,267,1
15241,67,8,1756.44,219.555,216,1
15243,74,1,316.68,316.68,0,0
15244,65,2,631.57,315.785,182,0
15245,134,3,2515.84,838.6133333333333,127,0
15246,238,2,514.15,257.075,120,0
15247,122,1,356.0,356.0,0,0
15249,32,13,6688.46,514.496923076923,224,1
15251,9,11,10484.99,953.180909090909,232,1
15252,36,2,740.78,370.39,146,0
15253,16,5,918.2,183.64,153,1
15254,127,1,300.36,300.36,0,0
15255,67,1,890.85,890.85,0,0
15256,149,1,98.45,98.45,0,0
15257,283,1,317.15,317.15,0,0
15258,169,2,623.16,311.58,48,0
15260,100,7,1810.77,258.68142857142857,272,1
15261,135,1,254.82,254.82,0,0
15262,324,1,178.95000000000002,178.95000000000002,0,0
15263,107,1,156.51,156.51,0,0
15264,64,1,393.74,393.74,0,0
15265,151,2,1506.12,753.0600000000001,84,0
15266,338,1,119.3,119.3,0,0
15267,22,5,1717.36,343.472,160,1
15269,24,1,408.8,408.8,0,0
15270,16,7,2379.49,339.9271428571428,294,1
15271,7,15,2493.34,166.22266666666667,358,1
15272,57,2,721.94,360.97,28,0
15274,4,2,716.57,358.285,14,1
15275,38,1,615.14,615.14,0,0
15276,66,1,128.63,128.63,0,0
15277,47,1,255.9,255.9,0,0
15279,355,1,290.51,290.51,0,0
15280,172,1,113.12,113.12,0,0
15281,59,9,2332.15,259.1277777777778,274,1
15286,50,1,240.55,240.55,0,0
15287,22,2,486.69,243.345,48,0
15288,43,5,2306.52,461.304,322,1
15289,29,3,939.78,313.26,220,1
15290,5,18,7943.22,441.29,354,1
15291,26,15,4668.3,311.22,348,1
15292,201,1,178.39,178.39,0,0
15296,51,6,3672.86,612.1433333333333,275,1
15297,10,3,641.94,213.98,53,1
15298,2,12,4799.9,399.9916666666666,364,1
15299,67,7,4507.01,643.8585714285715,304,1
15300,64,1,496.44,496.44,0,0
15301,51,12,5049.95,420.82916666666665,317,1
15303,290,1,574.02,574.02,0,0
15304,61,8,694.4000000000001,86.80000000000001,307,1
15306,64,3,1174.35,391.45,83,0
15307,96,1,205.3,205.3,0,0
15308,274,1,310.47,310.47,0,0
15311,1,91,60632.75,666.2939560439561,373,1
15312,75,4,924.85,231.2125,279,0
15313,110,1,52.0,52.0,0,0
15314,199,1,327.97,327.97,0,0
15315,64,2,570.5,285.25,51,0
15316,327,1,165.0,165.0,0,0
15318,4,1,312.62,312.62,0,0
15319,284,1,204.5,204.5,0,0
15320,44,1,267.13,267.13,0,0
15321,71,3,2748.31,916.1033333333334,220,1
15322,86,1,679.68,679.68,0,0
15325,104,1,161.74,161.74,0,0
15326,334,1,311.71,311.71,0,0
15327,53,1,208.75,208.75,0,0
15329,39,3,1049.7,349.90000000000003,132,0
15330,32,2,714.96,357.48,28,0
15332,366,4,1661.06,415.265,3,0
15333,208,1,1028.56,1028.56,0,0
15334,157,3,350.82,116.94,16,0
15335,54,1,170.22,170.22,0,0
15339,66,2,574.07,287.035,251,0
15341,81,1,2020.52,2020.52,0,0
15342,130,1,406.09,406.09,0,0
15343,87,1,364.5,364.5,0,0
15344,1,3,563.94,187.98,73,1
15345,46,1,393.54,393.54,0,0
15346,333,1,252.42,252.42,0,0
15347,366,1,201.6,201.6,0,0
15348,72,1,158.04,158.04,0,0
15349,158,2,463.91,231.955,29,0
15350,373,1,115.65,115.65,0,0
15351,12,7,1934.66,276.38,357,1
15353,255,2,770.12,385.06,113,0
15355,29,2,277.05,138.525,23,0
15356,31,10,2718.03,271.803,336,1
15358,5,22,8347.2,379.4181818181818,360,1
15360,40,1,427.93,427.93,0,0
15361,362,1,418.92,418.92,0,0
15363,373,1,326.0,326.0,0,0
15364,96,2,913.19,456.595,158,0
15365,26,7,2314.32,330.6171428571429,289,1
15366,75,2,602.51,301.255,282,0
15367,57,4,1877.59,469.3975,218,1
15368,21,1,446.94000000000005,446.94000000000005,0,0
15370,41,7,2386.05,340.86428571428576,291,1
15372,137,1,2007.4,2007.4,0,0
15373,8,12,2415.91,201.3258333333333,363,1
15374,129,1,168.0,168.0,0,0
15376,40,3,1221.56,407.18666666666667,182,1
15379,169,7,3703.29,529.0414285714286,189,1
15380,9,5,1690.2600000000002,338.052,356,1
15381,214,2,596.85,298.425,54,0
15382,15,6,5955.71,992.6183333333332,280,1
15384,170,2,642.41,321.205,189,0
15385,40,1,316.88,316.88,0,0
15386,186,1,394.14,394.14,0,0
15388,270,1,140.54,140.54,0,0
15389,172,1,500.0,500.0,0,0
15392,5,4,1535.53,383.8825,355,1
15393,16,2,231.86,115.93,264,0
15394,10,4,2183.54,545.885,348,1
15395,326,1,107.45,107.45,0,0
15396,113,1,288.18,288.18,0,0
15397,290,1,94.0,94.0,0,0
15398,16,2,1345.53,672.765,62,1
15399,1,3,815.77,271.92333333333335,77,1
15400,92,5,716.2,143.24,186,0
15402,149,2,626.77,313.385,47,0
15405,189,1,349.1,349.1,0,0
15406,31,2,510.71,255.355,269,0
15407,34,4,1046.74,261.685,271,1
15408,264,1,267.18,267.18,0,0
15410,84,8,3450.84,431.355,177,1
15411,26,4,1348.93,337.2325,156,1
15412,171,1,190.53,190.53,0,0
15414,10,3,774.9000000000001,258.3,232,1
15415,313,1,559.61,559.61,0,0
15416,65,4,3984.32,996.08,218,1
15417,85,1,508.8,508.8,0,0
15419,25,1,135.86,135.86,0,0
15421,59,4,950.36,237.59,251,0
15422,323,2,97.7,48.85,0,0
15423,38,1,43.5,43.5,0,0
15424,254,2,383.34,191.67,0,0
15426,19,5,1404.07,280.814,350,1
15427,33,3,1430.54,476.8466666666666,13,1
15428,15,1,93.78,93.78,0,0
15429,27,2,397.35,198.675,48,0
15432,23,1,171.19,171.19,0,0
15433,214,2,533.3,266.65,53,0
15434,8,5,1041.48,208.296,191,1
15435,22,1,149.29,149.29,0,0
15436,12,3,1067.75,355.9166666666667,221,1
15437,262,1,200.16,200.16,0,0
15438,131,1,156.57999999999998,156.57999999999998,0,0
15440,55,3,383.68,127.89333333333332,154,0
15442,249,1,594.0,594.0,0,0
15443,2,7,3213.59,459.0842857142857,318,1
15444,9,2,1411.21,705.605,31,1
15445,264,1,113.5,113.5,0,0
15447,331,1,155.17,155.17,0,0
15448,313,1,494.64,494.64,0,0
15449,26,3,974.52,324.84,235,1
15450,30,1,429.84,429.84,0,0
15452,30,3,528.48,176.16,234,0
15453,2,7,1371.77,195.96714285714285,185,1
15454,362,1,179.1,179.1,0,0
15456,283,3,434.59,144.86333333333334,75,0
15457,262,1,237.07,237.07,0,0
15458,25,1,161.64,161.64,0,0
15460,354,1,214.26,214.26,0,0
15462,94,3,234.6,78.2,92,0
15463,29,1,126.14,126.14,0,0
15464,338,1,1044.65,1044.65,0,0
15465,20,18,7354.62,408.59,349,1
15466,85,1,334.53,334.53,0,0
15467,9,3,524.88,174.96,142,1
15468,51,2,467.51,233.755,0,0
15469,50,2,538.55,269.275,69,0
15471,2,1,454.48,454.48,0,0
15472,113,1,371.56,371.56,0,0
15473,14,7,1771.2,253.02857142857144,46,1
15475,77,1,454.11,454.11,0,0
15478,40,2,1399.92,699.96,16,0
15480,116,1,905.5,905.5,0,0
15482,16,12,10879.76,906.6466666666666,343,1
15483,161,4,225.26,56.315,105,0
15484,1,4,3590.41,897.6025,77,1
15485,30,3,2564.5,854.8333333333334,343,1
15488,93,1,91.32,91.32,0,0
15489,23,3,1134.28,378.0933333333333,188,1
15491,95,6,3100.09,516.6816666666667,140,1
15492,28,2,659.4599999999999,329.73,46,0
15493,33,5,1953.41,390.682,238,1
15494,21,2,1280.58,640.29,99,1
15497,18,2,1262.2,631.1,302,1
15498,3,27,13316.4,493.2,364,1
15500,8,4,1131.56,282.89,73,1
15502,16,12,10384.93,865.4108333333334,353,1
15503,363,1,141.04,141.04,0,0
15504,81,1,52.83,52.83,0,0
15505,53,5,3610.96,722.192,102,1
15506,23,3,972.08,324.0266666666667,116,1
15507,172,1,475.86,475.86,0,0
15508,189,6,1000.27,166.71166666666667,46,0
15510,331,1,250.0,250.0,0,0
15511,12,5,900.53,180.106,73,1
15512,156,2,121.0,60.5,203,0
15513,33,19,14758.22,776.7484210526317,340,1
15514,12,11,4023.72,365.7927272727273,352,1
15516,45,3,62.43,20.81,1,0
15517,233,1,267.03,267.03,0,0
15518,64,8,1921.55,240.19375,268,1
15520,2,1,343.5,343.5,0,0
15521,40,8,3000.2,375.025,214,1
15522,33,2,397.99,198.995,54,0
15523,84,1,412.0100000000001,412.0100000000001,0,0
15524,25,1,440.0,440.0,0,0
15525,2,3,734.37,244.79,371,1
15526,33,2,148.44,74.22,0,0
15527,19,8,2428.53,303.56625,335,1
15528,254,1,229.33,229.33,0,0
15529,23,11,3962.6,360.23636363636365,343,1
15530,22,4,1497.31,374.3275,225,1
15531,8,2,1972.39,986.195,22,1
15532,25,4,1564.73,391.1825,332,1
15533,19,3,807.57,269.19,69,1
15535,173,4,502.9,125.725,154,0
15537,163,1,110.92,110.92,0,0
15539,7,1,538.46,538.46,0,0
15540,11,1,213.3,213.3,0,0
15541,114,1,85.13000000000001,85.13000000000001,0,0
15543,288,1,127.86,127.86,0,0
15544,9,9,3546.71,394.0788888888889,363,1
15545,54,2,288.97,144.485,316,0
15547,7,14,4910.6,350.75714285714287,354,1
15549,77,3,1681.46,560.4866666666667,239,0
15550,4,4,575.63,143.9075,297,1
15551,37,1,436.06,436.06,0,0
15552,217,1,90.12,90.12,0,0
15553,60,1,428.93,428.93,0,0
15554,278,1,217.2,217.2,0,0
15555,12,16,4794.86,299.67875,357,1
15556,24,1,279.77,279.77,0,0
15557,29,1,468.91,468.91,0,0
15561,12,4,800.59,200.1475,203,1
15562,352,1,134.55,134.55,0,0
15563,22,4,1400.44,350.11,336,1
15565,50,2,173.16,86.58,20,0
15567,19,1,186.01,186.01,0,0
15568,3,3,758.29,252.7633333333333,70,1
15569,104,5,1375.71,275.142,228,1
15570,7,12,4148.82,345.735,362,1
15571,12,4,650.4300000000001,162.60750000000002,66,1
15572,5,7,2533.42,361.9171428571429,273,1
15573,32,2,591.1899999999999,295.595,53,0
15574,178,4,675.64,168.91,194,0
15576,38,1,921.37,921.37,0,0
15577,151,3,258.88,86.29333333333334,154,0
15578,162,1,127.1,127.1,0,0
15579,69,2,327.6,163.8,245,0
15581,121,13,3675.77,282.7515384615385,245,1
15582,25,3,682.9100000000001,227.63666666666668,195,0
15584,24,4,720.86,180.215,138,1
15585,177,1,455.3,455.3,0,0
15587,50,4,913.68,228.42,301,1
15589,256,3,478.53,159.51000000000002,54,0
15592,47,1,388.58,388.58,0,0
15593,71,1,199.8,199.8,0,0
15594,16,5,1771.78,354.356,218,1
15596,101,5,1406.59,281.318,264,1
15597,35,1,324.57,324.57,0,0
15598,53,1,240.68,240.68,0,0
15599,27,2,761.74,380.87,177,0
15601,11,14,6776.56,484.04,361,1
15602,8,9,1297.87,144.20777777777778,359,1
15603,79,1,48.48,48.48,0,0
15604,52,1,216.39,216.39,0,0
15605,36,5,1198.23,239.646,337,1
15606,61,9,2920.16,324.4622222222222,263,1
15607,337,1,104.76,104.76,0,0
15608,28,4,1093.68,273.42,92,1
15609,184,1,298.48,298.48,0,0
15610,52,1,112.46,112.46,0,0
15611,10,13,1591.45,122.41923076923078,325,1
15612,36,2,195.15,97.575,25,0
15615,10,23,10399.74,452.1626086956522,348,1
15618,33,4,776.851,194.21275,103,1
15619,11,1,336.40000000000003,336.40000000000003,0,0
15620,57,3,1553.18,517.7266666666667,301,1
15621,4,4,1293.03,323.2575,17,1
15622,43,9,3709.56,412.17333333333335,239,1
15623,141,1,301.03,301.03,0,0
15624,117,4,588.13,147.0325,139,0
15625,104,4,1534.26,383.565,131,0
15626,75,2,675.8,337.9,254,0
15628,5,9,2870.24,318.9155555555556,362,1
15630,45,2,1186.35,593.175,159,0
15632,16,8,3285.31,410.66375,259,1
15634,17,1,243.55,243.55,0,0
15636,90,2,724.76,362.38,192,0
15637,53,1,223.36,223.36,0,0
15639,134,1,425.32,425.32,0,0
15640,4,15,12416.11,827.7406666666667,367,1
15641,105,4,1887.2,471.8,253,1
15643,192,3,664.0,221.33333333333331,90,0
15644,166,4,803.54,200.885,94,0
15645,19,1,612.01,612.01,0,0
15646,158,3,447.64,149.21333333333334,214,0
15648,204,2,639.5,319.75,62,0
15649,336,2,816.0,408.0,31,0
15651,37,3,646.3,215.4333333333333,223,0
15652,91,1,337.74,337.74,0,0
15653,93,2,877.4399999999999,438.72,23,0
15654,9,2,922.53,461.265,16,1
15655,243,1,560.67,560.67,0,0
15656,45,4,748.5,187.125,238,0
15657,23,1,30.0,30.0,0,0
15658,190,5,1024.1,204.82,182,0
15659,44,1,306.45,306.45,0,0
15660,25,9,1600.86,177.8733333333333,340,1
15661,317,2,309.8,154.9,21,0
15663,106,1,138.14,138.14,0,0
15664,51,1,386.43,386.43,0,0
15665,168,2,2222.21,1111.105,74,0
15667,40,1,301.32,301.32,0,0
15668,218,1,76.32000000000001,76.32000000000001,0,0
15669,40,4,684.34,171.085,223,0
15670,297,1,173.05,173.05,0,0
15671,19,7,2657.13,379.59,252,1
15673,88,4,2726.23,681.5575,238,1
15674,73,5,2446.6,489.32,181,1
15675,81,3,323.69,107.89666666666666,198,0
15676,19,3,3435.76,1145.253333333333,265,1
15677,49,1,657.23,657.23,0,0
15678,53,1,352.7,352.7,0,0
15679,24,4,781.28,195.32,158,1
15680,9,3,1333.68,444.56,356,1
15681,25,5,1426.16,285.232,255,1
15683,117,1,193.75,193.75,0,0
15687,9,9,2993.1,332.56666666666666,321,1
15689,120,2,254.1,127.05,241,0
15690,4,2,239.76,119.88,96,0
15691,252,1,136.8,136.8,0,0
15692,28,1,191.04,191.04,0,0
15694,1,14,6479.4,462.8142857142857,372,1
15695,267,2,409.98,204.99,0,0
15696,33,8,2711.11,338.88875,293,1
15699,18,1,309.65,309.65,0,0
15700,172,2,696.68,348.34,1,0
15701,2,4,1529.0,382.25,108,1
15703,265,1,211.5,211.5,0,0
15704,140,4,2293.62,573.405,75,1
15705,201,1,143.1,143.1,0,0
15706,64,4,1060.56,265.14,52,0
15707,35,4,916.98,229.245,51,1
15708,41,7,3235.25,462.1785714285714,328,1
15709,284,1,133.25,133.25,0,0
15712,9,5,1072.36,214.47200000000004,278,1
15713,143,2,356.7,178.35,222,0
15714,12,2,330.03000000000003,165.015,66,0
15716,146,4,1101.11,275.27750000000003,223,0
15717,234,1,150.3,150.3,0,0
15719,33,13,5030.07,386.92846153846153,304,1
15720,24,1,598.73,598.73,0,0
15721,12,1,471.4,471.4,0,0
15722,36,5,2211.21,442.242,254,1
15723,365,1,190.7,190.7,0,0
15724,201,2,218.25,109.125,83,0
15725,15,1,415.25,415.25,0,0
15727,17,7,5159.06,737.0085714285715,342,1
15729,213,1,85.0,85.0,0,0
15730,66,3,1120.88,373.6266666666667,140,0
15732,212,2,294.12,147.06,159,0
15733,283,1,162.3,162.3,0,0
15734,115,2,1339.45,669.725,85,0
15737,15,8,1188.12,148.515,228,1
15738,19,16,4812.42,300.77625,353,1
15739,66,1,449.12,449.12,0,0
15740,49,1,154.88,154.88,0,0
15743,16,4,775.96,193.99,168,1
15744,78,1,34.8,34.8,0,0
15745,19,4,1094.59,273.6475,217,1
15746,134,1,196.88,196.88,0,0
15747,13,3,946.64,315.5466666666667,160,1
15748,40,1,144.36,144.36,0,0
15749,235,3,44534.3,14844.766666666668,97,1
15750,3,8,2463.05,307.88125,364,1
15752,40,7,2626.6,375.2285714285714,333,1
15753,305,1,79.2,79.2,0,0
15754,51,3,458.57,152.85666666666663,195,0
15755,10,6,2364.25,394.0416666666667,284,1
15756,61,4,528.01,132.0025,187,0
15757,66,2,714.42,357.21,152,0
15758,25,1,205.25,205.25,0,0
15759,218,3,253.04,84.34666666666666,139,0
15762,65,2,583.75,291.875,12,0
15763,32,2,1086.92,543.46,45,0
15764,88,6,3279.97,546.6616666666666,188,1
15766,64,1,315.06,315.06,0,0
15768,116,3,621.8299999999999,207.27666666666664,110,0
15769,7,26,56252.72,2163.566153846154,363,1
15773,6,1,635.6800000000001,635.6800000000001,0,0
15774,69,1,270.8,270.8,0,0
15775,245,1,104.9,104.9,0,0
15776,133,1,241.62,241.62,0,0
15777,241,4,1047.11,261.7775,120,0
15780,184,3,475.28,158.42666666666668,174,0
15781,25,3,345.46,115.15333333333332,280,0
15782,10,3,2614.74,871.58,79,1
15783,11,1,246.3,246.3,0,0
15785,33,5,2328.9700000000003,465.794,262,1
15786,46,3,4919.0,1639.6666666666667,68,1
15787,26,3,933.26,311.08666666666664,35,1
15789,358,1,351.3,351.3,0,0
15790,10,1,218.75,218.75,0,0
15791,44,2,1612.69,806.345,160,0
15793,15,3,965.61,321.87,253,1
15795,150,1,610.01,610.01,0,0
15796,1,8,2708.61,338.57625,301,1
15797,113,4,2207.4,551.85,206,1
15799,76,3,884.14,294.7133333333333,258,0
15800,107,2,696.89,348.445,139,0
15801,46,3,1063.95,354.65000000000003,63,0
15802,143,1,451.42,451.42,0,0
15803,51,1,415.8200000000001,415.8200000000001,0,0
15804,1,13,4206.39,323.5684615384616,198,1
15805,23,17,5488.18,322.83411764705886,341,1
15806,46,3,784.58,261.5266666666667,230,0
15807,50,3,903.9,301.3,26,0
15808,306,4,3651.27,912.8175,63,0
15809,36,5,515.77,103.154,266,1
15810,79,4,1391.98,347.995,218,1
15811,22,6,2218.62,369.77,343,1
15812,107,5,1801.14,360.228,210,1
15813,208,2,1303.91,651.9549999999999,31,0
15814,17,4,1945.33,486.3325,33,1
15815,64,5,2100.6,420.12,196,1
15819,49,4,1905.45,476.3625,227,1
15820,320,1,206.98,206.98,0,0
15821,44,2,570.96,285.48,17,0
15822,3,2,885.47,442.735,356,1
15823,372,1,15.0,15.0,0,0
15825,172,1,532.94,532.94,0,0
15826,56,3,1654.31,551.4366666666666,154,1
15827,73,14,1836.09,131.14928571428572,299,1
15829,99,2,636.14,318.07,41,0
15830,38,1,576.0,576.0,0,0
15831,58,3,794.64,264.88,265,0
15832,254,1,836.79,836.79,0,0
15834,70,4,2225.15,556.2875,206,1
15835,44,4,954.09,238.5225,286,1
15836,50,1,137.37,137.37,0,0
15837,65,1,391.98,391.98,0,0
15838,11,19,33643.08,1770.6884210526316,356,1
15839,33,3,1048.49,349.49666666666667,114,1
15840,59,2,355.56,177.78,113,0
15841,73,4,1224.06,306.015,266,1
15843,304,1,118.95000000000002,118.95000000000002,0,0
15844,46,1,130.73999999999998,130.73999999999998,0,0
15845,18,8,3711.77,463.97125,319,1
15847,38,2,389.27,194.635,249,0
15850,19,2,234.88,117.44,148,0
15852,187,2,160.71,80.355,10,0
15853,52,1,110.8,110.8,0,0
15854,4,12,2969.12,247.42666666666665,357,1
15855,137,5,712.24,142.448,126,0
15856,4,27,16143.64,597.9125925925925,361,1
15857,19,1,297.0,297.0,0,0
15858,16,5,1427.57,285.514,351,1
15860,41,8,965.16,120.645,327,1
15861,12,8,3146.92,393.365,254,1
15862,8,4,832.88,208.22,365,1
15863,26,2,68.84,34.42,167,0
15864,22,6,1936.32,322.72,293,1
15865,41,3,895.13,298.37666666666667,173,0
15866,101,1,211.89,211.89,0,0
15867,5,15,3810.14,254.00933333333333,363,1
15869,277,2,149.64,74.82,0,0
15870,33,1,351.44,351.44,0,0
15872,15,2,316.25,158.125,0,0
15874,64,7,4405.88,629.4114285714286,220,1
15877,2,2,490.33,245.165,16,1
15880,369,1,329.03000000000003,329.03000000000003,0,0
15881,312,5,501.39,100.278,52,0
15882,199,4,516.36,129.09,169,0
15883,2,2,396.48,198.24,31,1
15885,93,3,379.35,126.45,216,0
15886,60,1,181.09,181.09,0,0
15888,81,1,168.31,168.31,0,0
15889,157,2,420.07,210.035,212,0
15891,227,1,511.68,511.68,0,0
15894,253,2,258.25,129.125,115,0
15895,150,1,179.17,179.17,0,0
15897,194,2,208.59,104.295,0,0
15898,1,5,1383.83,276.766,367,1
15899,369,1,56.25,56.25,0,0
15900,24,1,337.28,337.28,0,0
15901,17,3,351.73,117.24333333333334,138,0
15903,10,7,5126.76,732.3942857142857,285,1
15904,8,1,164.68,164.68,0,0
15906,20,7,1567.69,223.9557142857143,235,1
15907,4,3,882.72,294.24,206,1
15909,174,1,191.94,191.94,0,0
15910,1,8,1228.88,153.61,315,1
15912,178,2,264.62,132.31,54,0
15916,16,8,1502.86,187.8575,350,1
15917,248,1,123.1,123.1,0,0
15918,191,2,334.23,167.115,80,0
15919,20,2,525.69,262.845,349,0
15920,154,4,167.5,41.875,0,0
15921,173,1,323.03000000000003,323.03000000000003,0,0
15922,373,1,369.5,369.5,0,0
15923,373,1,127.08,127.08,0,0
15925,194,1,207.15,207.15,0,0
15930,67,1,426.63,426.63,0,0
15932,4,8,2495.87,311.98375,285,1
15933,21,3,1107.46,369.15333333333336,65,1
15935,239,2,416.86,208.43,2,0
15937,64,1,145.35,145.35,0,0
15938,112,5,404.58,80.916,211,0
15939,90,15,6115.01,407.6673333333334,241,1
15940,311,1,35.8,35.8,0,0
15942,134,1,337.44,337.44,0,0
15944,277,1,325.1,325.1,0,0
15945,365,1,181.0,181.0,0,0
15947,83,1,1708.24,1708.24,0,0
15948,8,2,955.24,477.62,35,1
15949,17,2,364.72,182.36,54,0
15950,32,4,1744.71,436.1775,327,1
15951,9,2,708.22,354.11,276,1
15952,34,4,781.91,195.4775,191,1
15953,15,8,1657.28,207.16,354,1
15955,24,14,4416.26,315.44714285714286,348,1
15957,32,1,428.89,428.89,0,0
15958,74,1,104.35,104.35,0,0
15963,20,2,470.76,235.38,25,0
15965,17,4,808.87,202.2175,350,1
15967,23,2,397.68,198.84,295,0
15969,3,3,666.1,222.03333333333333,182,1
15970,304,1,314.1,314.1,0,0
15971,18,12,4199.85,349.9875,293,1
15973,367,1,307.82000000000005,307.82000000000005,0,0
15974,39,7,3442.15,491.7357142857143,249,1
15975,84,1,371.01,371.01,0,0
15976,165,2,427.64,213.82,54,0
15977,17,2,1054.73,527.365,21,1
15978,77,1,1098.78,1098.78,0,0
15980,89,3,2398.86,799.62,165,1
15981,25,8,3408.48,426.06,286,1
15983,22,4,1465.12,366.28,351,1
15984,3,10,2780.63,278.063,365,1
15985,123,2,1142.42,571.21,113,0
15986,30,1,168.12,168.12,0,0
15987,12,7,1432.77,204.68142857142857,356,1
15988,19,1,156.78,156.78,0,0
15990,44,2,792.11,396.055,243,0
15992,4,1,41.99,41.99,0,0
15993,9,7,2777.67,396.81,35,1
15994,55,1,414.27,414.27,0,0
15996,88,6,1032.58,172.09666666666666,277,1
15998,37,5,3080.22,616.044,325,1
16000,3,3,12393.7,4131.233333333334,0,1
16003,30,5,2735.37,547.074,329,1
16005,12,4,578.71,144.6775,258,1
16006,211,1,101.4,101.4,0,0
16007,48,4,1693.81,423.4525,167,1
16008,24,3,478.78,159.59333333333333,180,0
16009,22,4,972.11,243.0275,137,1
16010,246,3,392.4,130.79999999999998,116,0
16011,8,16,3352.96,209.56,357,1
16012,35,3,1415.29,471.7633333333333,119,1
16013,4,47,37130.6,790.0127659574467,367,1
16014,38,3,646.83,215.61,253,0
16015,4,3,704.55,234.85,45,1
16016,3,8,1465.51,183.18875,363,1
16017,47,1,211.88,211.88,0,0
16018,39,2,408.9,204.45,141,0
16019,47,9,3786.24,420.6933333333334,317,1
16020,17,3,851.01,283.67,48,1
16022,260,1,602.63,602.63,0,0
16023,46,3,719.81,239.93666666666664,220,0
16024,12,1,251.03,251.03,0,0
16025,30,1,439.66,439.66,0,0
16026,43,1,236.09,236.09,0,0
16027,92,6,934.62,155.77,210,1
16029,39,63,80850.84,1283.3466666666666,335,1
16030,310,1,331.24,331.24,0,0
16031,92,2,547.9,273.95,154,0
16033,6,20,8778.82,438.941,364,1
16034,196,3,437.7,145.9,136,0
16036,87,2,758.92,379.46,176,0
16037,270,3,855.02,285.00666666666666,88,0
16038,8,3,471.78,157.26000000000002,194,1
16040,65,3,1313.55,437.85,203,0
16041,31,3,3166.4,1055.4666666666667,110,1
16042,22,5,1177.47,235.494,310,1
16043,38,4,773.99,193.4975,280,1
16045,120,4,1340.7,335.175,170,0
16048,373,2,256.44,128.22,0,0
16049,40,3,1074.81,358.27,34,0
16050,174,1,137.9,137.9,0,0
16052,54,1,362.06,362.06,0,0
16053,33,2,1511.95,755.975,89,0
16054,145,1,783.9,783.9,0,0
16055,221,1,134.8,134.8,0,0
16056,45,1,650.75,650.75,0,0
16057,16,7,2263.12,323.30285714285714,268,1
16059,66,6,1453.16,242.19333333333336,301,1
16062,10,4,1153.62,288.405,355,1
16063,260,1,335.32,335.32,0,0
16065,365,1,367.14,367.14,0,0
16066,17,5,1521.04,304.208,107,1
16070,22,2,852.15,426.075,9,0
16071,45,1,326.24,326.24,0,0
16072,288,1,584.3199999999999,584.3199999999999,0,0
16073,297,1,122.4,122.4,0,0
16076,3,10,2234.73,223.473,205,1
16078,284,1,79.2,79.2,0,0
16079,17,3,1352.0,450.6666666666667,23,1
16080,82,2,217.16,108.58,192,0
16081,56,5,2799.42,559.884,310,1
16083,101,2,1317.62,658.81,259,0
16084,299,1,436.18,436.18,0,0
16085,23,5,981.51,196.302,297,1
16086,59,5,1121.39,224.278,307,1
16091,155,2,315.06,157.53,43,0
16092,115,3,817.86,272.62,139,0
16093,107,1,17.0,17.0,0,0
16094,12,4,1078.23,269.5575,207,1
16096,264,1,320.62,320.62,0,0
16097,240,1,185.05,185.05,0,0
16098,88,7,2005.63,286.5185714285714,286,1
16099,50,3,731.9,243.96666666666667,175,0
16101,71,1,1290.7,1290.7,0,0
16102,42,3,1842.14,614.0466666666667,86,1
16103,7,6,1429.64,238.2733333333333,226,1
16104,62,1,298.21,298.21,0,0
16105,249,1,336.96,336.96,0,0
16106,66,1,108.38,108.38,0,0
16107,18,7,3204.1600000000003,457.7371428571429,165,1
16108,85,1,842.5,842.5,0,0
16109,219,2,611.88,305.94,89,0
16110,45,3,1320.95,440.31666666666666,266,1
16112,143,4,195.74,48.935,195,0
16113,183,1,161.38,161.38,0,0
16114,171,1,135.75000000000003,135.75000000000003,0,0
16115,10,8,1660.88,207.61,282,1
16116,212,1,612.78,612.78,0,0
16117,190,1,232.21,232.21,0,0
16119,8,2,423.36,211.68,64,0
16120,59,4,1309.14,327.285,0,1
16121,57,2,854.66,427.33,158,0
16122,73,4,684.4200000000001,171.10500000000002,293,0
16123,52,1,307.78,307.78,0,0
16124,317,1,249.0,249.0,0,0
16125,367,1,289.35,289.35,0,0
16126,29,4,6287.77,1571.9425,267,1
16127,39,1,656.25,656.25,0,0
16128,18,5,1880.22,376.044,264,1
16131,52,6,3506.54,584.4233333333333,188,1
16133,4,33,14589.04,442.0921212121213,314,1
16134,22,2,618.09,309.045,337,0
16135,263,1,517.55,517.55,0,0
16136,60,3,709.38,236.46,217,0
16139,19,3,635.41,211.8033333333333,187,1
16140,66,2,725.18,362.59,305,0
16141,88,1,620.4,620.4,0,0
16142,250,1,535.34,535.34,0,0
16143,3,6,2424.94,404.1566666666667,365,1
16144,247,1,175.2,175.2,0,0
16145,9,11,3799.49,345.40818181818184,351,1
16146,157,3,734.13,244.71,74,0
16147,134,1,375.0,375.0,0,0
16148,296,1,76.32000000000001,76.32000000000001,0,0
16149,5,2,280.52,140.26,137,0
16150,43,5,2053.02,410.604,329,1
16152,269,1,1829.04,1829.04,0,0
16153,50,5,1824.23,364.846,305,1
16156,9,9,3092.04,343.56,302,1
16157,16,3,656.69,218.89666666666668,56,1
16159,282,1,348.2,348.2,0,0
16160,65,2,1025.44,512.72,20,0
16161,2,19,5533.67,291.2457894736842,367,1
16162,252,1,37.4,37.4,0,0
16163,232,2,856.6,428.3,132,0
16164,17,3,822.48,274.16,25,1
16168,11,27,3787.6,140.28148148148148,359,1
16169,8,4,1822.97,455.7425,67,1
16170,51,6,1885.05,314.175,197,1
16171,59,1,73.2,73.2,0,0
16172,95,5,1140.21,228.042,146,1
16173,16,6,1418.32,236.38666666666663,82,1
16174,126,3,1009.55,336.5166666666667,25,0
16175,94,4,1037.59,259.3975,145,0
16177,50,1,331.95,331.95,0,0
16178,138,1,197.9,197.9,0,0
16179,61,1,215.83,215.83,0,0
16180,100,8,10254.18,1281.7725,152,1
16181,73,1,305.54,305.54,0,0
16182,72,4,6617.65,1654.4125,222,1
16183,67,1,338.71000000000004,338.71000000000004,0,0
16184,64,6,1158.79,193.13166666666663,147,1
16185,17,2,529.41,264.705,215,0
16186,23,12,4006.94,333.9116666666667,349,1
16187,32,15,6911.4400000000005,460.7626666666667,252,1
16188,45,4,981.86,245.465,198,1
16189,16,2,215.48,107.74,69,0
16190,40,1,215.08,215.08,0,0
16191,3,13,5180.52,398.5015384615385,357,1
16193,237,1,314.45,314.45,0,0
16198,75,1,400.681,400.681,0,0
16200,4,2,1068.87,534.4350000000001,159,1
16201,3,4,1863.47,465.8675,106,1
16202,361,1,365.27,365.27,0,0
16203,59,4,592.9,148.225,313,0
16204,23,1,384.18,384.18,0,0
16205,31,4,757.63,189.4075,148,1
16206,55,4,537.0600000000001,134.265,272,0
16207,25,1,394.38,394.38,0,0
16208,45,2,664.26,332.13,244,0
16209,89,5,2262.62,452.524,157,1
16210,2,18,21086.3,1171.461111111111,372,1
16211,89,1,547.02,547.02,0,0
16212,19,2,690.34,345.17,264,0
16213,79,1,159.0,159.0,0,0
16214,171,3,1062.75,354.25,98,0
16215,81,1,242.35,242.35,0,0
16216,267,1,914.93,914.93,0,0
16217,235,2,304.25,152.125,46,0
16218,30,7,3084.68,440.6685714285714,343,1
16221,37,3,860.86,286.9533333333333,330,0
16222,318,1,773.5500000000001,773.5500000000001,0,0
16224,57,4,1295.3,323.825,192,1
16225,45,5,1096.32,219.264,232,1
16226,203,3,255.12,85.04,32,0
16227,225,1,314.22,314.22,0,0
16229,87,2,1010.6,505.3,125,0
16230,190,2,542.03,271.015,30,0
16232,44,4,990.88,247.72,171,1
16233,71,3,536.6800000000001,178.89333333333337,295,0
16235,41,5,867.31,173.462,291,1
16236,78,1,432.2,432.2,0,0
16239,57,2,414.2,207.1,132,0
16240,24,2,3718.8,1859.4,53,1
16241,10,13,2590.31,199.2546153846154,360,1
16242,8,7,3579.86,511.40857142857146,268,1
16243,34,2,409.1,204.55,21,0
16244,212,2,1522.75,761.375,160,0
16245,24,3,1413.66,471.22,233,1
16247,170,1,114.56,114.56,0,0
16248,62,1,152.94,152.94,0,0
16249,53,5,1800.07,360.014,186,1
16250,261,2,389.44,194.72,112,0
16253,67,2,3683.86,1841.93,188,1
16255,17,8,2619.91,327.48875,348,1
16256,267,1,752.4300000000001,752.4300000000001,0,0
16257,177,1,46.95,46.95,0,0
16258,45,5,5203.51,1040.702,173,1
16260,51,1,1035.45,1035.45,0,0
16261,17,4,728.54,182.135,228,1
16265,9,9,5447.0,605.2222222222222,355,1
16266,74,7,861.89,123.12714285714286,132,1
16268,71,2,667.65,333.825,0,0
16270,353,1,1141.24,1141.24,0,0
16271,3,5,1404.64,280.928,355,1
16272,117,1,411.7,411.7,0,0
16274,373,1,351.75,351.75,0,0
16275,197,1,559.87,559.87,0,0
16276,177,1,810.6000000000001,810.6000000000001,0,0
16278,100,1,566.38,566.38,0,0
16279,21,3,1502.78,500.9266666666667,155,1
16281,72,1,2062.06,2062.06,0,0
16282,340,1,168.3,168.3,0,0
16283,6,5,1570.81,314.162,202,1
16284,31,2,812.68,406.34,19,0
16287,170,1,142.5,142.5,0,0
16292,122,1,302.25,302.25,0,0
16293,22,10,2248.99,224.89900000000003,345,1
16295,10,4,1328.55,332.1375,54,1
16297,269,1,301.9,301.9,0,0
16298,23,3,598.2,199.4,164,0
16302,127,1,233.22,233.22,0,0
16303,26,3,5360.63,1786.8766666666668,307,1
16305,139,1,361.22,361.22,0,0
16306,214,6,632.27,105.37833333333332,153,0
16308,38,4,2560.0,640.0,223,1
16309,106,2,706.57,353.285,134,0
16311,18,2,616.26,308.13,31,0
16313,3,2,274.15000000000003,137.07500000000002,46,0
16315,331,1,226.37,226.37,0,0
16316,64,8,2938.91,367.36375,293,1
16317,120,3,1341.65,447.2166666666667,177,0
16318,35,1,328.15,328.15,0,0
16319,218,1,404.4,404.4,0,0
16320,172,2,1038.46,519.23,40,0
16321,72,5,373.65,74.73,251,0
16322,1,2,326.75,163.375,35,1
16323,196,1,207.50000000000003,207.50000000000003,0,0
16324,128,3,408.59,136.1966666666667,48,0
16325,47,3,594.24,198.08,198,0
16326,6,14,3039.2200000000003,217.08714285714288,328,1
16327,14,6,3820.27,636.7116666666667,355,1
16330,18,3,251.91,83.97,94,0
16332,28,7,1582.8,226.1142857142857,277,1
16333,8,22,26626.8,1210.3090909090909,302,1
16337,37,1,151.05,151.05,0,0
16338,157,1,214.8,214.8,0,0
16339,284,1,94.05,94.05,0,0
16340,107,1,534.31,534.31,0,0
16341,25,4,1971.87,492.9675,176,1
16342,75,4,322.41,80.6025,104,0
16343,16,2,328.58,164.29,0,0
16344,158,1,101.1,101.1,0,0
16345,44,1,565.46,565.46,0,0
16347,11,2,847.45,423.725,25,1
16348,32,7,1415.65,202.2357142857143,207,1
16349,291,1,53.5,53.5,0,0
16350,21,4,1116.47,279.1175,312,1
16351,333,1,153.9,153.9,0,0
16352,18,2,494.44,247.22,20,0
16353,4,23,6675.71,290.24826086956523,366,1
16354,63,2,395.8,197.9,9,0
16356,198,3,211.77,70.59,79,0
16357,33,3,658.88,219.6266666666667,180,0
16358,1,4,2027.5,506.875,183,1
16359,7,9,1750.92,194.54666666666668,324,1
16360,5,6,3450.41,575.0683333333333,83,1
16361,10,4,891.21,222.8025,61,1
16362,32,5,709.99,141.998,58,1
16363,53,1,109.36,109.36,0,0
16364,12,2,705.79,352.895,125,0
16365,18,9,1540.42,171.1577777777778,349,1
16366,19,1,327.3,327.3,0,0
16367,37,2,800.67,400.335,325,0
16368,2,2,479.91,239.955,25,1
16369,18,3,1545.41,515.1366666666667,178,1
16370,82,4,1301.91,325.4775,142,0
16372,33,2,355.73,177.865,0,0
16374,66,2,466.73,233.365,196,0
16376,9,2,974.96,487.48,8,1
16377,267,1,676.2,676.2,0,0
16378,247,3,362.95,120.98333333333332,63,0
16379,4,4,2157.4,539.35,74,1
16380,61,1,1743.15,1743.15,0,0
16383,75,2,643.76,321.88,193,0
16384,90,2,584.5,292.25,174,0
16385,60,3,554.86,184.95333333333332,306,0
16386,29,2,302.57,151.285,225,0
16387,323,1,94.36,94.36,0,0
16389,53,4,1382.07,345.5175,229,1
16392,270,1,217.89,217.89,0,0
16393,2,13,3040.96,233.92,366,1
16394,57,5,1555.34,311.068,232,1
16395,61,5,1482.06,296.412,270,1
16398,154,2,1705.8,852.9,99,0
16399,19,2,408.02,204.01,216,0
16400,95,1,303.93,303.93,0,0
16401,1,12,4098.32,341.52666666666664,326,1
16402,265,2,293.45,146.725,104,0
16403,312,1,177.5,177.5,0,0
16404,70,1,443.05,443.05,0,0
16405,302,2,167.25,83.625,7,0
16406,19,1,154.35,154.35,0,0
16407,13,10,2079.68,207.968,299,1
16409,36,5,2022.98,404.596,281,1
16411,19,2,211.7,105.85,349,0
16412,54,1,135.99,135.99,0,0
16413,57,1,262.2,262.2,0,0
16414,22,2,126.25,63.125,258,0
16415,44,1,200.27,200.27,0,0
16416,27,3,1051.4,350.4666666666667,29,1
16418,45,3,631.12,210.3733333333333,181,0
16419,113,6,958.71,159.785,199,1
16422,17,51,34684.4,680.086274509804,351,1
16423,25,1,346.12,346.12,0,0
16424,191,1,133.56,133.56,0,0
16425,302,1,302.7,302.7,0,0
16426,2,10,1863.76,186.376,273,1
16427,263,2,241.06,120.53,21,0
16429,106,1,284.55,284.55,0,0
16430,57,1,300.85,300.85,0,0
16431,213,3,623.28,207.76,84,0
16432,64,1,287.4,287.4,0,0
16433,28,1,184.26,184.26,0,0
16434,29,7,1511.8,215.97142857142856,270,1
16438,6,5,798.35,159.67000000000002,76,1
16440,8,5,3640.67,728.134,206,1
16441,67,2,381.2,190.6,224,0
16442,2,3,609.3,203.1,359,1
16444,46,4,654.67,163.6675,218,0
16445,34,1,230.51,230.51,0,0
16446,1,2,168472.5,84236.25,204,1
16447,136,1,255.91,255.91,0,0
16448,198,1,182.99,182.99,0,0
16449,198,2,707.69,353.845,82,0
16450,150,1,311.92,311.92,0,0
16451,88,1,266.97,266.97,0,0
16454,45,2,6.9,3.45,19,0
16455,64,7,1841.18,263.0257142857143,307,1
16456,99,5,2158.18,431.636,273,1
16457,218,1,208.36,208.36,0,0
16458,3,18,3482.74,193.4855555555556,357,1
16460,28,3,811.23,270.41,53,0
16461,178,1,142.92,142.92,0,0
16462,74,3,136.0,45.333333333333336,210,0
16463,21,4,1422.4,355.6,182,1
16464,20,3,1298.66,432.8866666666667,122,1
16466,34,7,1595.96,227.99428571428567,258,1
16468,74,1,74.9,74.9,0,0
16469,24,4,625.42,156.355,222,1
16470,52,4,752.77,188.1925,307,0
16471,275,1,223.95,223.95,0,0
16473,165,3,316.11,105.37,171,0
16474,7,7,1810.65,258.6642857142857,137,1
16475,88,4,544.3,136.075,185,0
16477,64,7,2494.46,356.3514285714286,307,1
16478,25,3,331.0,110.33333333333331,40,0
16479,10,2,300.83,150.415,0,0
16480,76,1,769.29,769.29,0,0
16482,16,1,220.62,220.62,0,0
16483,192,1,139.35,139.35,0,0
16484,174,2,404.3,202.15,17,0
16485,77,1,363.65,363.65,0,0
16488,33,3,498.8,166.26666666666668,115,0
16491,47,1,731.5,731.5,0,0
16493,80,4,1351.63,337.9075,250,1
16494,297,1,826.53,826.53,0,0
16495,3,3,648.26,216.08666666666667,272,1
16496,9,3,1599.52,533.1733333333333,308,1
16497,50,6,2965.69,494.2816666666667,283,1
16498,161,2,100.97,50.485,0,0
16499,360,2,365.45,182.725,4,0
16500,5,6,400.86,66.81,326,1
16503,107,4,1431.93,357.9825,253,0
16504,25,1,465.88,465.88,0,0
16505,32,1,777.6,777.6,0,0
16506,20,2,90.3,45.150000000000006,20,0
16509,297,1,363.7,363.7,0,0
16510,372,1,248.1,248.1,0,0
16511,22,3,918.33,306.11,244,1
16513,5,4,874.59,218.6475,38,1
16515,52,5,1624.14,324.82800000000003,259,1
16516,30,1,101.7,101.7,0,0
16517,277,1,162.7,162.7,0,0
16518,61,2,484.32,242.16,222,0
16519,25,2,215.08,107.54,340,0
16520,186,3,1046.57,348.8566666666666,179,0
16523,2,21,9418.47,448.4985714285715,313,1
16525,2,26,13027.45,501.0557692307693,364,1
16526,172,1,290.36,290.36,0,0
16527,81,1,228.06,228.06,0,0
16528,4,1,244.41,244.41,0,0
16529,190,1,455.25,455.25,0,0
16531,22,7,1244.59,177.79857142857142,338,1
16532,18,3,6748.8,2249.6,320,1
16533,19,3,1082.81,360.93666666666667,48,1
16535,5,1,593.75,593.75,0,0
16536,110,1,548.12,548.12,0,0
16539,3,4,1388.81,347.2025,370,1
16542,54,1,119.62,119.62,0,0
16545,165,1,339.3,339.3,0,0
16546,291,2,787.15,393.575,81,0
16549,10,10,4034.9,403.49,324,1
16550,109,5,2298.97,459.794,259,1
16551,96,3,922.12,307.37333333333333,240,0
16552,243,2,379.73,189.865,130,0
16553,163,12,5719.82,476.6516666666666,197,1
16554,42,3,837.1,279.03333333333336,289,0
16555,35,2,285.89,142.945,74,0
16556,67,7,3313.79,473.3985714285714,293,1
16557,24,2,281.85,140.925,113,0
16558,1,20,8338.49,416.9245,365,1
16560,27,2,841.41,420.705,331,0
16561,6,2,511.12,255.56,54,1
16563,54,1,1077.74,1077.74,0,0
16565,364,1,173.7,173.7,0,0
16566,15,5,614.66,122.932,277,1
16567,194,2,865.6,432.8,142,0
16569,3,1,124.2,124.2,0,0
16570,15,10,3738.4,373.84,296,1
16571,27,3,1421.69,473.8966666666667,255,1
16572,127,3,1009.6,336.53333333333336,148,0
16573,85,2,663.61,331.805,205,0
16574,71,1,451.44,451.44,0,0
16581,183,1,105.84,105.84,0,0
16582,113,1,313.62,313.62,0,0
16583,374,1,233.45,233.45,0,0
16584,80,2,936.08,468.04,174,0
16586,249,1,463.95,463.95,0,0
16587,232,1,225.15,225.15,0,0
16589,71,3,459.24,153.08,90,0
16591,69,1,213.5,213.5,0,0
16592,4,16,4113.68,257.105,283,1
16593,51,3,330.03,110.01,277,0
16594,75,1,181.09,181.09,0,0
16595,61,1,360.16,360.16,0,0
16596,16,2,250.15,125.075,350,0
16597,4,1,90.04,90.04,0,0
16598,286,1,145.04999999999998,145.04999999999998,0,0
16600,4,6,813.52,135.58666666666667,334,1
16601,41,1,242.7,242.7,0,0
16602,36,1,528.08,528.08,0,0
16603,75,2,482.47,241.235,16,0
16607,18,14,3347.71,239.12214285714285,341,1
16609,15,7,5493.46,784.78,237,1
16610,219,1,75.66,75.66,0,0
16611,186,1,129.49,129.49,0,0
16612,33,4,1187.66,296.915,278,1
16613,70,1,618.59,618.59,0,0
16614,183,1,506.19,506.19,0,0
16616,15,2,500.42,250.21,142,0
16617,236,1,151.85,151.85,0,0
16618,31,5,2647.59,529.518,291,1
16619,264,1,226.21,226.21,0,0
16620,4,2,178.96,89.48,257,0
16621,52,4,813.48,203.37,226,0
16623,246,1,129.45,129.45,0,0
16624,81,2,810.5699999999999,405.285,116,0
16625,275,1,333.08,333.08,0,0
16626,1,17,4413.1,259.59411764705885,265,1
16627,79,1,322.8,322.8,0,0
16628,30,5,2188.05,437.61,205,1
16629,74,2,408.63,204.315,22,0
16633,17,6,2883.1,480.51666666666665,216,1
16634,223,2,217.9,108.95,149,0
16637,32,4,1154.47,288.6175,193,1
16638,23,10,1680.72,168.072,346,1
16639,31,3,1257.51,419.17,204,1
16641,106,1,231.1,231.1,0,0
16642,5,2,688.33,344.165,202,1
16643,246,1,487.51,487.51,0,0
16644,178,2,833.78,416.89,34,0
16647,170,2,214.06,107.03,35,0
16648,43,1,290.66,290.66,0,0
16650,72,1,518.42,518.42,0,0
16652,59,7,6773.97,967.71,214,1
16653,16,2,1212.66,606.33,55,1
16654,141,4,601.27,150.3175,227,0
16655,18,6,3789.52,631.5866666666667,314,1
16656,22,15,8625.8,575.0533333333333,342,1
16657,10,4,874.43,218.6075,244,1
16658,368,1,123.24,123.24,0,0
16659,189,1,39.12,39.12,0,0
16660,16,4,1267.65,316.9125,303,1
16665,362,1,135.39999999999998,135.39999999999998,0,0
16666,19,1,118.98,118.98,0,0
16667,68,2,567.1800000000001,283.59000000000003,216,0
16668,15,6,306.72,51.12,269,1
16669,24,3,1348.88,449.6266666666667,54,1
16670,17,11,4095.9,372.3545454545455,341,1
16671,28,3,1692.27,564.09,136,1
16672,2,20,8134.94,406.747,264,1
16674,55,2,304.24,152.12,43,0
16676,34,4,1592.12,398.03,303,1
16678,3,12,3109.99,259.1658333333333,280,1
16679,366,1,129.75,129.75,0,0
16680,43,1,183.7,183.7,0,0
16681,73,6,1770.34,295.0566666666667,180,1
16682,5,5,1028.0,205.6,183,1
16684,4,28,66653.56,2380.4842857142858,353,1
16685,61,2,324.24,162.12,0,0
16686,47,7,2959.88,422.84,307,1
16688,1,4,1260.86,315.215,59,1
16689,76,2,422.6,211.3,6,0
16690,72,2,225.58,112.79,129,0
16692,256,2,1276.0,638.0,32,0
16693,69,2,477.86,238.93,203,0
16696,135,4,657.9000000000001,164.47500000000002,112,0
16697,241,1,112.75,112.75,0,0
16698,227,2,1998.0,999.0,26,0
16700,9,13,5076.55,390.50384615384615,357,1
16701,9,13,5398.3,415.25384615384615,352,1
16705,1,20,14034.99,701.7495,358,1
16706,37,3,531.35,177.11666666666667,76,0
16708,46,1,656.63,656.63,0,0
16709,85,5,3029.87,605.9739999999999,197,1
16710,19,10,2467.99,246.799,349,1
16711,3,5,1651.03,330.206,354,1
16712,9,11,3611.31,328.3009090909091,266,1
16713,19,15,6910.78,460.71866666666665,347,1
16714,219,3,1129.06,376.3533333333333,98,0
16715,78,1,301.72,301.72,0,0
16716,267,2,901.2,450.6,44,0
16717,24,6,3843.08,640.5133333333333,342,1
16718,369,1,606.0500000000001,606.0500000000001,0,0
16719,15,7,1770.22,252.88857142857145,353,1
16720,26,1,152.95,152.95,0,0
16721,262,1,292.47,292.47,0,0
16722,17,13,4730.81,363.9084615384616,351,1
16723,91,2,576.4,288.2,16,0
16725,302,7,758.27,108.32428571428572,69,0
16726,26,5,1358.74,271.748,335,1
16727,364,1,256.32,256.32,0,0
16728,46,4,1048.28,262.07,218,1
16729,38,21,7205.33,343.1109523809524,203,1
16730,52,3,743.11,247.70333333333332,267,0
16732,32,1,603.75,603.75,0,0
16734,52,3,646.76,215.58666666666667,61,0
16735,79,5,2247.41,449.482,255,1
16737,53,1,417.6,417.6,0,0
16738,298,1,3.75,3.75,0,0
16739,177,1,323.0,323.0,0,0
16742,47,1,464.9,464.9,0,0
16743,29,7,2213.13,316.1614285714286,329,1
16744,11,7,1291.91,184.55857142857144,161,1
16745,87,17,7180.7,422.3941176470588,225,1
16746,5,18,6680.11,371.1172222222222,354,1
16747,38,2,836.06,418.03,30,0
16748,18,5,1515.9,303.18,316,1
16750,45,5,623.93,124.786,187,1
16751,31,1,1764.72,1764.72,0,0
16752,373,1,207.5,207.5,0,0
16753,58,1,223.92,223.92,0,0
16754,372,1,2002.4,2002.4,0,0
16755,114,3,1475.43,491.81,201,0
16756,215,1,239.4,239.4,0,0
16757,319,1,106.83,106.83,0,0
16758,65,1,369.34,369.34,0,0
16759,8,3,789.79,263.2633333333333,23,1
16761,97,1,316.62,316.62,0,0
16762,20,3,1207.24,402.41333333333336,124,1
16763,199,1,611.85,611.85,0,0
16764,4,13,2790.9500000000003,214.68846153846155,139,1
16765,294,1,34.0,34.0,0,0
16766,273,2,1145.6,572.8,0,0
16767,31,11,5575.56,506.86909090909097,285,1
16768,48,3,478.09,159.36333333333334,224,0
16769,260,1,361.54,361.54,0,0
16770,58,5,757.1,151.42000000000002,314,1
16771,33,5,2242.61,448.5220000000001,304,1
16773,57,1,171.59,171.59,0,0
16774,68,4,661.52,165.38,110,0
16775,10,11,1691.51,153.77363636363637,357,1
16776,60,1,371.54,371.54,0,0
16777,80,2,222.62,111.31,176,0
16778,74,2,245.94,122.97,199,0
16779,2,22,10611.72,482.3509090909092,364,1
16780,100,2,422.24,211.12,158,0
16781,372,1,311.25,311.25,0,0
16782,10,13,2267.9500000000003,174.45769230769233,355,1
16784,20,1,107.6,107.6,0,0
16788,123,2,594.39,297.195,131,0
16789,8,1,80.8,80.8,0,0
16790,4,6,1545.62,257.6033333333333,34,1
16791,29,7,1705.78,243.68285714285716,303,1
16792,282,2,110.38,55.190000000000005,0,0
16793,57,1,243.84,243.84,0,0
16794,1,10,1196.5,119.65,179,1
16795,365,1,414.88,414.88,0,0
16796,89,1,305.62,305.62,0,0
16800,11,1,1162.65,1162.65,0,0
16801,163,4,1594.23,398.5575,110,0
16803,65,1,332.3,332.3,0,0
16804,23,3,536.99,178.99666666666667,247,0
16805,174,2,460.59,230.295,186,0
16806,103,4,762.16,190.54,135,0
16807,143,3,1121.59,373.8633333333333,128,0
16808,99,2,288.42,144.21,175,0
16809,23,5,914.69,182.938,239,1
16810,192,1,309.54,309.54,0,0
16811,5,2,547.07,273.535,12,1
16812,361,1,479.35,479.35,0,0
16813,8,10,1652.18,165.21800000000002,196,1
16814,14,21,6416.7,305.5571428571428,355,1
16816,103,4,417.06,104.265,254,0
16817,3,9,1604.75,178.30555555555554,365,1
16818,11,11,3349.57,304.50636363636363,194,1
16820,96,1,497.61,497.61,0,0
16823,227,1,358.38,358.38,0,0
16824,16,2,460.64,230.32,148,0
16825,39,2,775.1800000000001,387.59,147,0
16826,51,1,341.7,341.7,0,0
16828,93,2,128.5,64.25,19,0
16829,157,1,197.22,197.22,0,0
16830,39,1,325.91,325.91,0,0
16832,184,3,199.15,66.38333333333334,33,0
16833,1,4,1106.53,276.6325,333,1
16834,228,1,413.46,413.46,0,0
16835,128,2,180.85,90.425,244,0
16836,40,2,251.87,125.935,76,0
16837,31,11,3170.98,288.2709090909091,214,1
16838,197,2,588.85,294.425,90,0
16839,9,34,16594.35,488.0691176470588,360,1
16841,37,6,1869.82,311.63666666666666,250,1
16842,101,3,1264.19,421.3966666666667,201,0
16843,43,16,10196.57,637.285625,284,1
16846,50,1,214.32,214.32,0,0
16847,43,1,193.44,193.44,0,0
16848,53,1,281.42,281.42,0,0
16849,187,1,124.57,124.57,0,0
16850,334,1,332.41,332.41,0,0
16851,4,3,342.45,114.15,47,1
16852,10,2,144.91000000000005,72.45500000000001,165,0
16855,24,2,328.4,164.2,19,0
16856,15,1,35.400000000000006,35.400000000000006,0,0
16858,369,1,375.69000000000005,375.69000000000005,0,0
16859,145,2,747.81,373.905,116,0
16861,60,2,173.76,86.88,98,0
16863,31,2,502.8,251.4,335,0
16866,141,3,207.74,69.24666666666666,20,0
16869,23,4,817.12,204.28,152,1
16871,22,6,2812.34,468.72333333333336,248,1
16872,77,3,680.02,226.6733333333333,107,0
16873,5,6,7123.62,1187.27,359,1
16875,67,5,2095.53,419.1060000000001,272,1
16877,12,6,846.62,141.10333333333332,195,1
16878,84,1,13.3,13.3,0,0
16880,31,7,1491.43,213.0614285714286,158,1
16881,67,1,432.0,432.0,0,0
16882,67,3,705.12,235.04,250,0
16883,187,2,272.48,136.24,184,0
16884,38,2,429.84,214.92,0,0
16885,15,3,450.41,150.13666666666668,341,0
16887,35,1,192.33,192.33,0,0
16889,195,3,1578.67,526.2233333333334,142,0
16891,2,5,742.43,148.486,369,1
16892,1,5,518.19,103.638,182,1
16893,367,1,145.93,145.93,0,0
16895,65,1,202.27,202.27,0,0
16897,299,2,289.78,144.89,14,0
16898,26,3,501.03,167.01,342,0
16899,8,6,1271.06,211.84333333333333,352,1
16900,17,3,887.11,295.7033333333333,46,1
16902,116,1,1706.88,1706.88,0,0
16903,29,1,363.2,363.2,0,0
16904,4,16,3653.75,228.359375,362,1
16905,5,7,3037.6,433.9428571428571,366,1
16906,82,4,559.59,139.8975,166,0
16907,29,5,928.76,185.752,336,1
16909,72,1,379.14,379.14,0,0
16910,4,8,1508.96,188.62,86,1
16912,29,11,2555.58,232.32545454545453,294,1
16913,290,1,113.44,113.44,0,0
16914,36,1,183.76,183.76,0,0
16915,9,6,621.6800000000001,103.61333333333334,274,1
16916,24,2,562.41,281.205,348,0
16917,277,1,391.52,391.52,0,0
16918,50,6,1068.82,178.13666666666666,267,1
16919,156,11,2592.25,235.6590909090909,212,1
16921,61,1,154.18,154.18,0,0
16923,12,19,7069.08,372.0568421052632,350,1
16924,21,3,829.89,276.63,62,1
16926,371,1,230.25,230.25,0,0
16927,116,3,543.05,181.01666666666665,245,0
16928,80,17,2814.7,165.5705882352941,292,1
16929,4,7,1295.39,185.0557142857143,151,1
16930,26,3,378.89,126.29666666666668,42,0
16931,5,21,4554.87,216.89857142857144,364,1
16932,53,1,150.23000000000002,150.23000000000002,0,0
16933,1,2,563.23,281.615,237,1
16934,55,2,931.03,465.515,0,0
16936,26,1,261.9,261.9,0,0
16938,9,4,2711.6800000000003,677.9200000000001,300,1
16940,52,3,3049.88,1016.6266666666668,237,1
16942,13,9,1904.99,211.6655555555556,215,1
16943,212,3,816.73,272.24333333333334,106,0
16945,22,19,4345.5,228.71052631578948,336,1
16947,236,1,406.48,406.48,0,0
16948,139,3,435.02,145.00666666666666,187,0
16949,4,6,1286.27,214.37833333333333,312,1
16950,57,3,1178.56,392.8533333333333,310,0
16951,135,3,1277.75,425.9166666666667,169,0
16952,109,2,167.61,83.805,0,0
16953,30,1,20.8,20.8,0,0
16954,1,9,2085.08,231.67555555555555,358,1
16955,185,4,518.67,129.6675,188,0
16956,18,1,308.74,308.74,0,0
16957,239,2,416.64,208.32,42,0
16959,87,1,117.35,117.35,0,0
16960,39,3,507.05,169.01666666666668,213,0
16961,116,1,234.17,234.17,0,0
16963,187,1,110.55,110.55,0,0
16965,227,1,201.19,201.19,0,0
16966,8,7,2154.97,307.8528571428571,231,1
16967,189,1,319.02,319.02,0,0
16968,4,2,439.43,219.715,103,1
16969,39,3,650.41,216.8033333333333,152,0
16971,38,1,357.21,357.21,0,0
16976,267,1,251.52,251.52,0,0
16978,78,1,344.33,344.33,0,0
16979,4,6,1852.0,308.6666666666667,294,1
16980,255,2,1028.46,514.23,36,0
16982,61,1,384.06,384.06,0,0
16983,13,7,1905.87,272.26714285714286,356,1
16984,88,2,4459.52,2229.76,41,1
16985,17,10,5464.12,546.412,341,1
16986,30,2,1873.2,936.6,0,1
16987,3,7,1616.8,230.97142857142856,202,1
16988,5,1,126.12,126.12,0,0
16989,7,6,1133.25,188.875,143,1
16990,219,1,179.0,179.0,0,0
16992,11,5,1614.31,322.862,274,1
16996,30,6,1456.96,242.82666666666668,323,1
16997,288,3,702.0,234.0,37,0
16998,150,4,295.0,73.75,154,0
16999,23,2,484.82,242.41,50,0
17001,1,11,3989.57,362.6881818181818,358,1
17002,86,3,1493.73,497.91,205,0
17004,46,2,1312.14,656.0699999999999,46,0
17006,5,4,781.78,195.445,70,1
17007,51,6,889.9300000000001,148.3216666666667,306,1
17010,18,1,195.36,195.36,0,0
17011,30,1,270.9,270.9,0,0
17014,8,3,583.4300000000001,194.4766666666667,58,1
17015,29,3,1838.61,612.87,156,1
17017,3,20,8694.26,434.713,369,1
17018,41,2,920.1,460.05,285,0
17019,11,4,1258.08,314.52,357,1
17022,31,1,71.0,71.0,0,0
17024,45,3,95.85,31.95,112,0
17025,61,3,357.77,119.25666666666666,312,0
17026,185,2,154.82999999999998,77.41499999999999,184,0
17027,79,6,877.5600000000001,146.26000000000002,238,1
17029,111,2,716.0,358.0,126,0
17030,64,1,146.87,146.87,0,0
17031,12,2,380.35,190.175,143,0
17033,86,3,1030.14,343.38000000000005,273,0
17034,16,3,745.52,248.50666666666663,271,1
17035,246,2,433.53,216.765,65,0
17037,88,1,1267.32,1267.32,0,0
17038,30,1,112.4,112.4,0,0
17040,138,1,449.73,449.73,0,0
17041,27,3,1071.49,357.16333333333336,333,1
17042,3,5,1036.58,207.316,244,1
17043,32,4,1735.18,433.795,234,1
17044,25,1,948.48,948.48,0,0
17045,113,3,339.44,113.14666666666666,134,0
17046,157,1,642.02,642.02,0,0
17047,85,3,1100.9,366.9666666666667,119,0
17048,118,3,925.35,308.45,213,0
17049,3,9,5655.03,628.3366666666666,273,1
17050,96,6,3185.64,530.9399999999999,203,1
17051,194,1,240.89,240.89,0,0
17052,28,1,399.09,399.09,0,0
17053,131,1,498.48,498.48,0,0
17054,28,5,1356.33,271.266,216,1
17058,82,3,1179.89,393.2966666666667,158,0
17059,30,5,3080.39,616.078,339,1
17060,266,1,234.24,234.24,0,0
17061,74,11,5232.2300000000005,475.6572727272728,158,1
17062,314,4,533.33,133.3325,55,0
17063,21,7,1461.14,208.73428571428573,268,1
17064,59,3,855.45,285.15000000000003,268,0
17068,12,21,4552.14,216.76857142857145,355,1
17069,28,9,2709.7000000000003,301.0777777777778,345,1
17070,114,1,304.24,304.24,0,0
17071,28,9,2429.03,269.89222222222224,281,1
17073,18,4,1446.09,361.5225,91,1
17075,18,4,834.12,208.53,299,1
17076,36,3,841.0799999999999,280.36,328,0
17078,36,2,378.2,189.1,0,0
17079,78,1,118.8,118.8,0,0
17080,22,2,287.62,143.81,247,0
17081,25,2,288.91,144.455,20,0
17082,33,2,2003.85,1001.925,285,1
17083,109,3,1405.78,468.5933333333333,194,0
17084,35,2,2747.99,1373.995,0,1
17085,123,5,1562.4,312.48,239,1
17086,7,6,2050.08,341.68,56,1
17088,28,4,1991.01,497.7525,225,1
17090,4,7,1974.65,282.0928571428572,349,1
17091,3,9,3827.76,425.3066666666667,365,1
17092,50,4,1774.03,443.5075,227,1
17094,322,1,302.0,302.0,0,0
17095,23,3,1324.16,441.3866666666667,312,1
17096,15,4,1022.13,255.5325,246,1
17097,2,8,954.42,119.3025,363,1
17100,18,2,971.74,485.87,0,0
17101,10,4,1621.73,405.4325,167,1
17102,262,1,25.5,25.5,0,0
17105,159,2,665.78,332.89,147,0
17107,33,6,10797.48,1799.58,244,1
17109,29,6,881.29,146.88166666666666,203,1
17110,165,1,163.29999999999998,163.29999999999998,0,0
17111,47,1,231.61,231.61,0,0
17114,6,8,801.12,100.14,329,1
17115,8,3,837.5,279.1666666666667,224,1
17117,288,1,116.2,116.2,0,0
17118,318,1,157.02,157.02,0,0
17119,3,2,606.91,303.455,56,1
17120,233,1,307.46,307.46,0,0
17122,119,1,138.32,138.32,0,0
17123,162,1,345.29999999999995,345.29999999999995,0,0
17124,185,1,294.24,294.24,0,0
17125,50,1,230.5,230.5,0,0
17126,152,5,989.45,197.89,210,0
17128,335,1,157.09,157.09,0,0
17131,5,5,2463.17,492.634,70,1
17133,16,7,4892.240000000001,698.8914285714287,250,1
17134,107,2,413.2,206.6,157,0
17135,16,7,1139.73,162.81857142857143,355,1
17138,276,1,380.5,380.5,0,0
17139,16,12,10650.77,887.5641666666667,273,1
17140,247,1,454.12,454.12,0,0
17142,239,1,579.0,579.0,0,0
17144,1,2,984.57,492.285,83,1
17146,106,3,749.78,249.92666666666665,253,0
17147,23,4,1714.59,428.6475,289,1
17148,52,1,124.88,124.88,0,0
17152,195,3,1689.5,563.1666666666666,68,0
17153,24,1,213.78,213.78,0,0
17154,75,1,329.34,329.34,0,0
17155,18,2,251.7,125.85,160,0
17157,8,2,319.0,159.5,168,0
17158,32,3,1266.97,422.3233333333333,328,1
17159,22,3,1538.88,512.96,150,1
17160,31,6,3518.03,586.3383333333334,210,1
17162,29,10,1715.46,171.546,276,1
17163,22,2,293.1,146.55,56,0
17164,33,7,2467.35,352.4785714285714,240,1
17165,284,1,158.68,158.68,0,0
17166,39,2,206.34,103.17,165,0
17169,58,2,835.78,417.89,125,0
17171,289,1,224.91,224.91,0,0
17172,79,1,317.76,317.76,0,0
17173,5,8,3766.6,470.825,125,1
17174,218,1,59.9,59.9,0,0
17175,44,4,1443.69,360.9225,252,1
17176,202,1,306.13,306.13,0,0
17179,178,3,711.79,237.2633333333333,183,0
17180,56,4,783.97,195.9925,259,0
17181,57,2,239.92,119.96,316,0
17183,8,6,3347.31,557.885,97,1
17186,47,2,144.0,72.0,13,0
17187,227,1,203.95,203.95,0,0
17188,11,7,2474.23,353.4614285714286,351,1
17189,106,2,383.75,191.875,253,0
17190,59,2,444.74,222.37,148,0
17191,28,7,2093.68,299.09714285714284,340,1
17193,36,7,1699.3000000000002,242.7571428571429,141,1
17194,274,2,262.62,131.31,86,0
17197,30,1,1013.01,1013.01,0,0
17198,24,3,692.22,230.74,347,0
17201,54,1,289.78,289.78,0,0
17203,36,6,3560.08,593.3466666666667,24,1
17204,175,4,1564.56,391.14,88,0
17205,54,1,384.08,384.08,0,0
17206,53,1,204.24,204.24,0,0
17211,27,8,2317.2200000000003,289.65250000000003,342,1
17212,253,1,226.85,226.85,0,0
17213,40,7,2781.23,397.3185714285714,326,1
17214,60,6,1059.12,176.52,298,1
17217,234,1,113.5,113.5,0,0
17218,4,10,1951.97,195.197,363,1
17219,32,1,114.23,114.23,0,0
17220,24,14,3187.55,227.68214285714288,339,1
17221,7,2,334.48,167.24,28,0
17222,65,1,328.65,328.65,0,0
17223,310,2,416.89,208.445,58,0
17226,309,1,393.49,393.49,0,0
17227,19,6,939.32,156.55333333333334,349,1
17228,16,8,1906.09,238.26125,356,1
17229,96,2,318.76,159.38,46,0
17230,264,8,3638.41,454.80125,95,1
17231,12,10,3124.72,312.472,349,1
17232,3,2,417.77,208.885,11,1
17233,35,1,190.88,190.88,0,0
17234,183,1,149.89,149.89,0,0
17235,25,2,550.06,275.03,347,0
17236,13,6,916.13,152.68833333333333,350,1
17237,11,2,314.69,157.345,11,0
17238,3,17,3719.1,218.7705882352941,368,1
17239,313,1,382.5,382.5,0,0
17242,108,2,1135.04,567.52,72,0
17243,1,26,8540.05,328.4634615384615,368,1
17244,53,1,954.9,954.9,0,0
17245,205,1,171.45,171.45,0,0
17247,15,1,280.09000000000003,280.09000000000003,0,0
17248,120,1,318.65,318.65,0,0
17250,4,2,381.97,190.985,257,1
17251,363,1,269.83,269.83,0,0
17252,117,2,348.91,174.455,69,0
17253,18,1,178.26,178.26,0,0
17254,5,2,271.19,135.595,10,0
17255,41,2,291.48,145.74,258,0
17256,107,2,240.0,120.0,204,0
17259,148,2,581.23,290.615,220,0
17262,52,5,1253.36,250.67200000000005,313,1
17263,208,1,63.440000000000005,63.440000000000005,0,0
17265,139,2,550.01,275.005,41,0
17266,2,3,296.58,98.86,145,1
17267,127,2,317.2,158.6,0,0
17268,108,4,763.64,190.91,137,0
17272,42,4,2148.63,537.1575,220,1
17274,35,1,107.82,107.82,0,0
17277,228,2,1065.35,532.6750000000001,95,0
17278,241,1,246.04,246.04,0,0
17279,58,1,187.83,187.83,0,0
17282,130,3,1685.46,561.82,169,0
17284,60,6,1647.48,274.58,276,1
17286,22,1,151.37,151.37,0,0
17287,26,7,1049.06,149.8657142857143,346,1
17288,9,7,1417.63,202.51857142857145,349,1
17289,32,3,931.02,310.34,148,0
17290,4,2,513.01,256.505,12,1
17291,308,1,550.8000000000001,550.8000000000001,0,0
17293,8,9,1854.06,206.00666666666663,352,1
17295,29,3,547.0,182.33333333333331,35,0
17297,17,1,128.18,128.18,0,0
17298,101,2,498.42,249.21,23,0
17299,12,4,656.61,164.1525,161,1
17301,21,1,163.24,163.24,0,0
17302,15,5,1135.63,227.12600000000003,290,1
17303,361,1,250.04,250.04,0,0
17306,11,19,8631.31,454.2794736842105,342,1
17309,95,1,82.75,82.75,0,0
17311,78,2,1384.85,692.425,238,0
17312,139,3,644.3,214.76666666666665,20,0
17313,31,1,2328.84,2328.84,0,0
17314,25,8,2527.92,315.99,287,1
17315,2,38,6281.23,165.29552631578946,355,1
17317,46,3,2600.34,866.7800000000001,43,1
17320,100,3,1200.62,400.2066666666667,267,0
17321,8,2,657.16,328.58,59,1
17323,15,7,906.52,129.50285714285715,277,1
17324,18,4,986.48,246.62,348,1
17325,280,1,96.8,96.8,0,0
17329,14,2,523.11,261.555,300,0
17330,23,2,363.9,181.95,44,0
17331,124,1,175.2,175.2,0,0
17333,86,1,494.25,494.25,0,0
17334,302,2,307.02,153.51,6,0
17337,151,4,1981.06,495.265,158,0
17338,17,8,6493.54,811.6925,344,1
17339,94,2,243.36,121.68,270,0
17340,30,11,12353.29,1123.0263636363636,336,1
17341,157,3,682.29,227.43,209,0
17343,355,1,193.64,193.64,0,0
17344,46,1,157.62,157.62,0,0
17345,15,4,519.6899999999999,129.9225,181,1
17346,4,15,2622.88,174.85866666666666,369,1
17347,86,1,228.96,228.96,0,0
17348,15,5,1156.6,231.32,283,1
17349,179,1,98.25,98.25,0,0
17350,8,4,1281.32,320.33,42,1
17351,36,3,587.15,195.71666666666667,237,0
17353,129,2,1740.0,870.0,25,0
17354,51,1,1393.06,1393.06,0,0
17356,312,1,178.22,178.22,0,0
17357,24,2,384.39,192.195,0,0
17358,303,2,360.81,180.405,52,0
17359,11,1,127.86,127.86,0,0
17360,17,3,568.24,189.41333333333333,166,0
17361,49,3,488.2,162.73333333333332,242,0
17362,239,2,312.23,156.115,70,0
17364,1,11,4462.68,405.69818181818187,330,1
17365,13,8,4767.36,595.92,320,1
17367,238,1,167.55,167.55,0,0
17368,23,8,1878.87,234.85875,314,1
17370,73,4,446.18,111.545,96,0
17371,17,3,418.4,139.46666666666667,343,0
17372,41,8,1337.18,167.1475,321,1
17373,40,4,646.92,161.73,272,0
17374,219,2,495.77,247.885,62,0
17375,199,3,400.1,133.36666666666667,162,0
17376,71,2,203.2,101.6,240,0
17377,24,20,4058.32,202.916,349,1
17379,11,1,389.72,389.72,0,0
17381,9,29,20275.61,699.1589655172414,363,1
17382,65,1,65.4,65.4,0,0
17383,4,1,193.39,193.39,0,0
17384,19,2,336.4,168.2,199,0
17385,15,1,256.11,256.11,0,0
17386,8,6,2686.42,447.7366666666667,157,1
17387,20,2,746.81,373.405,13,0
17388,78,4,1259.56,314.89,209,0
17389,1,34,31833.68,936.2847058823528,330,1
17391,164,2,508.8,254.4,0,0
17392,307,2,417.27,208.635,51,0
17394,219,1,203.87,203.87,0,0
17396,39,8,7330.8,916.35,332,1
17397,22,2,681.41,340.705,0,0
17398,115,3,653.38,217.7933333333333,140,0
17400,126,5,2097.84,419.568,226,1
17402,5,13,2633.85,202.60384615384612,364,1
17403,36,1,263.92,263.92,0,0
17404,4,15,31906.82,2127.121333333333,356,1
17405,1,3,1031.41,343.80333333333334,149,1
17406,333,3,2184.42,728.14,33,0
17408,163,1,32.65,32.65,0,0
17409,185,2,771.85,385.925,63,0
17410,16,5,1214.72,242.944,199,1
17411,12,3,778.94,259.6466666666667,249,1
17412,3,7,1258.06,179.72285714285712,369,1
17414,44,2,778.0,389.0,141,0
17415,80,1,507.84,507.84,0,0
17416,30,7,6893.42,984.7742857142856,251,1
17418,42,2,463.46,231.73,281,0
17419,11,12,4226.57,352.21416666666664,355,1
17420,50,3,598.83,199.61,323,0
17422,16,6,1979.37,329.895,279,1
17423,46,2,698.41,349.205,171,0
17425,19,2,759.17,379.585,41,0
17426,8,6,5037.26,839.5433333333334,274,1
17427,72,1,100.8,100.8,0,0
17428,1,28,17256.85,616.3160714285714,368,1
17429,128,3,524.9200000000001,174.97333333333336,90,0
17430,33,2,265.76,132.88,332,0
17431,313,1,403.3,403.3,0,0
17432,18,2,365.76,182.88,19,0
17433,88,1,303.16,303.16,0,0
17434,2,7,2373.82,339.1171428571429,82,1
17436,2,2,216.3,108.15,225,0
17438,254,1,388.4500000000001,388.4500000000001,0,0
17440,157,3,186.42,62.14000000000001,90,0
17442,37,6,2248.56,374.76,253,1
17443,220,1,534.24,534.24,0,0
17444,148,3,2940.04,980.0133333333332,25,0
17446,177,2,120.9,60.45,133,0
17447,40,2,541.53,270.765,31,0
17449,2,7,2519.21,359.88714285714286,357,1
17450,8,46,194390.79,4225.886739130435,359,1
17451,1,7,1721.4,245.9142857142857,104,1
17453,18,2,486.72,243.36,46,0
17454,192,4,517.53,129.3825,167,0
17455,204,1,131.7,131.7,0,0
17456,365,1,249.86,249.86,0,0
17457,127,5,1737.7,347.54,212,1
17458,15,1,316.5,316.5,0,0
17459,43,2,657.3,328.65,16,0
17460,94,6,622.4300000000001,103.73833333333334,278,0
17461,23,3,735.82,245.2733333333333,6,1
17462,60,2,675.69,337.845,223,0
17463,16,5,1875.86,375.172,296,1
17464,158,1,289.96000000000004,289.96000000000004,0,0
17466,10,2,763.28,381.64,68,1
17468,10,2,137.0,68.5,4,0
17469,16,5,1870.97,374.194,188,1
17470,45,5,1125.07,225.014,323,1
17472,191,3,697.54,232.5133333333333,108,0
17475,79,1,194.37,194.37,0,0
17480,78,1,511.82,511.82,0,0
17481,4,4,1255.59,313.8975,90,1
17483,65,3,414.04,138.01333333333335,117,0
17486,261,1,396.87,396.87,0,0
17489,59,2,376.64,188.32,153,0
17490,1,7,2092.32,298.9028571428572,175,1
17491,1,10,3558.87,355.887,366,1
17492,248,1,374.57,374.57,0,0
17495,8,2,497.56,248.78,31,0
17496,359,1,271.05,271.05,0,0
17498,76,1,272.22,272.22,0,0
17499,290,1,622.88,622.88,0,0
17500,17,3,1138.0,379.3333333333333,12,1
17501,221,2,288.6,144.3,0,0
17502,9,4,689.1,172.275,19,1
17503,3,2,558.96,279.48,35,1
17504,206,9,2997.03,333.00333333333333,116,1
17505,162,2,1145.84,572.92,44,0
17506,76,1,302.2,302.2,0,0
17507,262,2,605.58,302.79,47,0
17508,281,1,387.31,387.31,0,0
17509,58,8,6083.64,760.455,5,1
17510,25,1,308.48,308.48,0,0
17511,3,31,91062.38,2937.496129032258,370,1
17512,29,10,2924.99,292.499,272,1
17513,72,1,513.2,513.2,0,0
17514,128,1,208.65,208.65,0,0
17515,31,4,639.02,159.755,286,1
17516,15,5,764.88,152.976,270,1
17517,309,1,153.94,153.94,0,0
17519,17,6,1844.02,307.33666666666664,351,1
17520,54,1,546.81,546.81,0,0
17521,30,3,723.2099999999999,241.07,169,0
17522,2,5,1070.71,214.142,216,1
17523,11,4,652.74,163.185,7,1
17524,361,1,145.0,145.0,0,0
17525,360,1,422.7000000000001,422.7000000000001,0,0
17526,5,4,1195.9,298.975,360,1
17527,54,4,939.37,234.8425,164,0
17528,1,8,3628.5,453.5625,70,1
17530,1,10,2367.12,236.712,363,1
17531,190,1,296.7,296.7,0,0
17534,54,1,223.36,223.36,0,0
17535,280,1,164.4,164.4,0,0
17536,177,1,76.5,76.5,0,0
17537,30,2,887.67,443.835,273,0
17538,26,1,98.42,98.42,0,0
17540,25,2,578.9,289.45,291,0
17542,270,1,170.75,170.75,0,0
17545,43,3,642.32,214.10666666666668,0,0
17548,234,1,103.3,103.3,0,0
17549,24,2,148.86,74.43,27,0
17550,197,3,267.16,89.05333333333334,45,0
17551,359,1,290.34,290.34,0,0
17552,60,4,930.41,232.6025,311,0
17553,130,1,1487.6,1487.6,0,0
17554,1,5,1952.45,390.49,146,1
17555,20,2,480.31,240.155,314,0
17556,206,1,157.9,157.9,0,0
17557,14,3,541.46,180.48666666666668,66,1
17560,95,4,854.95,213.7375,215,0
17561,19,1,165.12,165.12,0,0
17562,14,7,1122.38,160.34,159,1
17564,24,3,454.01,151.33666666666667,55,0
17566,8,2,869.77,434.885,17,1
17567,7,8,4331.48,541.435,365,1
17569,332,1,344.14,344.14,0,0
17571,50,4,1425.67,356.4175,248,1
17572,71,4,226.75000000000003,56.68750000000001,302,0
17573,29,3,380.6,126.86666666666667,64,0
17574,243,1,185.65,185.65,0,0
17576,8,19,3564.83,187.62263157894736,357,1
17578,218,1,143.45999999999998,143.45999999999998,0,0
17579,5,3,448.9,149.63333333333335,174,1
17580,253,3,215.72,71.90666666666667,105,0
17581,1,25,11025.24,441.0096,371,1
17582,236,1,175.27,175.27,0,0
17584,7,2,1242.3,621.15,120,1
17585,109,4,1116.68,279.17,228,0
17588,100,3,1240.2,413.4,132,0
17589,60,4,2404.17,601.0425,180,1
17590,2,3,1468.02,489.34,37,1
17591,73,7,2203.67,314.81,293,1
17593,4,5,3923.86,784.772,349,1
17594,85,2,993.18,496.59,169,0
17595,12,2,386.69,193.345,24,0
17596,23,7,2806.69,400.9557142857143,345,1
17597,214,1,2044.37,2044.37,0,0
17600,18,1,161.67000000000002,161.67000000000002,0,0
17601,239,1,116.01,116.01,0,0
17602,2,6,5054.42,842.4033333333333,321,1
17603,78,1,394.72,394.72,0,0
17604,217,2,309.36,154.68,94,0
17608,33,2,191.99,95.995,0,0
17609,41,5,1105.78,221.156,286,1
17611,7,15,3961.12,264.07466666666664,353,1
17612,53,6,2048.45,341.4083333333333,244,1
17613,23,14,4544.55,324.6107142857143,282,1
17614,57,1,386.32,386.32,0,0
17615,130,3,329.6,109.86666666666667,91,0
17616,174,3,571.1999999999999,190.4,194,0
17618,6,3,930.28,310.0933333333333,356,1
17619,312,1,214.37,214.37,0,0
17620,60,1,81.44,81.44,0,0
17621,21,3,1379.9,459.9666666666667,333,1
17623,33,1,527.0500000000001,527.0500000000001,0,0
17624,15,2,843.48,421.74,203,0
17625,18,4,2020.4,505.1,239,1
17628,81,1,75.75,75.75,0,0
17629,6,8,1814.12,226.765,354,1
17630,170,2,503.6,251.8,62,0
17631,2,3,528.33,176.11,230,1
17633,31,4,1324.84,331.21,88,1
17634,36,9,2358.59,262.0655555555556,301,1
17636,19,1,285.56,285.56,0,0
17637,31,2,547.0600000000001,273.53000000000003,83,0
17639,276,1,108.5,108.5,0,0
17640,87,1,621.66,621.66,0,0
17642,120,2,712.29,356.145,56,0
17643,373,1,101.55,101.55,0,0
17644,1,11,2895.64,263.24,259,1
17646,219,3,1008.39,336.13,145,0
17647,65,1,133.06,133.06,0,0
17648,61,4,1797.5,449.375,188,1
17649,138,1,868.49,868.49,0,0
17650,21,1,166.08,166.08,0,0
17651,12,10,3945.0,394.5,165,1
17652,25,12,4867.72,405.6433333333334,255,1
17653,37,4,1207.56,301.89,83,1
17654,277,1,117.55,117.55,0,0
17655,11,7,2638.94,376.99142857142857,355,1
17656,73,5,1674.69,334.938,55,1
17658,26,2,595.42,297.71,185,0
17659,17,12,2999.46,249.955,354,1
17660,141,1,178.75,178.75,0,0
17663,26,7,1802.91,257.55857142857144,261,1
17664,19,2,604.64,302.32,193,0
17666,4,2,728.16,364.08,61,1
17667,66,5,2055.51,411.102,232,1
17668,1,2,347.75,173.875,36,1
17669,43,7,3406.7200000000003,486.67428571428576,206,1
17670,228,1,205.7,205.7,0,0
17671,16,4,1572.71,393.1775,349,1
17672,50,2,3178.17,1589.085,259,1
17673,2,6,1594.97,265.8283333333333,318,1
17674,74,2,551.04,275.52,294,0
17675,1,31,20374.28,657.2348387096774,366,1
17676,4,6,1371.18,228.53,362,1
17677,2,30,16345.38,544.846,367,1
17678,264,1,298.11,298.11,0,0
17679,53,2,1992.11,996.055,32,0
17680,24,1,184.4,184.4,0,0
17682,10,6,2474.33,412.3883333333333,358,1
17684,44,1,239.41,239.41,0,0
17685,17,7,3155.83,450.8328571428571,355,1
17686,7,7,5739.46,819.9228571428572,295,1
17690,30,15,4726.8,315.12,342,1
17691,358,2,290.40000000000003,145.20000000000002,10,0
17692,127,4,740.9399999999999,185.235,232,0
17693,137,1,200.47,200.47,0,0
17694,142,1,283.12,283.12,0,0
17695,132,2,765.34,382.67,39,0
17696,38,8,2285.71,285.71375,326,1
17697,236,1,338.95,338.95,0,0
17698,261,1,154.95,154.95,0,0
17700,17,4,2534.64,633.66,264,1
17701,253,1,417.95,417.95,0,0
17702,30,4,1824.37,456.0925,175,1
17703,35,3,798.74,266.24666666666667,103,0
17704,169,2,885.19,442.595,71,0
17705,3,9,1823.52,202.61333333333332,298,1
17706,4,17,10504.49,617.9111764705882,362,1
17707,185,2,152.4,76.2,151,0
17708,188,2,263.33,131.665,137,0
17709,170,1,137.45,137.45,0,0
17711,11,2,385.1,192.55,279,0
17712,45,1,522.91,522.91,0,0
17714,321,1,153.0,153.0,0,0
17715,201,1,326.4,326.4,0,0
17716,23,11,5655.99,514.180909090909,245,1
17718,232,1,139.35,139.35,0,0
17719,38,15,5396.04,359.736,217,1
17720,26,4,1195.94,298.985,341,1
17722,96,4,2424.04,606.01,270,1
17723,127,6,3276.4000000000005,546.0666666666667,87,1
17724,71,3,1033.0,344.3333333333333,67,0
17725,16,11,3439.08,312.64363636363635,250,1
17727,15,1,1060.25,1060.25,0,0
17728,4,3,2876.01,958.67,82,1
17730,3,13,5298.4800000000005,407.5753846153847,323,1
17731,79,4,1240.11,310.0275,104,0
17732,373,1,303.97,303.97,0,0
17733,39,2,692.19,346.095,222,0
17734,54,3,700.63,233.5433333333333,180,0
17735,2,19,13110.02,690.001052631579,365,1
17736,9,3,377.44,125.81333333333332,104,1
17737,9,2,168.24,84.12,49,0
17738,19,4,1879.05,469.7625,262,1
17739,12,7,2791.35,398.7642857142857,348,1
17742,113,2,355.11,177.555,219,0
17744,4,6,2322.4,387.06666666666666,354,1
17746,240,1,110.25,110.25,0,0
17747,113,1,71.4,71.4,0,0
17749,178,2,674.52,337.26,78,0
17750,5,9,1710.45,190.05,158,1
17752,359,1,80.64,80.64,0,0
17754,1,5,1664.65,332.93,259,1
17757,1,30,5593.39,186.4463333333333,370,1
17758,19,8,3408.2000000000003,426.025,230,1
17759,17,3,819.96,273.32,152,1
17760,22,2,287.59,143.795,351,0
17761,33,1,712.78,712.78,0,0
17763,263,1,15.0,15.0,0,0
17764,51,2,772.55,386.275,160,0
17765,159,3,367.63,122.54333333333334,98,0
17767,15,1,271.2,271.2,0,0
17768,8,3,2081.9,693.9666666666667,157,1
17769,13,10,3957.43,395.743,308,1
17770,199,5,1143.27,228.654,83,0
17771,57,2,245.81,122.905,266,0
17772,11,2,173.45,86.725,0,0
17774,97,4,1213.73,303.4325,208,0
17775,255,1,56.4,56.4,0,0
17777,25,3,647.56,215.85333333333327,75,0
17779,21,3,650.32,216.7733333333333,122,0
17781,159,2,188.02,94.01,93,0
17783,72,2,283.47,141.735,175,0
17785,53,1,131.94,131.94,0,0
17786,85,2,266.85,133.425,231,0
17787,153,4,1817.54,454.385,218,0
17788,74,2,1117.9,558.95,55,0
17789,281,1,225.9,225.9,0,0
17790,27,14,1964.3,140.30714285714285,338,1
17791,30,1,106.1,106.1,0,0
17793,25,1,300.34,300.34,0,0
17795,180,2,342.83,171.415,85,0
17796,40,4,690.0,172.5,329,0
17797,22,3,780.43,260.1433333333333,160,1
17799,22,10,3039.17,303.91700000000003,339,1
17800,37,9,1187.21,131.91222222222223,296,1
17802,82,3,1285.04,428.3466666666666,290,0
17805,74,1,512.31,512.31,0,0
17806,11,1,546.04,546.04,0,0
17809,16,12,5411.91,450.9925,357,1
17811,4,39,7761.82,199.02102564102563,329,1
17812,13,4,699.81,174.9525,355,1
17813,14,5,1698.07,339.614,57,1
17816,37,4,36.56,9.14,328,0
17817,4,3,387.68,129.22666666666666,272,1
17819,72,7,3704.87,529.2671428571429,299,1
17824,51,1,298.4,298.4,0,0
17827,5,5,1987.33,397.466,359,1
17828,23,4,1820.09,455.0225,162,1
17829,299,1,889.24,889.24,0,0
17830,2,3,398.7,132.9,287,1
17831,33,1,35.400000000000006,35.400000000000006,0,0
17832,50,1,155.37,155.37,0,0
17835,3,3,342.24,114.08,20,1
17836,47,1,110.21,110.21,0,0
17837,42,8,1541.23,192.65375,120,1
17838,27,5,2720.8,544.1600000000001,345,1
17839,42,1,318.15,318.15,0,0
17841,2,124,40519.84,326.77290322580643,371,1
17843,303,1,205.48,205.48,0,0
17844,107,1,51.56,51.56,0,0
17846,85,1,2033.1,2033.1,0,0
17848,81,9,901.2,100.13333333333333,276,1
17849,218,4,605.8000000000001,151.45000000000002,115,0
17850,372,34,5391.21,158.565,1,1
17852,12,2,114.34,57.17,0,0
17854,185,2,311.26,155.63,41,0
17855,373,1,208.97,208.97,0,0
17856,2,4,1418.03,354.5075,279,1
17857,4,23,26879.04,1168.6539130434785,361,1
17858,6,12,5140.66,428.3883333333333,363,1
17859,305,1,141.92000000000002,141.92000000000002,0,0
17860,369,1,226.45,226.45,0,0
17861,3,8,2097.88,262.235,316,1
17862,324,1,330.9,330.9,0,0
17863,59,6,3160.0,526.6666666666666,310,1
17864,13,3,554.85,184.95,262,1
17865,31,20,10526.32,526.316,333,1
17866,143,1,329.65,329.65,0,0
17867,30,6,1157.87,192.97833333333332,258,1
17869,107,5,428.18,85.636,260,0
17870,2,12,1865.89,155.49083333333334,364,1
17871,205,1,155.9,155.9,0,0
17873,80,5,1848.96,369.792,293,1
17874,185,6,683.46,113.91,70,0
17877,170,1,237.61,237.61,0,0
17878,44,1,379.45,379.45,0,0
17879,174,1,178.51999999999998,178.51999999999998,0,0
17880,365,1,458.92,458.92,0,0
17881,304,1,133.35000000000002,133.35000000000002,0,0
17883,3,4,664.34,166.085,242,1
17884,4,4,695.0699999999999,173.76749999999998,367,1
17885,12,1,156.34,156.34,0,0
17886,32,3,869.28,289.76,217,0
17887,129,1,111.35,111.35,0,0
17888,21,8,716.0,89.5,335,1
17889,212,2,201.37,100.685,109,0
17890,323,2,586.89,293.445,38,0
17891,162,1,203.86,203.86,0,0
17892,56,3,244.1,81.36666666666666,99,0
17893,225,1,107.21,107.21,0,0
17894,72,8,1118.96,139.87,294,1
17895,44,1,95.45,95.45,0,0
17896,23,1,256.32,256.32,0,0
17897,173,3,541.8100000000001,180.60333333333332,200,0
17898,85,2,152.06,76.03,121,0
17899,159,1,154.55,154.55,0,0
17900,190,2,112.2,56.1,0,0
17901,29,1,110.38,110.38,0,0
17904,21,1,181.07,181.07,0,0
17905,71,4,798.99,199.7475,302,0
17906,247,1,72.9,72.9,0,0
17908,374,1,232.03,232.03,0,0
17911,9,1,366.23,366.23,0,0
17912,310,5,310.06,62.012,54,0
17913,59,2,408.65,204.325,296,0
17914,4,1,329.36,329.36,0,0
17917,45,3,335.03,111.67666666666666,317,0
17919,88,1,1304.04,1304.04,0,0
17920,4,17,4119.5,242.3235294117647,369,1
17921,64,4,820.23,205.0575,202,0
17923,282,1,207.50000000000003,207.50000000000003,0,0
17924,12,7,2962.5,423.2142857142857,361,1
17925,373,1,244.08,244.08,0,0
17926,133,2,397.29,198.645,70,0
17928,45,2,212.54,106.27,200,0
17929,11,4,843.0,210.75,297,1
17930,36,5,1740.48,348.096,203,1
17931,134,2,408.36,204.18,121,0
17932,29,3,1331.57,443.8566666666666,182,1
17934,52,2,704.25,352.125,7,0
17935,138,2,145.79,72.895,3,0
17936,5,1,380.13,380.13,0,0
17937,9,7,4301.22,614.46,353,1
17939,160,1,99.14,99.14,0,0
17940,49,10,4020.04,402.004,253,1
17941,131,1,304.56,304.56,0,0
17942,8,1,77.50000000000001,77.50000000000001,0,0
17946,233,2,149.57999999999998,74.78999999999999,26,0
17947,37,1,176.68,176.68,0,0
17948,147,1,358.56000000000006,358.56000000000006,0,0
17949,1,45,58510.48,1300.232888888889,370,1
17950,72,3,482.2,160.73333333333332,293,0
17951,40,3,1008.54,336.18,333,0
17954,5,12,2314.13,192.84416666666667,365,1
17955,199,4,557.3,139.325,20,0
17956,249,1,12.75,12.75,0,0
17957,66,1,111.68,111.68,0,0
17958,117,1,508.4599999999999,508.4599999999999,0,0
17960,171,1,73.78,73.78,0,0
17961,21,39,1296.44,33.242051282051285,350,1
17962,142,1,102.41,102.41,0,0
17964,32,2,463.21,231.605,340,0
17965,38,14,2599.19,185.65642857142856,331,1
17966,38,5,1098.43,219.686,223,1
17967,372,1,112.27,112.27,0,0
17968,374,1,265.1,265.1,0,0
17969,166,2,228.2,114.1,194,0
17970,211,1,562.79,562.79,0,0
17972,242,1,135.19,135.19,0,0
17973,52,1,337.04,337.04,0,0
17974,25,3,703.99,234.66333333333333,194,0
17975,15,13,4483.26,344.86615384615385,351,1
17976,372,1,321.79,321.79,0,0
17977,29,1,288.14,288.14,0,0
17978,365,1,300.92,300.92,0,0
17979,36,4,732.41,183.1025,224,1
17980,166,3,811.45,270.4833333333333,193,0
17984,145,1,152.68,152.68,0,0
17985,22,1,631.35,631.35,0,0
17986,56,1,20.8,20.8,0,0
17987,185,1,198.57,198.57,0,0
17988,12,7,201.12,28.731428571428573,314,1
17990,237,3,630.84,210.28,124,0
17991,225,2,93.35,46.675,0,0
17994,122,4,674.89,168.7225,169,0
17995,282,1,76.1,76.1,0,0
17997,74,8,1962.46,245.3075,89,1
17999,37,2,380.39,190.195,329,0
18001,12,2,415.13,207.565,74,0
18004,362,1,157.92,157.92,0,0
18005,4,2,226.47,113.235,43,0
18006,23,1,444.68,444.68,0,0
18008,70,9,2116.19,235.13222222222225,248,1
18009,235,1,247.39,247.39,0,0
18010,257,1,174.8,174.8,0,0
18011,373,1,102.79,102.79,0,0
18013,155,2,187.29,93.645,0,0
18014,28,1,162.22,162.22,0,0
18015,4,1,120.03,120.03,0,0
18016,32,5,1477.66,295.53200000000004,331,1
18017,81,3,523.0,174.33333333333334,229,0
18018,108,2,122.14,61.07,91,0
18019,52,1,38.45,38.45,0,0
18022,36,1,612.72,612.72,0,0
18024,153,2,389.78,194.89,0,0
18027,99,1,115.31,115.31,0,0
18030,4,2,230.65,115.325,38,0
18032,334,1,73.5,73.5,0,0
18033,65,1,93.82,93.82,0,0
18034,22,2,418.68,209.34,0,0
18035,36,3,713.89,237.9633333333333,7,0
18036,32,3,403.12,134.3733333333333,213,0
18037,154,6,70.02,11.67,207,0
18040,19,2,357.20000000000005,178.60000000000002,226,0
18041,12,21,4097.37,195.11285714285717,361,1
18042,54,1,165.04999999999998,165.04999999999998,0,0
18043,25,3,529.29,176.42999999999998,342,0
18044,4,10,2088.6,208.86,356,1
18045,45,1,178.34,178.34,0,0
18048,203,2,172.29000000000002,86.14500000000001,0,0
18050,359,1,74.4,74.4,0,0
18053,71,1,300.02,300.02,0,0
18055,7,10,6761.34,676.134,362,1
18056,288,1,363.65,363.65,0,0
18058,10,1,170.16,170.16,0,0
18059,23,3,306.46,102.15333333333332,44,0
18061,22,10,2119.41,211.941,344,1
18062,173,3,720.52,240.1733333333333,164,0
18064,133,2,814.0,407.0,102,0
18065,6,14,2392.83,170.91642857142855,358,1
18066,75,1,318.0,318.0,0,0
18067,40,1,396.33,396.33,0,0
18068,289,1,101.7,101.7,0,0
18069,26,5,2009.24,401.848,301,1
18071,258,2,453.0,226.5,108,0
18072,186,1,247.44,247.44,0,0
18073,114,12,3859.82,321.6516666666667,82,1
18074,374,1,489.6,489.6,0,0
18075,23,10,2611.75,261.175,337,1
18077,8,11,2584.41,234.94636363636363,358,1
18078,217,2,336.13,168.065,41,0
18079,45,4,3613.15,903.2875,193,1
18080,19,2,1231.5,615.75,223,1
18081,36,3,343.45,114.48333333333332,97,0
18082,26,1,680.84,680.84,0,0
18084,16,1,90.48,90.48,0,0
18085,330,2,689.95,344.975,43,0
18086,274,1,101.34,101.34,0,0
18087,98,2,4055.7199999999993,2027.86,192,0
18088,61,1,166.03,166.03,0,0
18092,2,11,9068.26,824.3872727272727,363,1
18093,93,4,2106.52,526.63,209,1
18094,82,7,3017.3,431.04285714285714,210,1
18095,313,2,580.0500000000001,290.02500000000003,20,0
18096,12,3,849.06,283.02,52,1
18097,8,6,2662.4,443.73333333333335,346,1
18099,127,1,168.31,168.31,0,0
18101,11,2,222.4,111.2,132,0
18102,1,60,259657.3,4327.621666666667,366,1
18104,37,1,754.64,754.64,0,0
18105,38,1,113.48000000000002,113.48000000000002,0,0
18106,330,1,421.9,421.9,0,0
18108,254,1,271.0,271.0,0,0
18109,2,26,8004.92,307.88153846153847,368,1
18110,20,1,198.8,198.8,0,0
18112,12,2,352.69,176.345,154,0
18113,369,1,76.32000000000001,76.32000000000001,0,0
18114,290,1,220.1,220.1,0,0
18116,68,8,1403.11,175.38875000000002,296,1
18117,26,1,315.65,315.65,0,0
18118,11,26,5625.08,216.3492307692308,358,1
18119,368,1,180.7,180.7,0,0
18120,214,1,111.15,111.15,0,0
18121,149,2,653.3,326.65,5,0
18122,8,6,1793.06,298.8433333333333,142,1
18123,24,2,574.4399999999999,287.22,7,0
18125,30,4,1131.75,282.9375,286,1
18126,61,1,200.92,200.92,0,0
18127,19,3,347.08,115.69333333333331,114,0
18129,243,1,112.55,112.55,0,0
18130,15,3,1059.39,353.13000000000005,41,1
18133,212,1,931.5,931.5,0,0
18135,29,5,681.9100000000001,136.382,161,1
18136,63,3,784.33,261.4433333333333,256,0
18138,295,1,152.65,152.65,0,0
18139,18,6,8438.34,1406.39,0,1
18142,157,2,1019.52,509.76,58,0
18143,117,2,1000.16,500.08,25,0
18144,8,12,2888.75,240.72916666666663,365,1
18145,13,4,2861.55,715.3875,299,1
18146,141,2,160.35000000000002,80.17500000000001,79,0
18147,46,2,179.33999999999995,89.66999999999999,62,0
18149,51,3,612.0799999999999,204.02666666666664,222,0
18150,32,3,566.58,188.86,169,0
18151,135,2,653.35,326.675,155,0
18154,3,2,399.19,199.595,40,1
18155,75,3,371.62,123.87333333333332,216,0
18156,13,2,675.64,337.82,356,0
18158,9,2,453.4,226.7,79,0
18159,301,1,530.15,530.15,0,0
18160,57,2,638.0600000000001,319.03000000000003,143,0
18161,15,5,1618.69,323.738,304,1
18164,37,1,399.65,399.65,0,0
18165,177,1,302.46000000000004,302.46000000000004,0,0
18167,23,3,1384.86,461.62000000000006,82,1
18168,176,6,1160.04,193.34,196,0
18169,61,1,202.65,202.65,0,0
18170,33,3,980.31,326.77,183,1
18171,59,5,1231.31,246.262,274,1
18172,15,20,7561.68,378.084,275,1
18173,87,4,2106.84,526.71,187,1
18174,7,1,104.0,104.0,0,0
18176,358,1,476.35,476.35,0,0
18177,31,6,1340.87,223.47833333333332,224,1
18178,129,4,1590.81,397.7025,235,0
18179,9,6,1793.17,298.8616666666667,327,1
18180,5,6,1843.75,307.2916666666667,137,1
18181,24,1,366.85,366.85,0,0
18183,227,2,632.07,316.035,47,0
18184,15,1,49.8,49.8,0,0
18185,249,1,304.25,304.25,0,0
18188,15,3,2001.04,667.0133333333333,275,1
18189,78,2,1090.24,545.12,190,0
18190,192,2,284.46000000000004,142.23000000000002,138,0
18191,262,1,207.8,207.8,0,0
18192,72,1,957.97,957.97,0,0
18193,165,1,243.76,243.76,0,0
18194,82,1,973.84,973.84,0,0
18196,95,2,686.63,343.315,195,0
18198,4,17,5425.56,319.1505882352941,332,1
18200,106,1,150.35,150.35,0,0
18202,200,3,1396.99,465.66333333333336,111,0
18203,157,1,160.42000000000002,160.42000000000002,0,0
18204,71,3,1975.35,658.4499999999999,121,1
18205,36,2,517.36,258.68,38,0
18209,29,1,139.10000000000002,139.10000000000002,0,0
18210,2,6,2621.38,436.8966666666667,265,1
18211,26,5,600.07,120.014,252,1
18212,326,1,216.07,216.07,0,0
18213,237,1,232.48,232.48,0,0
18215,89,1,299.34000000000003,299.34000000000003,0,0
18216,31,1,481.75,481.75,0,0
18217,29,2,621.75,310.875,41,0
18218,211,2,641.92,320.96,70,0
18219,3,10,2069.77,206.977,366,1
18220,227,1,305.28000000000003,305.28000000000003,0,0
18221,22,5,1041.61,208.322,189,1
18222,93,1,443.0,443.0,0,0
18223,5,14,6484.54,463.18142857142857,353,1
18224,264,1,158.95000000000002,158.95000000000002,0,0
18225,3,12,5504.96,458.7466666666666,361,1
18226,44,11,5228.05,475.2772727272728,293,1
18227,218,1,93.75,93.75,0,0
18228,57,2,779.9,389.95,22,0
18229,12,20,7276.900000000001,363.845,361,1
18230,9,7,2810.2000000000003,401.4571428571429,293,1
18231,192,5,2071.77,414.354,96,1
18232,82,4,592.97,148.2425,115,0
18233,326,1,440.0,440.0,0,0
18235,72,3,1796.48,598.8266666666667,145,0
18236,30,6,882.24,147.04,210,1
18237,3,5,987.1,197.42,131,1
18239,219,5,1561.61,312.322,153,0
18240,46,1,422.58,422.58,0,0
18241,10,17,2073.09,121.9464705882353,208,1
18242,72,4,2232.49,558.1225000000001,141,1
18245,7,7,2567.06,366.7228571428572,347,1
18246,24,2,596.1,298.05,209,0
18248,123,2,804.02,402.01,63,0
18249,17,1,95.34,95.34,0,0
18250,310,1,349.27,349.27,0,0
18251,87,1,4314.72,4314.72,0,0
18252,51,2,518.27,259.135,121,0
18255,89,1,103.3,103.3,0,0
18257,39,8,2337.63,292.20375,256,1
18259,25,3,2338.6000000000004,779.5333333333334,341,1
18260,173,6,2628.35,438.0583333333333,185,1
18261,43,2,324.24,162.12,52,0
18262,140,1,149.48,149.48,0,0
18263,26,3,1213.16,404.3866666666666,226,1
18265,72,2,801.51,400.755,85,0
18268,134,1,25.5,25.5,0,0
18269,366,1,168.6,168.6,0,0
18270,38,2,283.15,141.575,228,0
18272,3,6,3078.58,513.0966666666667,244,1
18273,2,3,204.0,68.0,255,1
18274,30,1,175.92,175.92,0,0
18276,44,1,335.86,335.86,0,0
18277,58,1,110.38,110.38,0,0
18278,74,1,173.9,173.9,0,0
18280,278,1,180.6,180.6,0,0
18281,181,1,80.82,80.82,0,0
18282,8,2,178.05,89.025,118,0
18283,4,16,2045.53,127.845625,333,1
18287,43,3,1837.28,612.4266666666666,158,1
