CustomerID,Frequency,Monetary,FirstPurchase,LastPurchase,Recency,Tenure,Target_90_Days
12346,1,77183.6,2011-01-18 10:01:00,2011-01-18 10:01:00,235,0,0
12347,5,2790.86,2010-12-07 14:57:00,2011-08-02 08:48:00,39,237,1
12348,3,1487.24,2010-12-16 19:09:00,2011-04-05 10:47:00,158,109,1
12350,1,334.4,2011-02-02 16:01:00,2011-02-02 16:01:00,219,0,0
12352,5,1561.81,2011-02-16 12:33:00,2011-03-22 16:08:00,171,34,1
12353,1,89.0,2011-05-19 17:47:00,2011-05-19 17:47:00,113,0,0
12354,1,1079.4,2011-04-21 13:11:00,2011-04-21 13:11:00,141,0,0
12355,1,459.4,2011-05-09 13:49:00,2011-05-09 13:49:00,123,0,0
12356,2,2753.08,2011-01-18 09:50:00,2011-04-08 12:33:00,155,80,1
12358,1,484.86,2011-07-12 10:04:00,2011-07-12 10:04:00,60,0,1
12359,3,3495.73,2011-01-12 12:43:00,2011-06-03 12:26:00,99,141,1
12360,2,1618.28,2011-05-23 09:43:00,2011-08-19 10:10:00,22,88,1
12361,1,189.9,2011-02-25 13:51:00,2011-02-25 13:51:00,196,0,0
12362,4,1747.35,2011-02-17 10:30:00,2011-08-11 15:02:00,29,175,1
12363,2,552.0,2011-04-11 13:29:00,2011-08-22 10:18:00,19,132,0
12364,1,623.92,2011-08-19 15:24:00,2011-08-19 15:24:00,21,0,1
12365,2,641.38,2011-02-21 13:51:00,2011-02-21 14:04:00,200,0,0
12370,3,2802.66,2010-12-14 12:58:00,2011-03-10 12:48:00,184,85,1
12372,2,914.9200000000001,2011-02-16 12:46:00,2011-05-11 10:43:00,122,83,1
12373,1,364.6,2011-02-01 13:10:00,2011-02-01 13:10:00,220,0,0
12375,1,230.3,2011-09-02 14:23:00,2011-09-02 14:23:00,7,0,1
12377,2,1628.12,2010-12-20 09:37:00,2011-01-28 15:45:00,224,39,0
12378,1,4008.62,2011-08-02 10:34:00,2011-08-02 10:34:00,39,0,0
12379,1,459.84,2011-06-22 16:32:00,2011-06-22 16:32:00,79,0,1
12380,1,607.5500000000001,2011-06-07 09:49:00,2011-06-07 09:49:00,95,0,1
12381,1,1268.74,2011-08-12 09:57:00,2011-08-12 09:57:00,29,0,1
12383,5,1850.56,2010-12-22 14:28:00,2011-06-08 08:02:00,94,167,0
12384,1,292.69,2011-08-10 11:23:00,2011-08-10 11:23:00,31,0,1
12386,2,401.9,2010-12-08 09:53:00,2011-01-06 12:37:00,247,29,0
12388,4,1668.3400000000001,2011-01-17 11:12:00,2011-07-14 13:28:00,57,178,1
12393,3,1061.1000000000001,2011-01-11 09:47:00,2011-04-08 09:45:00,155,86,1
12394,1,381.08,2011-05-06 14:01:00,2011-05-06 14:01:00,126,0,1
12395,8,1899.57,2010-12-03 16:35:00,2011-08-19 15:18:00,21,258,1
12397,1,1214.81,2011-07-27 14:21:00,2011-07-27 14:21:00,44,0,1
12399,4,1108.65,2011-03-23 09:42:00,2011-08-12 13:15:00,28,142,0
12401,1,84.3,2011-02-09 13:50:00,2011-02-09 13:50:00,212,0,0
12402,1,225.6,2011-01-20 13:49:00,2011-01-20 13:49:00,232,0,0
12405,1,1710.39,2011-07-14 08:52:00,2011-07-14 08:52:00,58,0,0
12406,1,1621.25,2011-06-09 10:23:00,2011-06-09 10:23:00,93,0,1
12407,4,1407.3600000000001,2011-03-20 13:21:00,2011-07-28 16:28:00,43,130,1
12408,4,2134.0499999999997,2011-03-24 14:46:00,2011-09-02 10:27:00,8,161,1
12409,1,6207.08,2011-06-10 12:19:00,2011-06-10 12:19:00,92,0,1
12410,2,693.3299999999999,2011-02-04 10:38:00,2011-02-04 10:39:00,218,0,0
12412,2,890.74,2011-06-23 13:51:00,2011-07-25 11:17:00,47,31,1
12413,2,563.9,2011-01-06 16:12:00,2011-04-17 15:33:00,145,100,1
12414,3,562.41,2011-02-02 14:51:00,2011-05-06 14:51:00,126,93,0
12415,15,102087.88,2011-01-06 11:12:00,2011-09-01 13:51:00,8,238,1
12417,7,2816.52,2010-12-17 11:51:00,2011-08-25 10:26:00,16,250,1
12418,1,668.58,2011-08-19 11:08:00,2011-08-19 11:08:00,22,0,0
12421,3,628.56,2011-01-24 15:09:00,2011-08-17 10:56:00,24,204,1
12422,3,803.5600000000001,2011-01-19 09:13:00,2011-09-05 09:48:00,5,229,0
12423,7,1650.67,2010-12-21 10:54:00,2011-08-31 08:55:00,10,252,1
12424,2,1760.96,2011-06-30 12:06:00,2011-06-30 12:06:00,72,0,0
12426,1,582.73,2011-05-29 12:26:00,2011-05-29 12:26:00,104,0,0
12427,1,303.5,2010-12-03 10:44:00,2010-12-03 10:44:00,281,0,1
12428,8,7548.12,2011-03-01 09:33:00,2011-08-11 12:58:00,29,163,1
12429,3,2844.88,2010-12-09 12:05:00,2011-06-20 12:14:00,82,193,1
12431,11,4807.07,2010-12-01 10:03:00,2011-08-12 14:19:00,28,254,1
12432,3,4016.66,2011-06-20 13:27:00,2011-06-22 13:12:00,79,1,1
12433,3,6395.23,2010-12-01 13:24:00,2011-09-09 13:44:00,0,282,1
12434,1,286.25,2011-03-24 13:05:00,2011-03-24 13:05:00,169,0,1
12435,1,3978.9900000000002,2011-03-17 07:40:00,2011-03-17 07:40:00,177,0,1
12436,1,509.01,2011-09-01 12:09:00,2011-09-01 12:09:00,9,0,0
12437,11,2811.41,2011-01-12 14:13:00,2011-09-02 13:15:00,7,232,1
12438,1,890.0699999999999,2011-07-22 13:29:00,2011-07-22 13:29:00,49,0,1
12441,1,173.55,2010-12-08 10:45:00,2010-12-08 10:45:00,276,0,0
12444,2,2627.27,2011-06-21 14:00:00,2011-08-10 08:41:00,31,49,1
12447,1,476.49,2011-04-10 13:25:00,2011-04-10 13:25:00,152,0,0
12449,3,2724.58,2011-06-05 15:37:00,2011-09-09 09:13:00,1,95,1
12450,2,197.88,2011-06-19 14:36:00,2011-07-06 14:41:00,65,17,0
12451,2,5307.82,2011-01-19 09:05:00,2011-05-05 17:34:00,127,106,1
12453,1,707.09,2011-07-28 14:08:00,2011-07-28 14:08:00,43,0,0
12455,5,2176.36,2011-02-16 09:56:00,2011-08-04 11:07:00,37,169,1
12456,2,2265.4,2011-03-30 09:12:00,2011-07-31 15:25:00,40,123,1
12457,3,1067.25,2011-04-14 18:57:00,2011-04-20 10:10:00,143,5,1
12458,1,441.92,2011-02-28 10:55:00,2011-02-28 10:55:00,194,0,1
12461,2,826.88,2011-07-08 10:23:00,2011-09-06 16:57:00,3,60,0
12462,1,762.11,2011-02-09 14:44:00,2011-02-09 14:44:00,212,0,1
12463,3,985.79,2011-04-12 12:47:00,2011-06-17 14:28:00,84,66,1
12464,6,780.55,2011-02-03 13:30:00,2011-08-25 13:33:00,15,203,1
12465,1,440.94,2011-06-23 13:37:00,2011-06-23 13:37:00,78,0,1
12468,2,729.5400000000001,2011-01-27 13:29:00,2011-06-05 11:36:00,97,128,0
12471,19,11081.0,2010-12-10 09:35:00,2011-08-24 16:13:00,16,257,1
12472,5,4927.6,2010-12-05 14:19:00,2011-07-24 11:55:00,48,230,1
12473,2,1175.75,2011-06-01 10:15:00,2011-08-17 12:04:00,24,77,1
12474,13,4362.06,2011-01-14 10:06:00,2011-09-02 10:53:00,8,231,1
12476,6,3191.67,2010-12-13 14:39:00,2011-07-21 17:39:00,50,220,1
12477,3,8834.03,2011-02-11 12:45:00,2011-08-31 09:11:00,10,200,1
12480,3,2144.95,2011-01-07 15:27:00,2011-07-19 14:04:00,52,192,1
12481,8,4085.2599999999998,2010-12-09 10:13:00,2011-06-13 10:52:00,89,186,1
12483,6,1624.06,2011-01-04 14:20:00,2011-09-02 11:42:00,8,240,1
12484,4,3658.65,2011-01-07 14:04:00,2011-08-31 09:44:00,10,235,1
12489,1,334.93,2011-01-07 13:13:00,2011-01-07 13:13:00,245,0,0
12490,6,3552.59,2011-01-14 09:13:00,2011-09-07 13:22:00,2,236,1
12492,1,126.39000000000001,2011-08-26 14:51:00,2011-08-26 14:51:00,14,0,1
12493,2,433.74,2011-05-26 14:53:00,2011-06-27 10:17:00,75,31,0
12494,5,868.86,2010-12-09 11:31:00,2011-07-01 12:17:00,71,204,1
12500,6,1773.8400000000001,2011-01-10 09:48:00,2011-08-25 12:50:00,16,227,1
12501,1,2169.39,2011-01-07 12:28:00,2011-01-07 12:28:00,246,0,0
12502,5,3723.87,2011-02-03 10:41:00,2011-09-05 11:52:00,5,214,0
12506,1,73.5,2011-04-21 08:54:00,2011-04-21 08:54:00,142,0,0
12507,3,1304.81,2011-02-14 09:24:00,2011-07-28 17:09:00,43,164,0
12509,1,176.5,2011-02-28 14:45:00,2011-02-28 14:45:00,193,0,0
12510,2,982.5699999999999,2011-01-18 14:04:00,2011-07-20 10:15:00,52,182,0
12513,1,612.29,2011-08-19 10:51:00,2011-08-19 10:51:00,22,0,0
12514,1,1017.68,2011-03-17 16:38:00,2011-03-17 16:38:00,176,0,0
12515,1,383.7,2010-12-21 15:43:00,2010-12-21 15:43:00,262,0,0
12516,1,583.2,2011-06-12 11:37:00,2011-06-12 11:37:00,90,0,1
12517,2,1521.45,2011-06-02 15:13:00,2011-08-05 15:02:00,35,63,1
12518,1,324.83,2011-08-21 13:18:00,2011-08-21 13:18:00,19,0,1
12520,4,2045.85,2011-03-11 11:35:00,2011-07-20 14:38:00,51,131,1
12521,1,599.68,2011-07-20 10:51:00,2011-07-20 10:51:00,52,0,0
12523,7,1017.75,2011-01-12 09:43:00,2011-08-24 10:13:00,17,224,1
12524,6,3122.48,2011-01-10 10:35:00,2011-06-30 15:30:00,71,171,1
12526,1,520.3,2011-09-06 14:19:00,2011-09-06 14:19:00,3,0,1
12527,2,284.92,2011-01-18 12:05:00,2011-02-18 09:41:00,204,30,1
12528,4,1287.37,2011-01-31 09:05:00,2011-08-17 12:30:00,24,198,1
12530,3,1221.65,2011-01-07 10:04:00,2011-08-08 10:59:00,33,213,1
12534,1,1089.18,2011-08-01 10:26:00,2011-08-01 10:26:00,40,0,0
12535,2,716.35,2011-06-06 12:47:00,2011-09-09 08:48:00,1,94,0
12539,3,4517.69,2011-01-10 09:11:00,2011-03-22 16:00:00,171,71,1
12540,11,9246.86,2010-12-13 09:39:00,2011-09-08 13:38:00,1,269,1
12541,2,536.14,2011-03-04 09:32:00,2011-06-19 15:59:00,82,107,1
12545,1,628.15,2011-03-25 12:04:00,2011-03-25 12:04:00,169,0,1
12547,2,207.79999999999998,2011-03-04 12:46:00,2011-05-26 12:38:00,107,82,0
12548,1,95.19999999999999,2011-06-26 15:35:00,2011-06-26 15:35:00,75,0,0
12551,1,168.0,2010-12-17 11:23:00,2010-12-17 11:23:00,267,0,0
12553,7,2419.59,2011-01-14 10:42:00,2011-08-21 14:42:00,19,219,1
12556,1,308.75,2011-07-11 13:35:00,2011-07-11 13:35:00,60,0,1
12557,4,9000.960000000001,2010-12-03 12:20:00,2011-07-04 13:19:00,67,213,1
12559,2,561.71,2011-01-24 10:12:00,2011-02-02 09:49:00,220,8,0
12560,2,1436.31,2011-07-19 15:55:00,2011-08-19 15:22:00,21,30,1
12561,1,238.85,2011-02-10 11:39:00,2011-02-10 11:39:00,212,0,0
12562,3,1605.23,2011-05-25 12:44:00,2011-08-05 08:40:00,36,71,1
12564,1,456.9,2011-03-23 14:55:00,2011-03-23 14:55:00,170,0,0
12565,1,145.92,2011-02-24 10:34:00,2011-02-24 10:34:00,198,0,0
12567,9,7849.98,2010-12-05 11:57:00,2011-09-04 14:22:00,5,273,1
12569,15,2167.68,2011-04-01 13:47:00,2011-09-08 15:22:00,1,160,1
12571,1,248.35,2011-08-10 12:35:00,2011-08-10 12:35:00,31,0,1
12573,1,160.54000000000002,2011-04-26 15:52:00,2011-04-26 15:52:00,136,0,0
12574,1,218.45,2011-01-28 09:20:00,2011-01-28 09:20:00,225,0,0
12576,4,936.55,2011-02-08 11:31:00,2011-09-05 10:06:00,5,208,1
12577,1,195.89,2010-12-15 16:21:00,2010-12-15 16:21:00,268,0,1
12578,1,1608.66,2011-01-13 15:34:00,2011-01-13 15:34:00,239,0,1
12580,1,415.7,2011-04-07 10:24:00,2011-04-07 10:24:00,156,0,0
12582,2,511.36,2011-02-24 11:42:00,2011-04-15 08:45:00,148,49,0
12583,9,4232.21,2010-12-01 08:45:00,2011-08-25 12:26:00,16,267,1
12584,4,782.59,2011-03-04 15:15:00,2011-08-04 17:07:00,36,153,1
12585,2,2040.1,2010-12-23 12:58:00,2011-04-19 13:39:00,143,117,0
12589,1,131.5,2011-07-18 12:05:00,2011-07-18 12:05:00,54,0,1
12590,2,9864.26,2011-05-12 14:46:00,2011-05-12 14:52:00,120,0,0
12591,1,452.84999999999997,2011-01-26 14:35:00,2011-01-26 14:35:00,226,0,0
12592,2,437.6,2011-05-10 13:44:00,2011-09-08 15:04:00,1,121,0
12593,3,418.09999999999997,2011-05-05 09:29:00,2011-08-23 12:43:00,18,110,0
12594,8,2529.9,2011-01-21 09:52:00,2011-08-10 14:26:00,30,201,1
12596,1,269.95,2011-04-11 13:22:00,2011-04-11 13:22:00,151,0,1
12597,2,1428.81,2011-03-16 14:00:00,2011-06-09 16:04:00,92,85,1
12598,4,1584.3799999999999,2011-02-28 11:58:00,2011-07-01 11:43:00,71,122,1
12599,6,857.04,2011-02-08 13:28:00,2011-08-05 12:38:00,36,177,1
12600,8,1936.5600000000002,2010-12-03 12:57:00,2011-08-19 11:23:00,22,258,1
12601,5,577.0600000000001,2011-01-11 10:38:00,2011-06-03 10:17:00,99,142,0
12604,1,178.5,2011-03-23 12:06:00,2011-03-23 12:06:00,171,0,1
12609,2,800.73,2011-01-25 15:13:00,2011-06-06 15:31:00,95,132,1
12610,2,1256.25,2011-08-05 13:52:00,2011-08-25 12:57:00,15,19,1
12613,4,1462.52,2011-03-22 15:42:00,2011-05-26 09:18:00,107,64,1
12614,1,315.6,2011-03-07 10:22:00,2011-03-07 10:22:00,187,0,0
12615,1,634.74,2011-06-24 13:35:00,2011-06-24 13:35:00,77,0,1
12616,2,713.3,2011-02-15 14:17:00,2011-09-05 15:17:00,4,202,0
12619,5,2087.46,2011-03-31 13:10:00,2011-08-15 13:22:00,25,137,1
12620,1,561.66,2011-05-19 12:10:00,2011-05-19 12:10:00,114,0,1
12621,15,10195.04,2010-12-09 10:16:00,2011-08-31 15:30:00,9,265,1
12622,1,180.1,2011-04-21 16:39:00,2011-04-21 16:39:00,141,0,0
12623,1,305.1,2011-03-08 13:50:00,2011-03-08 13:50:00,185,0,0
12624,2,641.13,2011-06-15 12:34:00,2011-08-25 15:04:00,15,71,0
12625,2,2683.82,2011-01-24 13:27:00,2011-05-12 09:54:00,121,107,0
12626,6,4774.0,2011-01-17 11:01:00,2011-08-19 11:46:00,22,214,1
12627,5,2727.83,2011-07-22 13:59:00,2011-09-04 14:09:00,5,44,1
12633,3,1948.75,2011-02-25 08:44:00,2011-08-02 09:35:00,39,158,1
12635,1,683.64,2011-07-08 08:43:00,2011-07-08 08:43:00,64,0,1
12637,7,5658.9,2011-01-20 10:47:00,2011-09-09 11:48:00,1,232,1
12639,1,486.1,2011-04-15 12:48:00,2011-04-15 12:48:00,148,0,0
12641,1,185.9,2011-08-16 13:26:00,2011-08-16 13:26:00,24,0,0
12642,1,366.45,2011-08-24 09:23:00,2011-08-24 09:23:00,17,0,1
12643,6,3344.64,2011-01-11 11:48:00,2011-08-03 12:56:00,37,204,0
12644,1,477.91,2011-08-02 10:33:00,2011-08-02 10:33:00,39,0,0
12645,3,1310.8600000000001,2011-01-27 13:08:00,2011-08-22 12:40:00,19,206,1
12647,9,2886.71,2010-12-05 14:02:00,2011-08-05 13:49:00,35,242,1
12648,1,318.05,2011-07-08 11:55:00,2011-07-08 11:55:00,64,0,0
12649,3,623.51,2011-05-11 14:37:00,2011-08-24 14:41:00,16,105,0
12651,1,114.0,2011-01-09 12:46:00,2011-01-09 12:46:00,244,0,0
12652,1,919.98,2011-01-12 15:00:00,2011-01-12 15:00:00,240,0,0
12653,2,2209.85,2011-02-16 10:53:00,2011-07-14 10:41:00,58,147,0
12654,3,337.75,2011-02-17 13:16:00,2011-05-26 10:43:00,107,97,1
12656,3,2820.67,2011-04-20 09:20:00,2011-08-15 12:53:00,25,117,1
12662,7,2653.66,2010-12-01 13:04:00,2011-08-24 13:42:00,16,266,1
12664,3,1957.48,2011-01-21 11:42:00,2011-07-19 12:43:00,53,179,1
12665,1,63.0,2011-01-19 08:34:00,2011-01-19 08:34:00,234,0,0
12668,3,2924.4700000000003,2010-12-19 12:46:00,2011-03-25 14:53:00,168,96,1
12669,3,2744.0299999999997,2011-03-28 10:15:00,2011-07-12 09:54:00,60,105,0
12670,3,1634.47,2011-04-21 10:16:00,2011-09-02 09:51:00,8,133,1
12672,1,225.89999999999998,2011-01-14 09:20:00,2011-01-14 09:20:00,239,0,0
12673,1,220.9,2011-01-17 11:46:00,2011-01-17 11:46:00,236,0,1
12674,3,1402.0,2011-05-16 09:10:00,2011-09-09 10:51:00,1,116,1
12676,4,998.0500000000001,2011-02-01 15:41:00,2011-08-08 10:01:00,33,187,1
12678,9,8282.26,2010-12-21 11:00:00,2011-08-31 11:22:00,10,253,1
12679,2,906.38,2011-03-01 12:26:00,2011-05-18 12:18:00,115,77,1
12680,1,311.78,2011-08-18 15:44:00,2011-08-18 15:44:00,22,0,1
12681,15,9866.58,2010-12-07 10:08:00,2011-07-11 11:39:00,61,216,1
12682,20,8219.92,2010-12-03 13:59:00,2011-08-31 12:18:00,10,270,1
12683,12,6622.19,2010-12-09 10:37:00,2011-09-08 10:35:00,2,272,1
12684,4,1379.48,2011-05-10 12:55:00,2011-06-22 11:20:00,80,42,1
12685,2,1606.42,2011-09-07 10:28:00,2011-09-08 10:32:00,2,1,1
12686,1,89.14,2010-12-03 09:51:00,2010-12-03 09:51:00,281,0,0
12688,1,4873.8099999999995,2011-08-18 08:49:00,2011-08-18 08:49:00,23,0,0
12689,1,511.03,2011-08-04 10:04:00,2011-08-04 10:04:00,37,0,1
12690,1,389.01,2011-05-18 09:09:00,2011-05-18 09:09:00,115,0,0
12691,4,556.3,2010-12-17 14:46:00,2011-07-17 14:56:00,54,212,1
12693,4,855.91,2011-01-24 12:58:00,2011-08-04 17:51:00,36,192,0
12694,1,439.5,2011-06-09 17:48:00,2011-06-09 17:48:00,92,0,1
12695,2,333.90000000000003,2011-05-13 13:15:00,2011-08-24 12:58:00,16,102,1
12697,2,733.91,2011-06-23 15:44:00,2011-07-31 14:17:00,40,37,1
12700,2,2149.05,2011-05-08 16:10:00,2011-07-06 13:14:00,65,58,1
12701,1,337.08,2011-04-11 13:02:00,2011-04-11 13:02:00,151,0,1
12704,3,1100.92,2011-06-23 10:20:00,2011-08-26 08:59:00,15,63,1
12705,4,4162.52,2010-12-17 15:58:00,2011-07-04 14:36:00,67,198,1
12707,1,603.42,2011-02-21 08:38:00,2011-02-21 08:38:00,201,0,0
12708,7,2031.77,2010-12-06 10:43:00,2011-08-30 08:15:00,11,266,1
12709,11,7200.79,2010-12-08 09:49:00,2011-09-04 14:06:00,5,270,1
12710,3,1149.02,2011-05-22 14:05:00,2011-09-04 12:00:00,6,104,0
12712,11,3913.08,2010-12-03 14:30:00,2011-08-25 09:18:00,16,264,1
12714,4,3389.7,2011-02-18 10:53:00,2011-08-25 09:55:00,16,187,1
12715,1,343.36,2011-08-25 15:22:00,2011-08-25 15:22:00,15,0,0
12716,1,677.9,2011-07-29 13:28:00,2011-07-29 13:28:00,42,0,1
12717,2,1030.98,2011-04-08 10:32:00,2011-07-11 14:47:00,60,94,0
12720,17,3689.84,2010-12-05 15:21:00,2011-09-06 13:47:00,3,274,1
12721,4,1698.91,2010-12-20 11:38:00,2011-06-09 17:53:00,92,171,1
12722,3,929.65,2011-07-12 11:55:00,2011-08-17 08:50:00,24,35,1
12724,2,280.36,2011-01-11 15:00:00,2011-06-19 13:37:00,82,158,1
12725,1,427.8,2010-12-03 15:45:00,2010-12-03 15:45:00,280,0,0
12726,5,1467.32,2010-12-17 12:56:00,2011-06-08 10:10:00,94,172,1
12727,6,3337.7,2011-01-23 15:17:00,2011-09-05 13:38:00,4,224,1
12728,3,617.31,2011-01-11 13:31:00,2011-03-27 13:07:00,166,74,1
12729,1,453.01,2011-08-18 11:40:00,2011-08-18 11:40:00,23,0,0
12731,8,11324.25,2010-12-10 10:56:00,2011-07-18 14:10:00,53,220,1
12732,1,236.26000000000002,2011-06-13 11:33:00,2011-06-13 11:33:00,89,0,0
12733,1,383.95,2011-04-19 16:19:00,2011-04-19 16:19:00,143,0,0
12734,1,110.39999999999999,2010-12-22 12:47:00,2010-12-22 12:47:00,262,0,0
12735,2,779.5699999999999,2011-01-06 14:26:00,2011-01-28 13:37:00,224,21,0
12736,1,234.0,2011-01-11 07:57:00,2011-01-11 07:57:00,242,0,0
12738,1,155.35,2010-12-02 18:27:00,2010-12-02 18:27:00,281,0,0
12739,1,975.54,2011-09-01 17:45:00,2011-09-01 17:45:00,8,0,1
12743,2,540.13,2011-07-28 16:06:00,2011-07-28 16:21:00,43,0,0
12744,5,14211.970000000001,2011-01-25 13:26:00,2011-07-18 11:55:00,54,173,1
12747,8,2769.4,2010-12-05 15:38:00,2011-08-22 10:38:00,19,259,1
12748,132,13873.21,2010-12-01 12:48:00,2011-09-09 13:20:00,0,282,1
12749,3,2755.23,2011-05-10 15:25:00,2011-08-01 12:50:00,40,82,1
12750,1,275.88,2011-08-03 09:13:00,2011-08-03 09:13:00,38,0,0
12753,5,16620.91,2010-12-12 11:44:00,2011-07-27 09:32:00,45,226,1
12754,3,3010.74,2011-02-04 10:31:00,2011-04-18 09:00:00,145,72,0
12755,2,3811.95,2010-12-09 10:44:00,2011-03-04 12:42:00,190,85,0
12757,7,5281.08,2011-05-12 19:01:00,2011-07-20 12:05:00,52,68,1
12758,2,2791.59,2011-03-08 12:05:00,2011-08-15 10:22:00,26,159,0
12759,2,1082.52,2011-03-09 08:09:00,2011-06-21 09:26:00,81,104,1
12763,2,494.08,2010-12-05 15:46:00,2011-07-24 14:12:00,47,230,0
12764,1,1693.88,2011-01-27 10:19:00,2011-01-27 10:19:00,226,0,0
12766,5,4952.1900000000005,2010-12-08 13:53:00,2011-07-13 13:37:00,58,216,1
12769,1,1143.6,2011-04-15 10:25:00,2011-04-15 10:25:00,148,0,0
12770,1,1351.45,2011-05-13 09:33:00,2011-05-13 09:33:00,120,0,0
12775,4,1164.68,2011-02-01 13:45:00,2011-06-03 07:48:00,99,121,1
12778,4,492.06,2011-01-31 14:35:00,2011-06-09 15:29:00,92,129,1
12779,7,2999.41,2010-12-03 13:40:00,2011-06-03 10:37:00,99,181,1
12781,1,549.26,2011-02-28 08:43:00,2011-02-28 08:43:00,194,0,1
12782,4,2078.67,2010-12-17 11:30:00,2011-07-13 10:30:00,59,207,1
12785,1,311.95,2010-12-10 13:48:00,2010-12-10 13:48:00,273,0,0
12787,2,344.65999999999997,2011-05-31 09:36:00,2011-09-09 12:24:00,1,101,1
12790,1,324.92,2011-05-31 14:14:00,2011-05-31 14:14:00,101,0,0
12791,1,192.60000000000002,2010-12-01 11:27:00,2010-12-01 11:27:00,283,0,0
12792,1,400.53999999999996,2011-03-28 11:36:00,2011-03-28 11:36:00,166,0,0
12793,2,545.48,2010-12-03 15:14:00,2011-01-09 12:12:00,244,36,0
12794,1,317.0,2011-09-02 12:01:00,2011-09-02 12:01:00,8,0,1
12797,1,254.03,2010-12-09 10:55:00,2010-12-09 10:55:00,275,0,0
12798,1,1607.04,2011-06-22 10:11:00,2011-06-22 10:11:00,80,0,1
12802,1,427.58,2011-06-06 09:36:00,2011-06-06 09:36:00,96,0,0
12808,2,281.35,2010-12-06 10:27:00,2011-06-08 12:21:00,94,184,1
12809,1,489.31,2011-06-15 10:51:00,2011-06-15 10:51:00,87,0,0
12811,3,514.85,2011-02-28 15:39:00,2011-03-24 09:42:00,170,23,0
12814,1,125.92,2011-08-30 12:11:00,2011-08-30 12:11:00,11,0,0
12815,2,1063.46,2011-05-25 13:34:00,2011-07-15 10:21:00,57,50,0
12816,2,572.2,2011-06-16 13:24:00,2011-09-05 12:41:00,5,80,0
12817,1,166.04,2011-03-03 16:28:00,2011-03-03 16:28:00,190,0,0
12818,1,1542.08,2011-03-23 12:06:00,2011-03-23 12:06:00,171,0,0
12820,1,170.46,2011-01-17 12:34:00,2011-01-17 12:34:00,236,0,1
12821,1,92.72,2011-05-09 15:51:00,2011-05-09 15:51:00,123,0,0
12823,4,1224.0,2011-02-16 12:15:00,2011-08-04 17:45:00,36,169,1
12826,4,818.62,2010-12-09 15:21:00,2011-06-14 09:41:00,88,186,1
12828,3,415.51,2011-08-01 16:16:00,2011-09-01 17:14:00,8,31,1
12829,2,293.0,2010-12-14 14:54:00,2011-01-07 11:13:00,246,23,0
12830,5,6414.32,2011-06-21 10:53:00,2011-09-09 15:02:00,0,80,1
12831,1,215.05,2011-03-22 13:02:00,2011-03-22 13:02:00,171,0,0
12832,1,267.8,2011-09-02 13:48:00,2011-09-02 13:48:00,7,0,1
12833,1,417.38,2011-07-17 13:46:00,2011-07-17 13:46:00,54,0,0
12834,1,312.38,2011-03-02 09:49:00,2011-03-02 09:49:00,192,0,0
12836,3,2112.53,2011-02-01 11:19:00,2011-07-25 15:22:00,46,174,1
12837,1,134.1,2011-06-19 16:07:00,2011-06-19 16:07:00,82,0,0
12838,1,390.79,2010-12-01 11:57:00,2010-12-01 11:57:00,283,0,1
12839,9,3097.39,2010-12-07 15:48:00,2011-09-08 13:17:00,1,274,1
12840,4,2726.77,2011-04-27 12:21:00,2011-07-19 09:29:00,53,82,0
12841,17,2829.91,2010-12-03 10:43:00,2011-08-25 12:12:00,16,265,1
12842,1,310.73,2011-02-04 12:36:00,2011-02-04 12:36:00,218,0,1
12843,7,1692.31,2011-03-20 14:38:00,2011-07-03 12:21:00,69,104,1
12844,1,174.88,2011-08-01 13:11:00,2011-08-01 13:11:00,39,0,1
12845,4,354.09,2011-02-22 14:10:00,2011-03-17 13:34:00,176,22,0
12849,1,668.8499999999999,2011-03-16 12:26:00,2011-03-16 12:26:00,178,0,1
12851,1,131.81,2011-09-04 12:41:00,2011-09-04 12:41:00,6,0,0
12852,1,311.55,2011-02-18 08:47:00,2011-02-18 08:47:00,204,0,0
12853,6,1957.1000000000001,2011-01-28 10:28:00,2011-07-28 11:29:00,44,181,0
12854,2,810.37,2011-01-25 13:35:00,2011-04-12 14:17:00,150,77,1
12855,1,38.1,2010-12-02 09:37:00,2010-12-02 09:37:00,282,0,0
12857,2,1106.4,2011-02-10 12:32:00,2011-05-13 10:20:00,120,91,0
12864,1,147.12,2011-07-24 13:03:00,2011-07-24 13:03:00,47,0,0
12865,1,981.38,2011-08-08 10:11:00,2011-08-08 10:11:00,33,0,1
12866,1,559.12,2011-03-01 14:11:00,2011-03-01 14:11:00,192,0,0
12867,6,3015.96,2010-12-14 16:39:00,2011-09-04 13:35:00,5,263,1
12868,6,1607.0600000000002,2010-12-01 12:50:00,2011-06-07 10:42:00,95,187,0
12871,1,132.0,2011-05-16 13:32:00,2011-05-16 13:32:00,116,0,1
12872,2,599.97,2010-12-09 14:44:00,2011-01-17 10:52:00,236,38,0
12873,1,374.0,2011-03-02 14:58:00,2011-03-02 14:58:00,191,0,0
12875,2,343.2300000000001,2010-12-12 12:03:00,2011-07-19 15:30:00,52,219,0
12876,1,726.43,2011-05-27 13:34:00,2011-05-27 13:34:00,105,0,1
12877,9,1059.23,2010-12-16 12:23:00,2011-08-07 11:40:00,34,233,1
12878,2,854.99,2011-03-18 14:02:00,2011-04-17 13:07:00,145,29,0
12879,1,140.5,2011-09-09 12:11:00,2011-09-09 12:11:00,1,0,1
12881,1,298.0,2011-03-09 11:44:00,2011-03-09 11:44:00,185,0,0
12885,1,645.35,2011-08-08 11:45:00,2011-08-08 11:45:00,33,0,1
12886,1,775.0,2011-05-04 11:21:00,2011-05-04 11:21:00,129,0,1
12888,2,354.12,2011-03-29 14:31:00,2011-05-09 16:02:00,123,41,0
12891,3,331.0,2011-02-20 11:28:00,2011-06-07 12:31:00,95,107,0
12897,2,216.5,2011-02-11 11:40:00,2011-05-19 12:13:00,114,97,0
12901,19,11639.470000000001,2011-03-14 10:41:00,2011-08-23 10:56:00,18,162,1
12902,1,138.68,2011-03-20 12:06:00,2011-03-20 12:06:00,174,0,0
12904,1,244.69,2011-06-20 13:18:00,2011-06-20 13:18:00,81,0,1
12908,2,750.0,2011-01-31 12:37:00,2011-06-16 15:39:00,85,136,0
12909,3,1528.37,2011-03-31 12:51:00,2011-05-22 11:52:00,111,51,1
12910,4,1486.9,2011-04-12 10:01:00,2011-07-28 14:36:00,43,107,1
12913,3,866.39,2010-12-06 16:36:00,2011-03-02 10:49:00,192,85,1
12915,2,363.65,2010-12-02 12:33:00,2011-07-14 11:34:00,58,223,0
12916,4,2944.95,2011-01-23 10:43:00,2011-07-24 10:35:00,48,181,0
12917,1,594.0,2011-08-03 16:42:00,2011-08-03 16:42:00,37,0,0
12919,3,441.65,2011-06-23 09:22:00,2011-08-15 11:39:00,26,53,1
12921,24,10083.47,2010-12-01 15:06:00,2011-09-02 13:01:00,7,274,1
12922,1,405.38,2011-07-01 15:35:00,2011-07-01 15:35:00,70,0,0
12924,3,655.27,2011-01-16 11:49:00,2011-05-25 13:35:00,107,129,1
12928,3,1136.14,2010-12-15 15:45:00,2011-07-15 08:09:00,57,211,1
12929,1,117.85,2011-02-01 12:08:00,2011-02-01 12:08:00,221,0,0
12930,1,221.56,2011-06-21 13:25:00,2011-06-21 13:25:00,80,0,1
12931,11,32530.7,2010-12-17 09:45:00,2011-08-30 11:54:00,11,256,1
12933,2,357.49,2011-03-01 11:30:00,2011-06-21 16:13:00,80,112,1
12935,4,1535.34,2011-01-24 13:58:00,2011-08-22 12:22:00,19,209,1
12937,2,428.23,2011-03-17 14:19:00,2011-05-26 14:17:00,106,69,1
12939,4,7990.08,2011-01-09 11:20:00,2011-07-24 12:51:00,47,196,1
12942,3,675.6,2010-12-09 09:34:00,2011-07-31 14:39:00,40,234,0
12944,1,286.95,2010-12-20 10:41:00,2010-12-20 10:41:00,264,0,1
12945,1,462.95,2011-02-24 14:15:00,2011-02-24 14:15:00,197,0,0
12947,6,1603.99,2010-12-01 16:21:00,2011-07-19 10:06:00,53,229,0
12948,4,1423.96,2011-03-20 10:17:00,2011-08-26 14:45:00,14,159,1
12949,7,3449.42,2011-04-01 13:20:00,2011-08-17 15:11:00,23,138,1
12951,5,751.78,2011-01-13 10:33:00,2011-06-19 10:35:00,83,157,1
12955,6,1843.36,2011-03-17 09:03:00,2011-09-08 12:48:00,2,175,1
12956,1,108.07,2011-02-06 16:08:00,2011-02-06 16:08:00,215,0,0
12957,4,1715.29,2011-01-04 12:18:00,2011-06-06 13:43:00,95,153,1
12962,1,170.54000000000002,2011-08-18 13:38:00,2011-08-18 13:38:00,22,0,1
12963,1,365.8,2010-12-09 09:14:00,2010-12-09 09:14:00,275,0,1
12967,2,1660.9,2010-12-03 09:49:00,2010-12-16 19:10:00,267,13,0
12968,1,135.95,2011-08-19 15:44:00,2011-08-19 15:44:00,21,0,0
12970,2,23.8,2011-01-21 14:04:00,2011-01-21 14:21:00,231,0,1
12971,64,8165.320000000001,2010-12-02 16:42:00,2011-09-08 14:02:00,1,279,1
12974,1,144.8,2011-05-26 09:33:00,2011-05-26 09:33:00,107,0,0
12976,1,738.6,2011-05-12 09:55:00,2011-05-12 09:55:00,121,0,0
12977,1,39.239999999999995,2011-07-06 16:40:00,2011-07-06 16:40:00,65,0,0
12980,9,7374.900000000001,2010-12-16 11:36:00,2011-07-05 09:34:00,67,200,0
12981,1,187.18,2011-07-29 14:14:00,2011-07-29 14:14:00,42,0,1
12982,1,390.54,2011-04-11 11:51:00,2011-04-11 11:51:00,152,0,0
12987,1,304.3,2011-05-26 12:00:00,2011-05-26 12:00:00,107,0,1
12988,1,505.82,2011-02-20 14:31:00,2011-02-20 14:31:00,201,0,0
12989,8,4469.14,2010-12-10 13:24:00,2011-07-05 09:16:00,67,206,1
12990,2,263.9,2011-02-02 15:39:00,2011-06-07 14:27:00,94,124,1
12991,1,303.56,2011-08-19 14:39:00,2011-08-19 14:39:00,21,0,1
12993,3,372.4,2011-02-14 14:29:00,2011-08-11 12:01:00,30,177,1
12994,2,645.47,2011-03-16 08:31:00,2011-08-11 17:02:00,29,148,1
12997,2,608.47,2011-01-26 15:49:00,2011-04-17 13:02:00,145,80,1
12999,3,455.88,2011-04-08 10:26:00,2011-05-27 13:24:00,105,49,0
13000,3,534.85,2010-12-10 10:26:00,2011-08-25 10:43:00,16,258,0
13001,11,8582.57,2011-01-17 12:45:00,2011-07-04 16:08:00,67,168,1
13002,1,120.94999999999999,2011-01-25 15:18:00,2011-01-25 15:18:00,227,0,0
13003,3,149.05,2011-05-09 08:23:00,2011-08-26 10:50:00,15,109,0
13004,12,3785.09,2010-12-17 08:20:00,2011-08-17 14:44:00,23,243,1
13005,2,513.7,2011-04-07 13:32:00,2011-06-19 10:53:00,83,72,0
13008,1,229.46999999999997,2011-01-20 14:24:00,2011-01-20 14:24:00,232,0,0
13011,1,50.550000000000004,2010-12-02 17:22:00,2010-12-02 17:22:00,281,0,0
13012,4,1012.3100000000001,2011-02-18 09:43:00,2011-07-14 09:58:00,58,146,1
13013,9,3686.09,2010-12-03 12:28:00,2011-09-08 11:46:00,2,278,1
13014,5,2022.48,2011-03-03 18:28:00,2011-08-18 10:06:00,23,167,1
13015,4,1763.04,2011-04-04 14:28:00,2011-05-26 16:25:00,106,52,1
13016,1,425.25,2011-08-08 15:00:00,2011-08-08 15:00:00,32,0,1
13018,18,5075.71,2011-02-17 11:05:00,2011-09-08 12:01:00,2,203,1
13021,4,1152.47,2010-12-16 10:12:00,2011-06-26 11:53:00,76,192,1
13023,1,336.40000000000003,2011-08-02 09:34:00,2011-08-02 09:34:00,39,0,1
13026,3,604.2,2011-03-09 11:35:00,2011-09-08 10:01:00,2,182,1
13027,6,6912.0,2010-12-20 12:45:00,2011-08-18 09:39:00,23,240,0
13029,2,773.1999999999999,2010-12-21 13:53:00,2011-07-24 11:37:00,48,214,1
13030,1,402.36,2010-12-06 14:31:00,2010-12-06 14:31:00,277,0,1
13033,1,190.55,2010-12-17 14:23:00,2010-12-17 14:23:00,266,0,0
13034,1,165.86,2010-12-05 14:52:00,2010-12-05 14:52:00,278,0,1
13035,1,333.0,2011-03-24 09:21:00,2011-03-24 09:21:00,170,0,1
13037,3,881.07,2011-03-28 15:42:00,2011-07-24 15:46:00,47,118,0
13038,2,591.76,2011-02-22 11:43:00,2011-06-09 10:31:00,93,106,1
13043,1,516.42,2011-03-11 14:52:00,2011-03-11 14:52:00,182,0,0
13044,1,560.47,2011-02-21 15:20:00,2011-02-21 15:20:00,200,0,0
13045,1,305.28000000000003,2011-09-01 15:04:00,2011-09-01 15:04:00,8,0,0
13046,1,197.72,2011-03-18 15:43:00,2011-03-18 15:43:00,175,0,1
13047,8,2682.01,2010-12-01 08:34:00,2011-08-04 17:58:00,36,246,1
13048,3,1358.55,2011-01-16 14:36:00,2011-08-18 11:23:00,23,213,1
13049,1,153.78,2011-01-25 16:33:00,2011-01-25 16:33:00,227,0,1
13050,13,4509.74,2010-12-08 09:30:00,2011-08-25 14:21:00,15,260,1
13052,1,348.15000000000003,2011-05-11 14:12:00,2011-05-11 14:12:00,121,0,0
13055,1,344.86,2011-05-10 08:58:00,2011-05-10 08:58:00,123,0,1
13058,1,47.550000000000004,2011-07-11 12:01:00,2011-07-11 12:01:00,61,0,1
13059,1,183.4,2011-04-04 10:40:00,2011-04-04 10:40:00,159,0,0
13060,1,307.53,2011-03-31 11:37:00,2011-03-31 11:37:00,163,0,0
13062,1,346.98,2011-06-01 15:12:00,2011-06-01 15:12:00,100,0,0
13064,2,659.25,2011-01-16 13:41:00,2011-07-10 11:34:00,62,174,1
13065,1,205.86,2010-12-01 16:52:00,2010-12-01 16:52:00,282,0,0
13068,1,165.0,2011-01-24 08:20:00,2011-01-24 08:20:00,229,0,1
13069,20,3870.02,2010-12-05 11:02:00,2011-09-01 11:48:00,9,270,1
13070,1,228.8,2011-05-31 13:45:00,2011-05-31 13:45:00,101,0,0
13072,1,177.15,2011-03-18 08:12:00,2011-03-18 08:12:00,176,0,0
13075,1,919.61,2011-08-02 10:19:00,2011-08-02 10:19:00,39,0,0
13077,3,576.19,2010-12-08 14:59:00,2011-02-22 16:19:00,199,76,1
13078,15,6917.150000000001,2010-12-08 09:07:00,2011-08-25 10:16:00,16,260,1
13079,2,59.5,2011-07-22 14:41:00,2011-09-09 15:25:00,0,49,1
13080,1,58.08,2011-06-13 14:59:00,2011-06-13 14:59:00,88,0,0
13081,8,18870.12,2010-12-03 17:20:00,2011-07-19 11:47:00,53,227,1
13082,9,3613.63,2011-01-05 15:42:00,2011-08-05 16:16:00,35,212,0
13085,2,416.08000000000004,2011-02-17 13:57:00,2011-07-05 12:11:00,67,137,0
13089,71,43260.74,2010-12-05 10:27:00,2011-09-01 11:33:00,9,270,1
13090,9,4912.02,2010-12-02 07:48:00,2011-07-26 14:51:00,45,236,1
13092,4,439.75,2010-12-15 12:27:00,2011-05-12 10:22:00,121,147,1
13093,8,7832.47,2010-12-01 15:00:00,2011-03-09 12:14:00,185,97,0
13094,10,1545.72,2010-12-06 10:34:00,2011-08-02 12:35:00,39,239,1
13097,8,4636.51,2010-12-14 15:13:00,2011-08-09 12:07:00,32,237,1
13098,18,15169.46,2011-01-26 13:46:00,2011-09-06 15:34:00,3,223,1
13099,1,207.35999999999999,2011-09-01 17:40:00,2011-09-01 17:40:00,8,0,0
13101,1,101.19,2011-04-19 14:37:00,2011-04-19 14:37:00,143,0,0
13102,19,4961.7,2010-12-09 13:38:00,2011-07-29 12:03:00,43,231,1
13104,3,376.44,2010-12-20 11:58:00,2011-07-29 15:25:00,42,221,1
13106,1,76.5,2011-07-29 15:12:00,2011-07-29 15:12:00,42,0,0
13107,2,935.22,2011-01-10 12:28:00,2011-06-17 08:57:00,85,157,1
13108,1,350.06,2010-12-02 10:35:00,2010-12-02 10:35:00,282,0,0
13109,1,369.85,2011-07-05 14:56:00,2011-07-05 14:56:00,66,0,1
13110,5,1042.24,2011-02-01 15:24:00,2011-07-25 16:20:00,46,174,1
13113,20,10787.06,2010-12-08 13:21:00,2011-08-18 10:10:00,23,252,1
13115,1,878.55,2011-06-08 16:15:00,2011-06-08 16:15:00,93,0,1
13116,1,501.14,2011-07-24 14:33:00,2011-07-24 14:33:00,47,0,0
13117,7,841.77,2010-12-02 13:11:00,2011-08-10 10:09:00,31,250,1
13118,3,799.7,2011-02-24 12:32:00,2011-05-15 13:22:00,117,80,1
13120,1,30.599999999999998,2011-04-15 10:19:00,2011-04-15 10:19:00,148,0,0
13121,1,283.73,2011-03-15 16:47:00,2011-03-15 16:47:00,178,0,0
13122,2,922.39,2011-04-13 14:12:00,2011-09-06 15:53:00,3,146,0
13124,2,2516.47,2010-12-15 15:00:00,2011-04-01 14:58:00,161,106,1
13126,5,1077.42,2010-12-08 11:42:00,2011-03-31 16:40:00,162,113,1
13130,1,64.0,2011-09-06 15:30:00,2011-09-06 15:30:00,3,0,0
13131,1,324.9,2011-06-05 10:54:00,2011-06-05 10:54:00,97,0,1
13132,1,77.3,2011-03-23 12:44:00,2011-03-23 12:44:00,171,0,0
13133,2,109.8,2011-02-08 15:48:00,2011-03-11 10:31:00,183,30,0
13134,3,885.74,2011-04-13 12:57:00,2011-06-09 11:37:00,93,56,1
13135,1,3096.0,2011-05-27 10:52:00,2011-05-27 10:52:00,106,0,0
13136,3,1226.68,2011-05-11 12:47:00,2011-07-20 12:01:00,52,69,1
13137,5,1888.32,2011-02-04 11:54:00,2011-09-08 12:42:00,2,216,1
13138,3,489.45,2010-12-02 15:03:00,2011-07-29 13:34:00,42,238,1
13139,3,1710.94,2011-03-25 11:57:00,2011-08-22 10:04:00,19,149,1
13140,3,422.47,2010-12-08 15:12:00,2011-08-23 15:33:00,17,258,0
13141,4,1401.03,2011-01-28 13:04:00,2011-05-09 15:33:00,123,101,1
13144,1,110.95,2011-01-11 11:15:00,2011-01-11 11:15:00,242,0,0
13145,3,499.72,2010-12-02 18:06:00,2011-09-09 10:10:00,1,280,1
13147,1,118.80000000000001,2011-09-01 12:28:00,2011-09-01 12:28:00,9,0,1
13148,10,2766.01,2010-12-10 13:06:00,2011-07-29 08:30:00,43,230,1
13149,3,1132.62,2011-02-23 13:57:00,2011-08-25 13:40:00,15,182,1
13151,1,1257.8700000000001,2011-02-17 12:29:00,2011-02-17 12:29:00,205,0,0
13155,2,569.2,2010-12-06 12:44:00,2011-01-17 11:21:00,236,41,1
13157,3,873.1999999999999,2011-02-14 14:03:00,2011-07-21 14:34:00,50,157,1
13158,4,1201.06,2011-01-25 09:58:00,2011-09-06 11:58:00,4,224,0
13159,2,843.09,2011-08-16 11:44:00,2011-08-25 15:12:00,15,9,1
13161,1,112.75,2011-01-30 14:03:00,2011-01-30 14:03:00,222,0,0
13162,4,1688.29,2011-01-09 10:43:00,2011-08-09 15:59:00,31,212,0
13165,1,354.64,2010-12-23 14:06:00,2010-12-23 14:06:00,260,0,1
13166,1,417.2,2011-03-01 15:16:00,2011-03-01 15:16:00,192,0,0
13167,2,417.55,2011-07-19 12:13:00,2011-08-01 12:12:00,40,12,1
13168,3,953.0600000000001,2011-01-25 13:55:00,2011-05-24 13:56:00,108,119,1
13169,1,505.2,2011-04-01 14:24:00,2011-04-01 14:24:00,161,0,1
13171,1,140.35,2011-02-13 14:16:00,2011-02-13 14:16:00,208,0,1
13173,1,165.94,2010-12-07 14:30:00,2010-12-07 14:30:00,276,0,1
13174,2,2034.06,2010-12-05 16:24:00,2011-01-27 15:36:00,225,52,1
13178,8,4391.7300000000005,2010-12-14 12:22:00,2011-07-29 13:37:00,42,227,1
13183,6,2394.98,2011-01-09 10:50:00,2011-08-30 16:53:00,10,233,1
13184,9,1472.1,2011-02-22 17:25:00,2011-08-01 11:12:00,40,159,1
13185,1,71.4,2011-03-17 11:56:00,2011-03-17 11:56:00,177,0,0
13186,2,1301.94,2011-08-03 09:09:00,2011-09-07 11:46:00,3,35,1
13187,1,236.02,2011-01-06 18:57:00,2011-01-06 18:57:00,246,0,0
13189,1,127.0,2011-08-16 13:12:00,2011-08-16 13:12:00,24,0,1
13192,2,911.94,2011-05-18 14:57:00,2011-09-05 14:13:00,4,109,0
13194,1,60.7,2011-07-27 09:01:00,2011-07-27 09:01:00,45,0,0
13196,1,512.13,2011-03-22 14:24:00,2011-03-22 14:24:00,171,0,1
13198,5,3009.18,2010-12-13 09:29:00,2011-08-11 12:48:00,30,241,1
13199,22,4740.16,2010-12-08 10:51:00,2011-09-08 14:53:00,1,274,1
13200,1,319.32,2011-08-05 14:50:00,2011-08-05 14:50:00,35,0,1
13203,2,309.86,2011-04-11 14:40:00,2011-08-11 10:29:00,30,121,1
13207,1,197.52000000000004,2011-07-12 11:35:00,2011-07-12 11:35:00,60,0,1
13208,4,828.8199999999999,2011-02-03 19:32:00,2011-07-07 14:18:00,64,153,1
13209,5,4156.08,2010-12-13 10:31:00,2011-08-03 12:10:00,38,233,1
13210,1,353.48,2011-09-07 08:18:00,2011-09-07 08:18:00,3,0,0
13211,2,784.64,2010-12-13 16:17:00,2011-09-05 17:36:00,4,266,1
13213,4,963.88,2011-05-24 12:22:00,2011-08-03 13:06:00,37,71,1
13216,1,333.74,2011-03-17 12:18:00,2011-03-17 12:18:00,177,0,0
13217,3,533.98,2011-07-06 12:08:00,2011-08-09 15:32:00,31,34,0
13218,1,62.63999999999999,2011-08-04 16:59:00,2011-08-04 16:59:00,36,0,0
13220,3,726.49,2011-04-17 10:59:00,2011-06-07 11:10:00,95,51,1
13221,2,847.41,2010-12-15 13:24:00,2011-04-13 16:58:00,149,119,0
13223,2,163.20000000000002,2011-04-21 15:16:00,2011-05-23 13:03:00,109,31,0
13224,1,1212.26,2011-07-11 14:10:00,2011-07-11 14:10:00,60,0,1
13225,5,4299.56,2010-12-13 09:49:00,2011-07-19 16:36:00,52,218,1
13226,1,108.21000000000001,2011-03-11 14:35:00,2011-03-11 14:35:00,182,0,0
13227,1,257.7,2011-05-22 11:47:00,2011-05-22 11:47:00,111,0,0
13229,1,160.95,2011-04-28 12:07:00,2011-04-28 12:07:00,135,0,0
13230,12,2195.23,2010-12-09 19:28:00,2011-07-24 16:18:00,47,226,1
13232,5,1019.05,2011-04-10 13:48:00,2011-09-02 13:18:00,7,144,1
13233,1,304.24,2011-01-07 14:49:00,2011-01-07 14:49:00,245,0,1
13235,1,1031.07,2011-05-11 17:13:00,2011-05-11 17:13:00,121,0,0
13236,1,439.23,2011-08-25 08:58:00,2011-08-25 08:58:00,16,0,1
13238,2,318.85,2010-12-14 14:37:00,2011-06-29 12:12:00,73,196,1
13239,1,329.56,2011-03-23 10:25:00,2011-03-23 10:25:00,171,0,0
13240,4,663.65,2010-12-09 12:49:00,2011-09-04 14:08:00,5,269,0
13242,3,270.40000000000003,2011-05-10 12:26:00,2011-08-19 12:53:00,21,101,0
13243,1,585.12,2011-05-20 13:14:00,2011-05-20 13:14:00,112,0,0
13244,1,121.74000000000001,2011-09-08 11:46:00,2011-09-08 11:46:00,2,0,0
13246,5,1838.51,2011-01-13 13:36:00,2011-06-16 12:51:00,85,153,1
13248,2,465.68,2011-06-03 13:05:00,2011-08-07 12:40:00,34,64,0
13249,3,711.41,2011-03-23 15:26:00,2011-09-08 13:26:00,1,168,0
13253,2,1030.4,2011-01-04 15:43:00,2011-07-06 10:09:00,66,182,0
13255,1,225.7,2010-12-01 11:58:00,2010-12-01 11:58:00,283,0,1
13258,1,198.87,2011-05-18 13:11:00,2011-05-18 13:11:00,114,0,1
13261,2,944.1,2011-02-27 10:41:00,2011-03-16 12:22:00,178,17,0
13262,1,200.29,2011-03-21 15:06:00,2011-03-21 15:06:00,172,0,0
13263,23,4854.79,2011-01-18 16:31:00,2011-08-23 17:31:00,17,217,1
13265,3,1450.66,2011-03-11 09:54:00,2011-06-09 09:28:00,93,89,1
13266,8,2535.58,2011-03-28 10:14:00,2011-08-19 09:35:00,22,143,1
13267,15,3119.34,2010-12-08 09:20:00,2011-09-08 15:36:00,1,274,1
13268,6,2117.81,2011-03-17 13:20:00,2011-06-23 11:38:00,79,97,1
13269,8,2978.5,2010-12-05 11:51:00,2011-08-22 12:10:00,19,260,1
13270,1,590.0,2010-12-08 14:53:00,2010-12-08 14:53:00,275,0,0
13273,1,138.98,2011-08-18 14:02:00,2011-08-18 14:02:00,22,0,0
13276,1,137.38,2011-09-01 10:03:00,2011-09-01 10:03:00,9,0,1
13277,2,125.9,2011-07-29 10:06:00,2011-08-15 14:50:00,25,17,1
13280,3,798.46,2011-01-06 17:10:00,2011-08-09 13:14:00,31,214,0
13282,2,773.1,2011-05-03 12:03:00,2011-06-30 13:17:00,71,58,1
13283,1,25.5,2011-06-07 12:39:00,2011-06-07 12:39:00,95,0,1
13284,1,201.19,2011-01-13 09:23:00,2011-01-13 09:23:00,240,0,0
13285,3,1970.1,2011-02-22 17:13:00,2011-07-01 14:53:00,70,128,1
13291,1,361.11,2011-07-07 10:36:00,2011-07-07 10:36:00,65,0,0
13292,1,249.57,2011-02-28 15:00:00,2011-02-28 15:00:00,193,0,1
13294,2,873.74,2011-04-04 12:37:00,2011-06-03 08:54:00,99,59,0
13295,1,201.20000000000002,2010-12-15 11:21:00,2010-12-15 11:21:00,269,0,0
13296,1,87.4,2011-07-25 13:46:00,2011-07-25 13:46:00,46,0,0
13299,1,142.5,2011-03-16 12:55:00,2011-03-16 12:55:00,177,0,0
13300,1,371.89,2011-06-23 13:09:00,2011-06-23 13:09:00,78,0,0
13301,4,618.09,2011-02-20 13:13:00,2011-08-28 11:25:00,13,188,0
13302,1,63.75,2011-07-07 17:56:00,2011-07-07 17:56:00,64,0,0
13304,1,300.42,2010-12-23 14:35:00,2010-12-23 14:35:00,260,0,0
13305,8,1471.25,2010-12-02 12:10:00,2011-09-08 10:02:00,2,279,1
13307,1,15.0,2011-08-11 17:14:00,2011-08-11 17:14:00,29,0,0
13308,1,814.95,2011-05-20 13:13:00,2011-05-20 13:13:00,112,0,1
13309,2,546.64,2011-02-04 12:29:00,2011-05-17 12:44:00,116,102,1
13310,2,817.65,2011-01-19 14:50:00,2011-05-17 13:26:00,115,117,1
13311,1,490.11,2011-07-12 14:26:00,2011-07-12 14:26:00,59,0,1
13313,3,918.34,2011-01-04 10:00:00,2011-07-21 18:19:00,50,198,1
13316,2,3535.18,2011-03-30 13:01:00,2011-07-31 11:48:00,41,122,1
13317,5,1313.98,2010-12-16 09:22:00,2011-05-25 10:35:00,108,160,1
13319,19,7390.47,2010-12-09 10:04:00,2011-09-09 10:24:00,1,274,1
13320,3,981.15,2011-05-10 10:29:00,2011-08-25 12:10:00,16,107,1
13324,7,3798.99,2010-12-14 09:50:00,2011-05-20 14:06:00,112,157,1
13327,7,2738.75,2010-12-09 15:32:00,2011-08-19 11:55:00,22,252,1
13328,1,1308.48,2011-01-27 15:22:00,2011-01-27 15:22:00,225,0,0
13329,1,304.2,2010-12-08 10:11:00,2010-12-08 10:11:00,276,0,1
13330,3,1140.93,2011-01-28 10:08:00,2011-09-08 12:27:00,2,223,0
13334,2,2708.59,2011-02-07 11:42:00,2011-06-02 11:33:00,100,114,1
13338,1,487.02,2011-07-05 09:06:00,2011-07-05 09:06:00,67,0,0
13339,1,860.12,2011-05-23 08:31:00,2011-05-23 08:31:00,110,0,0
13340,5,9229.54,2011-03-08 11:39:00,2011-08-26 09:55:00,15,170,1
13341,1,775.85,2011-03-24 09:50:00,2011-03-24 09:50:00,170,0,0
13343,1,353.43,2011-06-15 12:24:00,2011-06-15 12:24:00,87,0,0
13344,1,1656.15,2011-03-07 10:28:00,2011-03-07 10:28:00,187,0,1
13345,1,389.5,2011-02-25 09:01:00,2011-02-25 09:01:00,197,0,0
13355,1,674.7,2011-08-09 14:48:00,2011-08-09 14:48:00,31,0,0
13357,1,609.4,2011-03-27 13:56:00,2011-03-27 13:56:00,166,0,0
13358,1,439.03,2011-03-16 11:52:00,2011-03-16 11:52:00,178,0,0
13362,2,1581.53,2011-02-25 11:33:00,2011-04-08 08:21:00,155,41,1
13365,1,700.6,2011-05-06 12:00:00,2011-05-06 12:00:00,127,0,1
13368,2,623.4,2011-01-06 12:32:00,2011-03-28 09:59:00,166,80,0
13369,1,308.28000000000003,2010-12-09 11:30:00,2010-12-09 11:30:00,275,0,0
13370,1,754.87,2010-12-03 10:26:00,2010-12-03 10:26:00,281,0,0
13373,2,2055.58,2011-03-08 14:35:00,2011-07-04 12:19:00,68,117,1
13376,3,1019.76,2011-04-19 13:03:00,2011-09-01 16:16:00,8,135,0
13379,1,136.29,2011-07-26 12:26:00,2011-07-26 12:26:00,46,0,1
13381,4,2461.33,2011-02-14 10:10:00,2011-08-18 13:47:00,22,185,1
13382,1,222.99,2011-03-04 10:03:00,2011-03-04 10:03:00,190,0,0
13384,2,1755.84,2011-06-14 12:47:00,2011-08-03 09:40:00,38,49,1
13385,1,534.57,2011-01-14 09:52:00,2011-01-14 09:52:00,239,0,0
13388,2,677.1,2011-07-31 12:52:00,2011-07-31 12:52:00,40,0,0
13389,1,257.89,2011-04-21 12:12:00,2011-04-21 12:12:00,142,0,1
13391,1,59.8,2011-05-20 10:50:00,2011-05-20 10:50:00,113,0,0
13394,5,1543.45,2011-02-03 10:39:00,2011-08-16 09:25:00,25,193,1
13395,1,307.72,2011-06-07 15:04:00,2011-06-07 15:04:00,94,0,0
13396,1,387.27000000000004,2011-01-24 13:37:00,2011-01-24 13:37:00,228,0,1
13397,4,1228.19,2011-01-04 13:50:00,2011-08-21 11:29:00,20,228,1
13398,1,457.34,2011-05-31 13:17:00,2011-05-31 13:17:00,101,0,0
13402,2,621.23,2010-12-02 17:12:00,2011-08-04 15:51:00,36,244,0
13404,1,217.81,2011-05-11 11:57:00,2011-05-11 11:57:00,122,0,1
13405,2,557.45,2011-01-26 09:27:00,2011-05-19 16:31:00,113,113,1
13408,41,17836.68,2010-12-01 10:39:00,2011-09-01 10:38:00,9,273,1
13410,3,545.04,2011-02-21 14:38:00,2011-06-05 15:52:00,96,104,1
13411,1,213.55,2011-08-24 13:57:00,2011-08-24 13:57:00,16,0,0
13414,3,1390.5,2011-02-16 12:13:00,2011-07-29 11:45:00,43,162,0
13417,1,236.0,2011-05-18 16:26:00,2011-05-18 16:26:00,114,0,1
13418,15,4744.13,2010-12-02 10:45:00,2011-09-02 09:43:00,8,273,1
13420,2,159.85,2011-06-22 11:35:00,2011-07-13 08:48:00,59,20,0
13421,1,825.04,2011-02-22 15:46:00,2011-02-22 15:46:00,199,0,1
13425,3,1624.21,2011-02-18 08:34:00,2011-08-23 17:13:00,17,186,0
13426,5,1558.68,2010-12-15 12:43:00,2011-06-10 09:23:00,92,176,1
13427,2,464.86,2011-05-08 15:58:00,2011-08-11 12:53:00,29,94,1
13434,1,72.84,2011-09-04 10:35:00,2011-09-04 10:35:00,6,0,1
13435,3,1088.1200000000001,2011-06-03 17:07:00,2011-08-21 13:43:00,19,78,1
13437,4,2173.6,2011-06-02 14:30:00,2011-09-01 18:20:00,8,91,1
13439,1,283.71,2011-03-29 14:20:00,2011-03-29 14:20:00,164,0,0
13441,1,296.64,2011-09-09 09:38:00,2011-09-09 09:38:00,1,0,0
13448,4,1423.26,2010-12-01 10:52:00,2011-05-05 11:53:00,128,155,1
13450,4,1421.46,2011-05-05 19:48:00,2011-08-07 10:24:00,34,93,1
13451,4,2385.5,2011-01-09 15:35:00,2011-08-05 16:43:00,35,208,1
13452,2,590.0,2011-03-14 11:38:00,2011-03-25 14:19:00,168,11,0
13453,2,356.97999999999996,2011-02-23 09:44:00,2011-06-27 09:34:00,75,123,0
13455,1,692.94,2010-12-08 13:11:00,2010-12-08 13:11:00,275,0,1
13456,3,855.0600000000001,2011-05-16 15:34:00,2011-07-07 13:52:00,64,51,1
13458,10,7678.42,2010-12-15 12:05:00,2011-09-01 12:46:00,9,260,1
13461,2,884.2,2011-06-29 10:23:00,2011-07-24 11:32:00,48,25,1
13462,1,151.5,2011-04-01 11:20:00,2011-04-01 11:20:00,162,0,0
13466,1,307.9,2011-06-08 16:39:00,2011-06-08 16:39:00,93,0,0
13468,29,4739.02,2010-12-01 15:08:00,2011-09-08 10:52:00,2,280,1
13470,2,165.0,2011-08-16 17:06:00,2011-09-01 14:57:00,8,15,0
13473,1,241.26,2011-01-11 08:45:00,2011-01-11 08:45:00,242,0,1
13474,1,226.84,2011-04-17 13:53:00,2011-04-17 13:53:00,145,0,0
13475,4,1431.78,2011-02-14 12:36:00,2011-06-01 13:52:00,100,107,0
13476,2,1238.47,2011-03-03 14:43:00,2011-06-14 12:00:00,88,102,0
13477,4,899.55,2011-02-21 12:29:00,2011-07-24 13:17:00,47,153,1
13479,2,300.95,2011-04-19 11:27:00,2011-05-23 10:45:00,110,33,0
13481,4,1361.33,2011-03-28 09:07:00,2011-08-23 13:28:00,17,148,1
13482,1,184.64,2011-04-21 17:03:00,2011-04-21 17:03:00,141,0,0
13484,1,313.8,2011-04-12 16:30:00,2011-04-12 16:30:00,150,0,0
13485,1,454.24,2011-04-20 13:58:00,2011-04-20 13:58:00,142,0,0
13486,2,819.61,2011-07-07 17:19:00,2011-08-03 13:10:00,37,26,1
13487,2,408.8,2010-12-21 14:54:00,2011-05-10 16:19:00,122,140,1
13488,9,6596.38,2010-12-07 13:01:00,2011-08-11 10:29:00,30,246,1
13489,4,449.52,2011-02-18 10:42:00,2011-08-26 13:16:00,14,189,0
13491,9,1088.45,2010-12-02 14:30:00,2011-07-15 09:00:00,57,224,1
13492,3,1269.84,2011-05-09 10:06:00,2011-07-26 14:25:00,45,78,0
13493,2,618.63,2011-02-25 16:42:00,2011-03-09 15:35:00,184,11,0
13494,1,316.26000000000005,2011-02-01 11:58:00,2011-02-01 11:58:00,221,0,0
13495,3,1072.43,2010-12-06 15:14:00,2011-04-21 15:15:00,141,136,1
13496,1,501.01,2010-12-15 10:17:00,2010-12-15 10:17:00,269,0,1
13497,2,348.05,2010-12-06 11:37:00,2011-03-02 09:04:00,192,85,0
13499,2,463.79,2011-03-15 08:52:00,2011-04-28 14:59:00,134,44,1
13500,1,326.4,2011-08-09 12:20:00,2011-08-09 12:20:00,32,0,1
13501,1,1340.32,2011-02-24 18:59:00,2011-02-24 18:59:00,197,0,0
13502,2,189.16,2011-01-20 09:03:00,2011-03-10 08:40:00,184,48,1
13505,3,2583.12,2011-04-21 12:07:00,2011-06-26 12:36:00,76,66,1
13506,2,458.52,2010-12-05 12:15:00,2011-01-27 13:53:00,225,53,0
13507,3,2022.79,2011-07-17 11:50:00,2011-09-02 15:45:00,7,47,1
13508,1,110.97,2011-04-10 11:58:00,2011-04-10 11:58:00,153,0,0
13509,5,705.02,2011-02-28 13:27:00,2011-09-01 08:25:00,9,184,1
13510,2,897.81,2011-06-09 09:32:00,2011-09-05 14:11:00,4,88,1
13512,1,251.21,2011-03-24 10:03:00,2011-03-24 10:03:00,170,0,0
13513,1,205.1,2011-08-05 11:50:00,2011-08-05 11:50:00,36,0,0
13515,3,523.96,2011-04-06 10:33:00,2011-08-14 13:21:00,26,130,1
13516,1,146.0,2011-04-15 11:06:00,2011-04-15 11:06:00,148,0,1
13517,2,1612.18,2011-06-13 08:44:00,2011-08-25 11:40:00,16,73,1
13520,5,2947.98,2010-12-03 10:36:00,2011-07-25 12:22:00,47,234,1
13523,3,2369.24,2010-12-08 14:22:00,2011-05-24 08:51:00,109,166,1
13524,3,408.86,2011-05-04 12:26:00,2011-08-30 12:45:00,11,118,1
13525,1,282.88,2011-04-05 15:36:00,2011-04-05 15:36:00,157,0,1
13527,4,1362.52,2011-01-17 11:17:00,2011-08-26 13:22:00,14,221,1
13529,1,181.1,2011-05-19 11:50:00,2011-05-19 11:50:00,114,0,1
13531,2,483.8,2010-12-08 15:03:00,2011-05-18 16:56:00,114,161,0
13533,3,269.09,2011-03-17 12:47:00,2011-06-10 11:54:00,92,84,0
13534,21,4371.53,2010-12-16 15:23:00,2011-08-24 10:36:00,17,250,1
13538,6,990.75,2011-01-28 10:40:00,2011-09-06 13:11:00,3,221,1
13539,2,315.65,2011-02-03 15:23:00,2011-04-13 13:45:00,149,68,1
13544,1,113.01,2011-04-13 12:09:00,2011-04-13 12:09:00,150,0,1
13546,1,182.26,2011-05-23 12:14:00,2011-05-23 12:14:00,110,0,1
13548,2,678.16,2011-04-10 11:35:00,2011-09-04 14:50:00,5,147,0
13549,5,762.05,2011-04-11 13:42:00,2011-07-20 13:21:00,51,99,1
13551,1,91.80000000000001,2011-01-24 14:46:00,2011-01-24 14:46:00,228,0,0
13552,9,2762.91,2011-01-28 10:10:00,2011-08-08 11:28:00,33,192,1
13555,2,1590.05,2011-05-22 11:06:00,2011-05-22 11:24:00,111,0,1
13557,1,240.68,2011-03-04 12:14:00,2011-03-04 12:14:00,190,0,1
13561,1,141.85999999999999,2011-05-08 12:39:00,2011-05-08 12:39:00,125,0,0
13562,2,1209.73,2011-04-08 12:42:00,2011-07-21 15:12:00,50,104,1
13563,1,310.88,2011-07-22 17:21:00,2011-07-22 17:21:00,49,0,1
13564,3,1724.67,2010-12-06 17:26:00,2011-07-18 14:33:00,53,223,0
13565,1,110.17999999999999,2011-01-09 14:28:00,2011-01-09 14:28:00,243,0,1
13568,1,187.05,2011-06-19 14:42:00,2011-06-19 14:42:00,82,0,0
13569,1,109.82000000000001,2010-12-07 12:29:00,2010-12-07 12:29:00,277,0,1
13570,1,239.49,2011-04-10 13:36:00,2011-04-10 13:36:00,152,0,0
13571,7,1083.83,2011-03-31 12:43:00,2011-09-08 11:27:00,2,160,1
13572,1,1384.25,2011-05-18 11:59:00,2011-05-18 11:59:00,115,0,0
13573,1,31.770000000000003,2011-03-31 14:47:00,2011-03-31 14:47:00,162,0,1
13575,2,218.75,2011-06-16 14:24:00,2011-07-29 11:28:00,43,42,1
13576,13,4840.9400000000005,2010-12-01 17:24:00,2011-09-04 12:07:00,6,276,1
13577,3,1193.8,2011-04-12 10:33:00,2011-09-08 11:44:00,2,149,1
13579,1,164.70000000000002,2010-12-05 16:10:00,2010-12-05 16:10:00,278,0,1
13581,1,118.0,2011-02-03 14:41:00,2011-02-03 14:41:00,218,0,0
13583,1,781.03,2011-07-07 10:40:00,2011-07-07 10:40:00,65,0,0
13584,1,142.4,2011-02-06 12:49:00,2011-02-06 12:49:00,216,0,0
13588,4,1420.72,2011-03-29 15:53:00,2011-09-01 11:15:00,9,155,1
13589,1,147.0,2011-06-13 12:44:00,2011-06-13 12:44:00,89,0,1
13590,4,1116.38,2011-02-09 13:25:00,2011-07-12 10:46:00,60,152,1
13591,2,776.23,2011-03-18 12:18:00,2011-05-19 13:58:00,113,62,1
13592,3,205.51,2011-03-20 14:01:00,2011-05-18 09:13:00,115,58,1
13593,5,2011.88,2011-01-07 16:32:00,2011-08-23 13:35:00,17,227,0
13599,8,2313.84,2010-12-08 10:11:00,2011-07-06 12:18:00,66,210,1
13600,1,219.52,2011-01-31 15:27:00,2011-01-31 15:27:00,221,0,0
13601,1,373.2,2011-05-12 16:52:00,2011-05-12 16:52:00,120,0,1
13606,2,246.63,2011-02-01 11:42:00,2011-04-10 12:52:00,152,68,1
13610,5,764.76,2011-02-27 14:44:00,2011-08-21 14:42:00,19,174,1
13611,2,636.72,2010-12-15 10:31:00,2011-06-22 12:25:00,80,189,1
13614,2,778.88,2011-01-13 12:37:00,2011-06-28 14:58:00,73,166,1
13615,1,417.69,2011-01-25 08:21:00,2011-01-25 08:21:00,228,0,0
13617,2,365.7,2011-06-12 12:55:00,2011-08-18 13:17:00,22,67,1
13618,1,177.34,2011-06-19 11:09:00,2011-06-19 11:09:00,83,0,0
13621,1,213.85,2011-08-15 08:26:00,2011-08-15 08:26:00,26,0,0
13623,4,539.17,2011-02-15 13:08:00,2011-05-13 16:12:00,119,87,1
13626,1,257.23,2011-04-01 10:05:00,2011-04-01 10:05:00,162,0,0
13627,3,1027.0,2010-12-17 09:52:00,2011-06-16 13:50:00,85,181,1
13629,8,5718.36,2011-01-05 12:09:00,2011-09-01 18:54:00,8,239,1
13630,5,1361.46,2011-02-27 12:49:00,2011-08-26 10:32:00,15,179,1
13631,11,3070.42,2011-03-17 17:13:00,2011-09-01 09:57:00,9,167,0
13632,3,812.26,2011-04-10 15:07:00,2011-06-19 12:23:00,83,69,1
13634,3,755.97,2011-01-16 15:30:00,2011-08-25 13:46:00,15,220,1
13636,4,646.55,2011-02-27 14:29:00,2011-08-09 14:56:00,31,163,1
13637,2,678.65,2011-04-27 13:06:00,2011-06-05 13:24:00,96,39,1
13642,1,312.28,2011-05-08 12:34:00,2011-05-08 12:34:00,125,0,0
13643,2,259.40000000000003,2011-06-07 11:40:00,2011-09-02 10:42:00,8,86,1
13644,1,851.09,2011-08-26 11:53:00,2011-08-26 11:53:00,15,0,1
13645,1,252.1,2011-08-11 16:11:00,2011-08-11 16:11:00,29,0,0
13647,2,803.86,2011-04-19 09:49:00,2011-06-17 13:17:00,84,59,1
13649,2,346.6,2010-12-08 14:46:00,2011-03-28 11:51:00,166,109,0
13650,2,745.52,2011-03-17 12:37:00,2011-05-16 14:19:00,116,60,1
13652,2,638.24,2010-12-06 09:21:00,2011-03-28 09:21:00,166,112,1
13654,4,1714.27,2011-03-11 12:54:00,2011-07-17 13:29:00,54,128,1
13655,2,932.97,2011-04-12 09:53:00,2011-08-17 14:25:00,23,127,0
13656,2,379.65,2011-01-06 15:42:00,2011-06-28 10:31:00,74,172,0
13657,1,152.34,2011-05-22 12:35:00,2011-05-22 12:35:00,111,0,1
13658,1,933.3,2011-05-19 17:15:00,2011-05-19 17:15:00,113,0,1
13659,2,1563.0,2011-01-23 12:08:00,2011-05-18 12:37:00,115,115,0
13662,2,516.44,2011-03-25 13:23:00,2011-05-11 13:23:00,121,47,1
13663,1,189.47,2011-06-13 15:44:00,2011-06-13 15:44:00,88,0,0
13666,2,64.05,2011-02-25 13:05:00,2011-02-25 13:08:00,196,0,1
13667,1,299.05,2011-07-13 15:42:00,2011-07-13 15:42:00,58,0,0
13668,16,4900.97,2010-12-12 12:35:00,2011-08-18 12:53:00,22,249,1
13669,1,48.150000000000006,2011-07-13 11:44:00,2011-07-13 11:44:00,59,0,1
13672,2,186.39000000000001,2011-01-11 13:54:00,2011-02-11 13:53:00,210,30,0
13675,2,486.82000000000005,2011-02-28 12:14:00,2011-07-11 12:57:00,60,133,0
13678,1,232.6,2011-07-11 10:14:00,2011-07-11 10:14:00,61,0,0
13680,2,2391.59,2011-01-04 14:12:00,2011-01-06 12:11:00,247,1,1
13681,1,203.46,2011-07-07 15:21:00,2011-07-07 15:21:00,64,0,1
13682,1,59.5,2011-06-05 14:06:00,2011-06-05 14:06:00,96,0,0
13684,1,65.13,2011-02-27 10:13:00,2011-02-27 10:13:00,195,0,0
13686,1,72.0,2011-06-10 09:10:00,2011-06-10 09:10:00,92,0,0
13692,2,871.58,2011-04-17 12:57:00,2011-05-10 10:11:00,123,22,1
13694,39,45911.64,2010-12-01 12:12:00,2011-08-24 13:27:00,16,266,1
13695,12,1767.07,2011-03-25 11:31:00,2011-09-02 14:09:00,7,161,1
13699,1,308.58000000000004,2011-07-07 16:51:00,2011-07-07 16:51:00,64,0,0
13700,8,1634.77,2011-01-16 13:18:00,2011-09-08 12:05:00,2,234,1
13703,1,99.5,2011-01-25 13:10:00,2011-01-25 13:10:00,227,0,0
13705,2,522.68,2010-12-01 10:29:00,2011-07-18 09:15:00,54,228,1
13706,1,330.79,2011-02-10 09:21:00,2011-02-10 09:21:00,212,0,0
13707,2,806.41,2011-01-28 13:27:00,2011-03-17 18:03:00,176,48,0
13708,1,285.33,2011-03-13 13:46:00,2011-03-13 13:46:00,180,0,0
13709,5,2918.81,2011-01-28 14:57:00,2011-08-30 10:20:00,11,213,1
13711,2,252.06,2011-05-05 10:29:00,2011-05-05 10:31:00,128,0,0
13712,1,228.84,2011-04-07 12:33:00,2011-04-07 12:33:00,156,0,0
13715,5,1077.39,2010-12-02 08:52:00,2011-03-03 19:21:00,190,91,0
13716,1,138.28,2011-03-15 13:49:00,2011-03-15 13:49:00,178,0,0
13717,4,955.99,2011-02-14 13:21:00,2011-08-03 08:21:00,38,169,1
13718,2,306.55,2011-02-17 11:58:00,2011-04-07 13:24:00,155,49,0
13719,2,338.74,2011-04-19 13:56:00,2011-05-18 12:52:00,114,28,1
13720,4,799.9,2011-03-30 09:17:00,2011-08-15 12:46:00,26,138,0
13722,3,2375.41,2011-03-02 11:43:00,2011-07-31 12:44:00,41,151,0
13723,1,199.85000000000002,2011-05-06 17:04:00,2011-05-06 17:04:00,126,0,0
13725,7,1865.7,2011-02-04 12:18:00,2011-06-23 16:02:00,78,139,1
13726,1,292.68,2011-08-31 11:06:00,2011-08-31 11:06:00,10,0,1
13728,5,797.02,2011-02-02 12:09:00,2011-08-24 12:54:00,16,203,1
13730,2,752.6,2011-07-01 12:47:00,2011-07-27 08:35:00,45,25,0
13731,2,610.59,2011-04-07 10:10:00,2011-05-04 14:33:00,128,27,0
13735,2,1409.69,2011-04-19 13:49:00,2011-06-17 11:07:00,85,58,1
13736,1,357.53,2011-03-24 13:04:00,2011-03-24 13:04:00,169,0,1
13737,1,339.59999999999997,2011-05-23 16:32:00,2011-05-23 16:32:00,109,0,0
13740,1,350.75,2011-04-13 10:32:00,2011-04-13 10:32:00,150,0,0
13741,2,363.13,2011-05-06 13:43:00,2011-06-09 07:53:00,93,33,1
13742,10,2632.57,2011-01-23 14:59:00,2011-06-30 13:25:00,71,157,1
13743,5,912.1199999999999,2011-03-25 14:46:00,2011-08-24 10:20:00,17,151,1
13744,2,1080.52,2011-02-20 14:08:00,2011-09-05 15:19:00,4,197,0
13745,1,300.04,2011-06-30 16:43:00,2011-06-30 16:43:00,71,0,0
13747,1,79.6,2010-12-01 10:37:00,2010-12-01 10:37:00,283,0,0
13748,5,948.25,2010-12-01 09:00:00,2011-09-05 09:45:00,5,278,0
13750,4,1316.63,2011-01-07 11:49:00,2011-07-22 14:39:00,49,196,1
13751,1,296.25,2011-02-24 15:56:00,2011-02-24 15:56:00,197,0,0
13752,6,1175.38,2011-04-07 12:04:00,2011-08-07 14:16:00,33,122,0
13753,1,741.26,2011-02-25 12:48:00,2011-02-25 12:48:00,197,0,0
13754,2,282.59999999999997,2011-01-26 14:58:00,2011-07-11 11:51:00,61,165,0
13756,8,2972.3300000000004,2010-12-07 11:41:00,2011-09-07 13:19:00,2,274,1
13758,5,2351.52,2010-12-01 12:08:00,2011-05-22 15:12:00,110,172,1
13760,1,135.09,2011-03-28 12:52:00,2011-03-28 12:52:00,165,0,1
13761,1,491.71000000000004,2011-06-13 08:43:00,2011-06-13 08:43:00,89,0,1
13762,1,306.72,2011-05-05 09:15:00,2011-05-05 09:15:00,128,0,0
13764,2,943.29,2011-01-06 14:53:00,2011-07-18 17:15:00,53,193,1
13767,28,9676.37,2010-12-01 10:47:00,2011-08-23 10:24:00,18,264,1
13769,8,2176.62,2010-12-07 13:28:00,2011-09-08 13:55:00,1,275,1
13771,2,1464.8500000000001,2011-04-06 15:47:00,2011-05-24 12:57:00,108,47,1
13772,2,682.97,2011-04-14 12:31:00,2011-09-04 11:22:00,6,142,1
13777,24,12360.24,2010-12-01 16:01:00,2011-08-02 12:59:00,38,243,1
13778,1,178.7,2011-08-28 15:25:00,2011-08-28 15:25:00,12,0,0
13780,1,116.28000000000002,2011-06-22 11:43:00,2011-06-22 11:43:00,80,0,1
13781,1,127.84,2011-04-03 12:08:00,2011-04-03 12:08:00,160,0,0
13782,3,484.79,2011-01-16 11:08:00,2011-08-07 12:21:00,34,203,1
13784,9,2124.15,2011-01-11 14:38:00,2011-09-06 12:27:00,4,237,1
13786,1,230.39999999999998,2010-12-07 13:53:00,2010-12-07 13:53:00,276,0,0
13787,1,106.4,2010-12-10 14:45:00,2010-12-10 14:45:00,273,0,1
13791,2,1516.0,2011-06-24 16:38:00,2011-08-04 11:44:00,37,40,0
13792,1,74.60000000000001,2011-02-25 14:03:00,2011-02-25 14:03:00,196,0,1
13798,42,29161.14,2010-12-02 17:24:00,2011-09-07 15:34:00,2,278,1
13799,2,688.86,2011-02-18 14:18:00,2011-08-15 12:07:00,26,177,0
13800,1,558.32,2011-02-03 12:27:00,2011-02-03 12:27:00,219,0,0
13802,3,4599.42,2011-02-01 12:03:00,2011-07-24 10:54:00,48,172,0
13803,1,277.07,2011-03-29 12:57:00,2011-03-29 12:57:00,164,0,0
13804,4,1526.01,2011-02-23 09:09:00,2011-09-04 10:59:00,6,193,1
13805,1,500.24,2011-08-02 15:29:00,2011-08-02 15:29:00,38,0,1
13807,1,112.6,2010-12-07 15:48:00,2010-12-07 15:48:00,276,0,0
13808,2,723.1,2011-09-04 12:07:00,2011-09-07 12:10:00,3,3,1
13809,1,155.05,2011-02-07 13:15:00,2011-02-07 13:15:00,214,0,0
13811,3,814.5,2011-04-14 18:40:00,2011-06-09 09:54:00,93,55,0
13812,1,278.74,2011-08-26 12:54:00,2011-08-26 12:54:00,14,0,1
13813,1,385.14,2011-07-28 10:33:00,2011-07-28 10:33:00,44,0,1
13814,2,1579.12,2011-07-25 13:54:00,2011-09-08 13:48:00,1,44,0
13815,2,2977.75,2011-01-25 12:16:00,2011-06-20 13:08:00,81,146,1
13817,1,128.7,2010-12-23 11:46:00,2010-12-23 11:46:00,261,0,1
13819,3,1140.35,2011-01-24 10:38:00,2011-02-11 10:38:00,211,18,0
13821,2,385.64,2011-03-23 11:30:00,2011-07-18 09:49:00,54,116,0
13823,1,650.42,2011-09-09 10:42:00,2011-09-09 10:42:00,1,0,1
13824,4,1429.84,2011-02-02 13:07:00,2011-07-27 09:22:00,45,174,1
13826,1,189.5,2011-06-16 13:48:00,2011-06-16 13:48:00,85,0,0
13827,2,300.76,2011-07-19 15:38:00,2011-07-29 11:45:00,43,9,1
13831,4,1450.85,2010-12-05 12:13:00,2011-07-24 12:26:00,48,231,1
13833,1,383.85,2011-07-03 13:27:00,2011-07-03 13:27:00,68,0,0
13835,2,537.34,2011-05-08 15:22:00,2011-07-07 15:16:00,64,59,1
13837,2,266.59000000000003,2011-01-26 12:15:00,2011-05-12 12:10:00,121,105,0
13838,3,467.54,2010-12-05 10:45:00,2011-08-14 10:52:00,27,252,1
13841,1,85.0,2011-04-01 12:10:00,2011-04-01 12:10:00,162,0,0
13842,7,2165.27,2010-12-08 10:39:00,2011-07-07 12:41:00,65,211,1
13846,2,663.9300000000001,2010-12-14 16:07:00,2011-04-11 15:03:00,151,117,1
13848,3,1255.0,2010-12-08 15:10:00,2011-09-08 12:58:00,1,273,0
13849,1,593.5799999999999,2011-06-22 10:11:00,2011-06-22 10:11:00,80,0,1
13850,1,1595.48,2011-08-02 14:04:00,2011-08-02 14:04:00,38,0,0
13851,3,2651.46,2011-02-24 17:18:00,2011-09-05 12:36:00,5,192,0
13854,20,6469.16,2010-12-09 10:48:00,2011-09-08 14:35:00,1,273,1
13856,3,388.5,2011-05-20 13:13:00,2011-06-24 10:03:00,78,34,0
13859,1,201.16,2011-01-17 16:14:00,2011-01-17 16:14:00,235,0,0
13862,6,1781.3,2011-01-11 15:13:00,2011-08-23 14:53:00,17,223,1
13863,1,305.78,2011-04-06 10:20:00,2011-04-06 10:20:00,157,0,0
13865,3,383.34000000000003,2011-02-23 12:04:00,2011-07-26 11:24:00,46,152,1
13867,1,138.85,2011-05-05 17:28:00,2011-05-05 17:28:00,127,0,1
13869,4,3083.65,2010-12-17 15:14:00,2011-08-08 13:53:00,32,233,0
13870,5,2179.4700000000003,2011-02-25 09:09:00,2011-08-30 11:32:00,11,186,1
13871,9,4612.64,2011-02-04 09:30:00,2011-09-08 12:51:00,1,216,1
13873,3,389.6,2011-02-03 09:37:00,2011-08-12 10:08:00,29,190,0
13874,1,540.45,2010-12-16 18:20:00,2010-12-16 18:20:00,267,0,0
13875,4,1424.8,2011-02-11 15:39:00,2011-07-29 09:11:00,43,167,1
13880,8,1680.76,2010-12-07 14:00:00,2011-07-17 14:07:00,54,222,1
13881,11,9398.68,2011-02-01 10:14:00,2011-09-05 11:43:00,5,216,1
13883,4,1742.78,2011-03-31 17:17:00,2011-05-05 12:39:00,128,34,1
13884,3,196.25,2011-03-01 13:40:00,2011-03-07 12:53:00,186,5,1
13885,2,506.8,2011-05-23 08:52:00,2011-06-03 15:07:00,98,11,0
13887,1,349.55,2011-05-19 17:22:00,2011-05-19 17:22:00,113,0,0
13888,2,595.67,2011-05-05 14:41:00,2011-08-12 10:13:00,29,98,0
13889,1,416.90000000000003,2011-09-08 09:13:00,2011-09-08 09:13:00,2,0,0
13890,2,501.11,2010-12-16 09:31:00,2011-08-24 13:12:00,16,251,1
13892,1,54.519999999999996,2011-04-07 12:04:00,2011-04-07 12:04:00,156,0,1
13893,1,821.1,2011-02-15 11:30:00,2011-02-15 11:30:00,207,0,0
13894,1,160.85,2011-02-02 12:54:00,2011-02-02 12:54:00,219,0,1
13895,2,937.3000000000001,2011-06-28 10:17:00,2011-07-19 14:03:00,52,21,1
13898,1,155.93,2011-01-18 10:28:00,2011-01-18 10:28:00,235,0,0
13899,1,298.5,2011-03-10 09:30:00,2011-03-10 09:30:00,184,0,1
13900,3,740.95,2011-03-22 10:13:00,2011-06-09 19:26:00,92,79,0
13901,4,2652.28,2011-01-25 09:01:00,2011-08-24 12:36:00,17,211,1
13904,1,201.12,2011-02-18 11:18:00,2011-02-18 11:18:00,204,0,1
13908,3,1461.61,2011-03-08 12:04:00,2011-08-05 11:46:00,36,149,1
13911,8,2437.63,2011-02-04 14:46:00,2011-07-18 13:30:00,53,163,1
13917,1,65.38,2011-06-01 12:46:00,2011-06-01 12:46:00,101,0,1
13918,1,198.2,2011-03-31 18:05:00,2011-03-31 18:05:00,162,0,1
13919,1,213.15,2011-08-10 10:15:00,2011-08-10 10:15:00,31,0,1
13922,1,172.25,2010-12-23 10:38:00,2010-12-23 10:38:00,261,0,0
13925,4,678.25,2011-07-28 12:09:00,2011-09-08 12:47:00,2,42,0
13928,2,225.45000000000002,2011-07-29 15:59:00,2011-08-25 12:13:00,16,26,1
13929,2,842.65,2011-01-17 15:11:00,2011-06-23 15:26:00,78,157,0
13930,1,210.0,2011-07-26 11:00:00,2011-07-26 11:00:00,46,0,1
13931,2,1237.53,2011-03-04 08:43:00,2011-09-05 10:12:00,5,185,0
13932,1,307.4,2011-02-18 12:02:00,2011-02-18 12:02:00,204,0,0
13933,2,608.7900000000001,2011-07-14 13:35:00,2011-08-22 14:03:00,18,39,0
13934,1,922.1,2011-03-21 08:39:00,2011-03-21 08:39:00,173,0,0
13936,1,376.58,2011-06-13 08:47:00,2011-06-13 08:47:00,89,0,0
13937,1,158.85,2011-06-23 16:35:00,2011-06-23 16:35:00,78,0,0
13939,2,390.21,2011-02-01 11:30:00,2011-08-23 11:53:00,18,203,1
13940,2,391.06,2011-07-18 16:05:00,2011-08-15 12:47:00,26,27,1
13941,3,2831.26,2010-12-02 10:17:00,2011-06-21 09:44:00,81,200,1
13946,2,485.96999999999997,2011-03-17 10:02:00,2011-05-22 12:03:00,111,66,1
13948,1,102.0,2010-12-14 10:18:00,2010-12-14 10:18:00,270,0,0
13949,1,537.9,2011-09-06 11:55:00,2011-09-06 11:55:00,4,0,1
13950,1,179.30999999999997,2011-04-07 11:29:00,2011-04-07 11:29:00,156,0,1
13951,3,674.45,2011-02-18 15:21:00,2011-06-16 16:43:00,85,118,0
13952,2,3251.071,2011-04-15 09:27:00,2011-05-06 09:00:00,127,20,0
13953,5,2604.36,2010-12-22 10:29:00,2011-08-16 10:03:00,25,236,1
13955,2,322.96,2011-02-07 12:24:00,2011-07-08 17:19:00,63,151,0
13956,3,676.07,2011-03-13 12:51:00,2011-07-24 16:12:00,47,133,1
13959,2,337.44,2010-12-12 13:56:00,2011-03-03 18:16:00,190,81,1
13962,1,117.6,2011-04-08 11:21:00,2011-04-08 11:21:00,155,0,1
13963,4,664.54,2010-12-07 09:21:00,2011-02-04 14:43:00,217,59,0
13967,1,80.7,2011-07-17 12:02:00,2011-07-17 12:02:00,55,0,0
13969,11,3883.23,2010-12-09 19:32:00,2011-08-24 15:47:00,16,257,1
13971,6,1985.9,2011-02-27 12:27:00,2011-08-25 14:23:00,15,179,1
13972,1,145.9,2011-05-22 11:34:00,2011-05-22 11:34:00,111,0,1
13973,1,264.7,2011-02-25 15:21:00,2011-02-25 15:21:00,196,0,0
13975,4,1466.67,2011-03-08 12:19:00,2011-08-03 13:39:00,37,148,1
13976,1,357.98,2011-05-17 09:13:00,2011-05-17 09:13:00,116,0,0
13982,3,1230.1399999999999,2010-12-09 13:57:00,2011-06-29 15:11:00,72,202,1
13983,8,1681.06,2010-12-08 10:38:00,2011-06-05 16:05:00,96,179,1
13984,4,819.33,2010-12-08 15:58:00,2011-08-05 14:30:00,35,239,1
13985,7,2773.04,2011-03-20 13:48:00,2011-08-24 13:11:00,16,156,1
13988,3,1923.5,2011-03-30 11:48:00,2011-06-30 11:54:00,72,92,1
13989,1,896.6700000000001,2011-04-14 15:39:00,2011-04-14 15:39:00,148,0,1
13990,1,311.3,2011-05-10 15:19:00,2011-05-10 15:19:00,122,0,0
13991,1,126.35,2011-07-19 12:58:00,2011-07-19 12:58:00,52,0,1
13993,6,2247.41,2011-01-13 10:43:00,2011-08-31 12:31:00,10,230,1
13994,2,419.56,2011-07-14 18:28:00,2011-08-26 11:35:00,15,42,1
13995,3,871.9,2011-04-08 08:20:00,2011-08-16 09:00:00,25,130,1
13999,9,2868.9700000000003,2010-12-13 11:23:00,2011-09-05 11:19:00,5,265,1
14000,1,635.66,2011-05-12 16:50:00,2011-05-12 16:50:00,120,0,0
14001,2,1309.14,2010-12-01 12:58:00,2011-04-21 09:26:00,142,140,1
14002,2,529.73,2011-07-06 14:59:00,2011-07-28 15:55:00,43,22,0
14004,5,3203.26,2011-02-24 09:28:00,2011-09-02 13:50:00,7,190,1
14005,3,696.56,2011-05-08 10:33:00,2011-07-29 10:00:00,43,81,1
14006,3,962.19,2011-01-31 15:11:00,2011-08-16 09:39:00,25,196,0
14009,2,695.61,2011-05-18 13:00:00,2011-05-25 15:47:00,107,7,0
14012,1,328.8,2011-03-07 12:26:00,2011-03-07 12:26:00,187,0,0
14013,3,473.02,2011-03-09 08:59:00,2011-08-21 15:01:00,19,165,0
14016,4,4341.21,2010-12-17 14:21:00,2011-07-01 11:29:00,71,195,0
14019,2,800.53,2011-07-24 15:39:00,2011-09-02 12:51:00,7,39,1
14021,3,631.9,2011-03-28 15:10:00,2011-07-07 15:46:00,64,101,0
14022,1,440.0,2011-04-28 14:39:00,2011-04-28 14:39:00,134,0,0
14023,1,273.14,2011-04-03 15:50:00,2011-04-03 15:50:00,159,0,1
14024,2,327.7,2011-08-07 13:31:00,2011-08-10 11:30:00,31,2,0
14029,1,165.20000000000002,2011-07-18 16:57:00,2011-07-18 16:57:00,53,0,1
14030,6,1657.5,2010-12-08 16:11:00,2011-08-10 16:19:00,30,245,1
14031,13,9627.03,2010-12-02 16:34:00,2011-08-05 14:49:00,35,245,1
14032,6,1845.37,2010-12-08 10:53:00,2011-06-24 11:08:00,78,198,1
14034,2,473.90999999999997,2011-07-05 13:06:00,2011-07-05 13:15:00,66,0,1
14035,3,837.26,2011-02-15 12:48:00,2011-08-24 13:15:00,16,190,1
14036,1,626.65,2011-02-28 09:26:00,2011-02-28 09:26:00,194,0,0
14037,2,147.20000000000002,2010-12-10 11:39:00,2011-06-16 13:57:00,85,188,0
14038,2,1086.42,2011-05-16 14:05:00,2011-07-18 15:15:00,53,63,1
14040,10,2734.46,2011-01-12 14:57:00,2011-09-06 14:29:00,3,236,1
14041,1,141.41,2011-03-18 13:25:00,2011-03-18 13:25:00,175,0,0
14044,3,535.71,2011-02-03 11:39:00,2011-08-28 14:39:00,12,206,1
14045,4,1659.75,2010-12-01 11:32:00,2011-08-22 15:27:00,18,264,0
14046,1,154.99,2011-02-28 14:48:00,2011-02-28 14:48:00,193,0,0
14047,3,635.92,2010-12-02 10:09:00,2011-05-24 11:35:00,109,173,1
14048,1,409.93,2011-02-07 14:53:00,2011-02-07 14:53:00,214,0,0
14049,3,3244.74,2011-01-26 11:27:00,2011-07-04 11:47:00,68,159,1
14050,1,485.98,2011-08-25 13:46:00,2011-08-25 13:46:00,15,0,1
14051,16,9271.84,2010-12-08 12:49:00,2011-09-09 10:16:00,1,274,1
14053,2,260.25,2011-07-03 12:21:00,2011-08-07 14:27:00,33,35,0
14055,1,725.6400000000001,2011-08-25 15:04:00,2011-08-25 15:04:00,15,0,0
14056,17,5333.97,2011-02-28 15:19:00,2011-08-24 16:02:00,16,177,1
14057,13,4805.68,2010-12-14 12:11:00,2011-08-31 09:55:00,10,259,1
14059,1,183.6,2011-03-18 10:06:00,2011-03-18 10:06:00,176,0,0
14060,14,4102.78,2010-12-02 12:11:00,2011-08-23 16:49:00,17,264,1
14062,10,8800.67,2010-12-10 15:56:00,2011-09-09 10:31:00,1,272,1
14064,4,1097.03,2011-03-10 12:59:00,2011-08-18 18:11:00,22,161,1
14066,1,152.55,2011-03-18 12:21:00,2011-03-18 12:21:00,176,0,0
14067,1,224.67,2011-09-04 12:00:00,2011-09-04 12:00:00,6,0,1
14068,1,265.85,2011-01-23 16:02:00,2011-01-23 16:02:00,229,0,0
14071,2,356.81,2011-03-20 11:33:00,2011-03-24 13:28:00,169,4,1
14075,1,307.92,2011-03-23 16:35:00,2011-03-23 16:35:00,170,0,1
14076,1,118.67,2011-08-02 15:19:00,2011-08-02 15:19:00,38,0,0
14077,3,310.4,2011-03-10 15:52:00,2011-06-10 14:31:00,91,91,1
14078,6,1049.37,2010-12-01 12:54:00,2011-08-30 12:16:00,11,271,0
14079,1,375.1,2011-08-07 12:10:00,2011-08-07 12:10:00,34,0,0
14081,2,921.62,2010-12-05 15:47:00,2011-02-10 16:17:00,211,67,0
14082,1,182.25,2010-12-10 11:02:00,2010-12-10 11:02:00,274,0,0
14083,7,533.39,2010-12-03 12:24:00,2011-08-05 14:31:00,35,245,1
14085,12,3220.94,2010-12-06 12:39:00,2011-07-21 13:48:00,50,227,1
14088,7,25507.89,2011-01-21 13:07:00,2011-08-03 11:21:00,38,193,1
14090,1,76.32000000000001,2011-01-19 10:51:00,2011-01-19 10:51:00,234,0,0
14092,10,2745.42,2010-12-16 15:47:00,2011-09-01 10:36:00,9,258,1
14096,3,244.68,2011-08-30 10:49:00,2011-09-09 15:17:00,0,10,1
14099,8,2309.92,2010-12-20 11:14:00,2011-08-11 15:34:00,29,234,1
14100,1,191.95000000000002,2011-07-25 11:01:00,2011-07-25 11:01:00,47,0,0
14101,5,4944.389999999999,2011-01-17 13:09:00,2011-07-20 12:08:00,52,183,1
14104,2,216.20999999999998,2011-06-27 12:49:00,2011-07-08 12:50:00,64,11,0
14105,1,1266.23,2011-04-14 17:58:00,2011-04-14 17:58:00,148,0,0
14107,6,2461.94,2010-12-10 13:29:00,2011-09-04 15:20:00,5,268,1
14108,1,291.33,2011-08-30 11:32:00,2011-08-30 11:32:00,11,0,1
14110,5,3259.62,2011-03-18 09:59:00,2011-08-12 14:47:00,28,147,1
14111,3,295.5,2011-04-12 11:36:00,2011-09-05 12:21:00,5,146,1
14112,4,1900.82,2011-03-09 11:28:00,2011-08-01 12:16:00,40,145,1
14113,1,433.5,2010-12-20 12:14:00,2010-12-20 12:14:00,264,0,1
14114,2,386.53,2011-01-13 11:05:00,2011-03-11 09:42:00,183,56,0
14116,2,628.87,2011-08-10 12:44:00,2011-09-08 09:51:00,2,28,1
14117,1,90.0,2011-07-19 09:49:00,2011-07-19 09:49:00,53,0,0
14127,3,709.71,2011-02-02 12:26:00,2011-08-09 10:49:00,32,187,0
14128,1,305.54,2011-03-29 10:49:00,2011-03-29 10:49:00,165,0,1
14129,3,726.23,2011-03-24 08:44:00,2011-09-05 09:49:00,5,165,1
14130,1,480.91,2011-01-24 16:05:00,2011-01-24 16:05:00,228,0,0
14132,5,1552.46,2011-06-09 12:04:00,2011-08-18 11:59:00,23,69,1
14133,3,605.64,2011-01-28 11:27:00,2011-08-02 11:34:00,39,186,0
14135,10,3190.32,2010-12-02 10:27:00,2011-08-26 14:44:00,14,267,1
14141,1,285.16,2011-08-26 14:40:00,2011-08-26 14:40:00,14,0,1
14142,1,311.81,2010-12-01 16:33:00,2010-12-01 16:33:00,282,0,0
14143,1,115.8,2011-07-29 09:48:00,2011-07-29 09:48:00,43,0,0
14145,3,2851.2,2011-05-06 13:01:00,2011-07-06 11:52:00,66,60,1
14146,2,1903.73,2010-12-17 15:52:00,2011-03-30 11:04:00,164,102,1
14147,1,182.8,2011-02-27 11:42:00,2011-02-27 11:42:00,195,0,1
14148,1,157.2,2011-04-20 12:02:00,2011-04-20 12:02:00,143,0,0
14149,1,446.62,2011-05-03 09:44:00,2011-05-03 09:44:00,130,0,0
14150,1,306.18,2010-12-15 10:04:00,2010-12-15 10:04:00,269,0,1
14152,1,314.51,2011-04-19 15:46:00,2011-04-19 15:46:00,143,0,1
14154,2,1345.62,2011-04-14 15:58:00,2011-04-14 16:26:00,148,0,0
14155,1,118.75,2011-03-18 14:13:00,2011-03-18 14:13:00,175,0,0
14156,42,98688.79,2010-12-03 11:48:00,2011-09-07 16:00:00,2,278,1
14157,1,269.18,2011-02-27 13:04:00,2011-02-27 13:04:00,194,0,1
14159,7,2732.73,2010-12-12 11:17:00,2011-09-05 12:00:00,5,267,1
14161,3,1097.6200000000001,2010-12-05 13:18:00,2011-05-08 11:41:00,125,153,0
14162,2,289.36,2011-02-20 12:32:00,2011-06-19 11:36:00,83,118,0
14163,3,1659.39,2011-04-14 17:33:00,2011-07-10 14:49:00,61,86,1
14165,1,120.44,2011-03-09 12:39:00,2011-03-09 12:39:00,185,0,0
14167,3,389.85,2011-01-12 15:44:00,2011-06-27 16:46:00,74,166,1
14171,1,363.79,2011-09-02 16:43:00,2011-09-02 16:43:00,7,0,0
14173,1,114.04,2011-05-04 14:03:00,2011-05-04 14:03:00,128,0,1
14175,2,1205.99,2011-01-14 12:22:00,2011-06-21 14:29:00,80,158,1
14176,4,576.9000000000001,2010-12-07 11:45:00,2011-02-15 13:12:00,206,70,0
14177,3,299.46,2011-06-13 11:10:00,2011-09-05 12:24:00,5,84,1
14178,3,477.29,2011-06-10 12:51:00,2011-09-02 14:42:00,7,84,1
14180,22,4258.92,2010-12-02 13:08:00,2011-09-09 13:47:00,0,281,1
14185,1,197.65,2011-01-12 13:52:00,2011-01-12 13:52:00,240,0,0
14188,4,1383.46,2011-02-02 13:46:00,2011-08-22 13:42:00,18,200,1
14189,11,3267.92,2010-12-06 11:42:00,2011-09-04 13:45:00,5,272,1
14191,7,2258.26,2011-05-03 10:30:00,2011-08-23 14:25:00,17,112,1
14193,1,422.53999999999996,2011-03-15 11:38:00,2011-03-15 11:38:00,179,0,1
14194,12,5666.45,2011-02-04 14:51:00,2011-08-25 14:42:00,15,201,1
14195,2,1012.0,2011-04-01 16:50:00,2011-05-22 10:29:00,111,50,0
14196,1,335.52,2011-08-25 10:25:00,2011-08-25 10:25:00,16,0,0
14198,2,356.95,2011-04-14 14:54:00,2011-07-17 15:47:00,54,94,1
14199,1,185.39999999999998,2011-05-05 13:44:00,2011-05-05 13:44:00,127,0,0
14201,5,521.24,2010-12-15 13:25:00,2011-07-13 15:18:00,58,210,1
14205,1,222.9,2011-03-20 15:07:00,2011-03-20 15:07:00,173,0,1
14206,1,328.15999999999997,2011-04-14 16:38:00,2011-04-14 16:38:00,148,0,0
14208,1,151.74,2011-09-06 12:48:00,2011-09-06 12:48:00,4,0,0
14209,5,1876.33,2011-01-11 12:56:00,2011-08-10 16:01:00,30,211,1
14210,6,1905.8400000000001,2010-12-03 12:43:00,2011-08-26 12:36:00,15,265,0
14211,6,1129.93,2011-02-17 15:50:00,2011-09-04 10:51:00,6,198,1
14214,3,899.16,2011-03-07 12:26:00,2011-07-06 15:02:00,65,121,1
14215,4,1098.27,2010-12-06 15:34:00,2011-06-06 10:04:00,96,181,1
14217,10,1211.5,2010-12-08 13:28:00,2011-09-01 12:16:00,9,266,1
14220,2,632.4,2010-12-16 18:18:00,2011-04-06 13:23:00,156,110,0
14221,7,2617.0099999999998,2011-01-04 15:33:00,2011-08-18 17:43:00,22,226,1
14222,1,683.17,2011-06-15 16:42:00,2011-06-15 16:42:00,86,0,0
14223,3,991.13,2011-03-20 16:02:00,2011-09-08 13:38:00,1,171,0
14224,4,1009.73,2011-01-23 13:58:00,2011-08-21 13:24:00,19,209,0
14226,2,1692.0,2011-03-15 15:36:00,2011-05-13 14:16:00,119,58,1
14227,7,2399.52,2011-02-28 12:27:00,2011-05-27 14:50:00,105,88,1
14229,2,762.13,2011-01-10 12:03:00,2011-02-21 09:45:00,201,41,1
14231,3,925.71,2011-02-24 11:55:00,2011-06-09 11:05:00,93,104,0
14232,4,1573.33,2011-03-20 12:44:00,2011-08-16 12:52:00,24,149,1
14233,3,959.1,2011-01-26 12:43:00,2011-05-12 10:45:00,121,105,1
14235,4,2802.86,2011-03-24 13:23:00,2011-07-05 10:58:00,67,102,1
14236,1,189.3,2010-12-02 18:49:00,2010-12-02 18:49:00,281,0,1
14237,1,161.0,2010-12-01 13:20:00,2010-12-01 13:20:00,282,0,0
14238,1,146.85,2011-01-17 14:40:00,2011-01-17 14:40:00,235,0,0
14239,9,1880.89,2011-01-27 14:45:00,2011-09-06 12:38:00,4,221,1
14240,1,226.85,2011-04-28 11:40:00,2011-04-28 11:40:00,135,0,1
14241,1,213.70000000000002,2011-06-09 11:46:00,2011-06-09 11:46:00,93,0,0
14242,2,280.55,2011-01-18 08:53:00,2011-04-19 11:46:00,144,91,0
14243,8,2305.95,2010-12-09 08:34:00,2011-09-05 13:10:00,4,270,1
14245,2,1693.45,2011-03-21 10:41:00,2011-05-04 08:40:00,129,43,0
14246,3,1474.06,2011-04-08 08:25:00,2011-08-21 11:50:00,20,135,0
14247,1,136.76999999999998,2011-03-06 15:21:00,2011-03-06 15:21:00,187,0,0
14248,1,302.58,2011-01-25 14:45:00,2011-01-25 14:45:00,227,0,0
14256,2,969.0600000000001,2010-12-10 11:44:00,2011-03-24 13:17:00,169,104,0
14257,4,2725.84,2011-01-25 10:49:00,2011-08-08 15:35:00,32,195,1
14258,7,9386.32,2011-01-06 12:18:00,2011-07-11 10:12:00,61,185,1
14259,1,120.0,2011-07-21 10:44:00,2011-07-21 10:44:00,51,0,0
14262,3,855.0,2011-04-13 12:23:00,2011-08-24 15:04:00,16,133,1
14264,2,333.97,2011-04-08 12:20:00,2011-07-08 10:20:00,64,90,0
14265,2,530.18,2011-07-14 09:10:00,2011-08-22 13:32:00,18,39,0
14267,3,1516.24,2011-03-24 11:38:00,2011-06-30 10:09:00,72,97,0
14270,1,492.65000000000003,2011-01-12 09:33:00,2011-01-12 09:33:00,241,0,0
14271,1,112.32,2011-04-28 12:47:00,2011-04-28 12:47:00,135,0,0
14272,1,132.09,2011-03-30 13:57:00,2011-03-30 13:57:00,163,0,1
14273,3,450.05,2011-04-11 13:24:00,2011-07-26 14:56:00,45,106,1
14276,3,1119.74,2011-02-23 09:38:00,2011-09-02 09:45:00,8,191,0
14277,1,1629.03,2011-05-11 13:20:00,2011-05-11 13:20:00,121,0,1
14280,1,134.04,2011-05-27 10:37:00,2011-05-27 10:37:00,106,0,0
14282,9,2467.54,2010-12-07 12:21:00,2011-08-22 11:03:00,19,257,1
14285,1,5.9,2011-06-16 12:36:00,2011-06-16 12:36:00,86,0,1
14286,1,2050.08,2011-04-11 08:16:00,2011-04-11 08:16:00,152,0,1
14287,2,83.28,2011-05-25 11:41:00,2011-05-25 11:44:00,108,0,1
14288,1,426.6,2011-05-10 13:22:00,2011-05-10 13:22:00,122,0,0
14289,5,832.78,2011-02-23 12:33:00,2011-07-28 10:24:00,44,154,1
14290,1,777.5600000000001,2010-12-13 10:24:00,2010-12-13 10:24:00,271,0,1
14291,7,2355.54,2011-03-09 15:20:00,2011-08-11 10:55:00,30,154,1
14292,4,2590.21,2011-03-02 08:26:00,2011-07-17 12:18:00,55,137,1
14293,3,739.41,2010-12-06 10:18:00,2011-07-15 15:28:00,56,221,1
14297,1,232.6,2011-03-10 08:31:00,2011-03-10 08:31:00,184,0,1
14298,37,41182.51,2010-12-14 12:59:00,2011-09-01 14:26:00,8,261,1
14299,5,2437.14,2010-12-09 10:30:00,2011-08-24 11:54:00,17,258,1
14301,1,640.14,2011-08-14 15:33:00,2011-08-14 15:33:00,26,0,0
14304,1,383.45,2011-05-01 11:50:00,2011-05-01 11:50:00,132,0,0
14305,2,1048.45,2011-07-27 14:14:00,2011-08-18 06:20:00,23,21,1
14307,4,2307.89,2010-12-01 11:41:00,2011-07-28 09:45:00,44,238,1
14309,7,1633.7,2010-12-16 13:05:00,2011-09-07 12:50:00,3,264,1
14311,1,310.26,2011-04-11 10:14:00,2011-04-11 10:14:00,152,0,0
14312,5,1047.19,2011-01-06 16:35:00,2011-09-09 13:14:00,0,245,1
14314,1,120.0,2011-08-25 10:39:00,2011-08-25 10:39:00,16,0,0
14315,5,1550.15,2011-03-18 12:59:00,2011-08-02 13:31:00,38,137,1
14320,2,477.79,2011-01-11 09:12:00,2011-05-17 09:24:00,116,126,0
14321,3,900.65,2011-01-10 11:35:00,2011-08-15 09:57:00,26,216,1
14323,2,605.0600000000001,2011-04-15 11:44:00,2011-08-17 11:37:00,24,123,0
14326,1,183.85,2011-04-11 15:04:00,2011-04-11 15:04:00,151,0,0
14327,1,311.65,2011-06-29 13:58:00,2011-06-29 13:58:00,72,0,0
14329,4,3485.03,2011-01-14 13:42:00,2011-08-23 12:18:00,18,220,1
14331,2,462.65999999999997,2011-07-27 15:14:00,2011-08-07 13:17:00,33,10,0
14332,1,119.04,2011-07-15 10:33:00,2011-07-15 10:33:00,57,0,1
14334,7,2328.71,2010-12-16 17:37:00,2011-09-07 10:55:00,3,264,1
14335,1,347.5,2011-09-04 13:07:00,2011-09-04 13:07:00,5,0,1
14336,3,1114.39,2011-03-08 16:48:00,2011-05-25 14:44:00,107,77,1
14338,2,588.22,2011-05-27 13:30:00,2011-07-01 14:08:00,70,35,0
14339,1,309.52,2011-04-11 11:06:00,2011-04-11 11:06:00,152,0,0
14340,1,134.7,2011-05-05 09:44:00,2011-05-05 09:44:00,128,0,0
14341,6,1139.52,2011-01-25 13:55:00,2011-08-01 14:05:00,39,188,1
14342,2,419.74,2011-05-13 13:50:00,2011-07-25 14:35:00,46,73,1
14344,8,889.9300000000001,2010-12-06 11:58:00,2011-08-04 13:51:00,36,241,0
14346,2,1021.58,2011-02-15 13:52:00,2011-08-11 09:47:00,30,176,0
14348,1,409.57,2011-03-24 16:23:00,2011-03-24 16:23:00,169,0,0
14350,1,282.93,2011-03-10 14:14:00,2011-03-10 14:14:00,183,0,0
14351,1,51.0,2011-06-28 11:56:00,2011-06-28 11:56:00,74,0,0
14352,4,1078.96,2011-03-11 14:58:00,2011-07-05 15:41:00,66,116,0
14353,1,90.6,2011-05-08 16:06:00,2011-05-08 16:06:00,124,0,0
14355,1,174.4,2010-12-09 12:16:00,2010-12-09 12:16:00,275,0,0
14360,1,1124.49,2011-09-06 11:58:00,2011-09-06 11:58:00,4,0,1
14364,8,3717.35,2011-05-12 12:56:00,2011-08-23 11:01:00,18,102,0
14367,10,5419.7,2011-03-08 14:12:00,2011-07-25 09:26:00,47,138,1
14368,1,155.0,2011-01-24 09:52:00,2011-01-24 09:52:00,229,0,0
14371,1,100.5,2011-02-17 16:35:00,2011-02-17 16:35:00,204,0,0
14373,1,76.55,2010-12-16 15:40:00,2010-12-16 15:40:00,267,0,0
14375,1,235.56,2011-06-07 13:44:00,2011-06-07 13:44:00,94,0,0
14377,2,617.05,2011-03-22 13:38:00,2011-06-01 13:32:00,100,70,0
14379,1,110.98,2011-02-17 15:03:00,2011-02-17 15:03:00,204,0,1
14383,1,242.09,2011-06-29 10:18:00,2011-06-29 10:18:00,73,0,1
14386,1,142.4,2011-02-16 09:45:00,2011-02-16 09:45:00,206,0,0
14387,1,440.76,2011-08-22 14:13:00,2011-08-22 14:13:00,18,0,1
14388,6,2277.77,2010-12-02 11:02:00,2011-09-09 13:26:00,0,281,1
14389,1,311.14,2011-06-02 12:04:00,2011-06-02 12:04:00,100,0,1
14390,4,1590.71,2010-12-02 11:57:00,2011-07-18 13:35:00,53,228,1
14393,1,67.95,2011-05-05 18:16:00,2011-05-05 18:16:00,127,0,0
14395,6,1952.3200000000002,2010-12-02 18:15:00,2011-06-15 12:21:00,87,194,1
14396,1,110.35000000000001,2010-12-03 15:19:00,2010-12-03 15:19:00,280,0,1
14397,10,1036.12,2011-05-10 12:25:00,2011-09-07 09:37:00,3,119,1
14400,1,574.7,2011-07-13 15:50:00,2011-07-13 15:50:00,58,0,0
14401,10,3079.38,2010-12-15 09:07:00,2011-09-05 11:51:00,5,264,1
14403,4,1475.81,2011-04-06 14:23:00,2011-08-01 12:57:00,39,116,0
14404,5,1322.52,2010-12-05 16:00:00,2011-08-23 11:16:00,18,260,1
14406,1,156.75,2011-08-12 16:54:00,2011-08-12 16:54:00,28,0,0
14407,6,2157.73,2011-03-08 11:59:00,2011-08-24 14:02:00,16,169,0
14408,6,2290.81,2011-03-20 14:41:00,2011-09-06 11:29:00,4,169,1
14409,5,1943.73,2010-12-06 15:03:00,2011-08-09 10:52:00,32,245,1
14410,9,1100.27,2011-02-07 09:36:00,2011-09-08 15:08:00,1,213,0
14411,1,1063.0,2011-02-02 10:56:00,2011-02-02 10:56:00,220,0,0
14413,1,121.05,2010-12-12 13:37:00,2010-12-12 13:37:00,271,0,0
14414,7,1496.98,2010-12-16 11:11:00,2011-09-09 12:09:00,1,267,0
14415,9,3766.13,2010-12-14 13:31:00,2011-09-02 15:56:00,7,262,1
14418,1,150.44,2011-08-23 17:18:00,2011-08-23 17:18:00,17,0,1
14419,2,307.14,2010-12-10 10:56:00,2011-04-01 11:47:00,162,112,1
14420,1,387.52,2011-09-01 18:07:00,2011-09-01 18:07:00,8,0,0
14421,1,455.18,2011-05-12 10:49:00,2011-05-12 10:49:00,121,0,1
14422,2,1032.15,2011-03-17 17:26:00,2011-06-22 15:07:00,79,96,1
14423,1,265.2,2011-05-05 15:12:00,2011-05-05 15:12:00,127,0,0
14426,6,2885.58,2011-01-31 09:51:00,2011-07-22 11:56:00,50,172,1
14428,2,330.62,2011-01-18 16:39:00,2011-04-14 09:43:00,149,85,1
14431,1,470.36,2011-02-10 10:40:00,2011-02-10 10:40:00,212,0,0
14436,1,89.06,2011-09-02 10:13:00,2011-09-02 10:13:00,8,0,0
14437,1,63.0,2010-12-09 09:27:00,2010-12-09 09:27:00,275,0,0
14438,1,131.9,2011-02-06 14:56:00,2011-02-06 14:56:00,215,0,0
14439,1,2661.24,2011-01-24 11:39:00,2011-01-24 11:39:00,229,0,0
14440,2,1185.71,2010-12-09 12:49:00,2011-01-27 10:30:00,226,48,1
14441,2,697.4000000000001,2011-03-29 12:01:00,2011-09-06 09:45:00,4,160,1
14442,2,1589.82,2011-01-27 09:33:00,2011-05-19 11:36:00,114,112,0
14443,3,991.52,2010-12-06 11:03:00,2011-07-24 11:40:00,48,230,1
14446,1,303.04,2011-04-07 12:10:00,2011-04-07 12:10:00,156,0,1
14447,2,601.03,2011-03-04 10:49:00,2011-05-27 14:29:00,105,84,1
14448,1,102.35000000000001,2010-12-10 17:26:00,2010-12-10 17:26:00,273,0,1
14449,2,399.91,2010-12-02 14:09:00,2011-04-07 12:16:00,156,125,1
14450,3,483.25,2011-01-23 11:53:00,2011-06-12 10:46:00,90,139,0
14451,1,360.0,2011-05-29 12:35:00,2011-05-29 12:35:00,104,0,1
14452,1,127.37,2011-09-07 11:32:00,2011-09-07 11:32:00,3,0,1
14453,1,119.93,2011-06-02 14:15:00,2011-06-02 14:15:00,99,0,0
14456,3,636.65,2011-07-20 13:06:00,2011-07-31 15:00:00,40,11,1
14457,1,113.64,2011-02-02 09:39:00,2011-02-02 09:39:00,220,0,0
14459,1,1837.92,2011-07-07 13:35:00,2011-07-07 13:35:00,64,0,0
14460,3,434.34,2011-02-02 11:55:00,2011-08-21 14:19:00,19,200,0
14461,3,2103.06,2011-03-23 12:15:00,2011-07-14 17:11:00,57,113,0
14462,9,1510.65,2011-01-04 12:45:00,2011-08-11 09:57:00,30,218,1
14463,3,529.62,2011-05-18 14:42:00,2011-09-02 15:20:00,7,107,0
14465,3,1038.44,2011-02-10 12:13:00,2011-04-07 12:38:00,156,56,0
14466,5,1580.45,2010-12-02 13:36:00,2011-08-16 08:39:00,25,256,1
14467,1,131.7,2011-01-31 12:35:00,2011-01-31 12:35:00,222,0,1
14470,1,297.64,2011-02-25 11:56:00,2011-02-25 11:56:00,197,0,1
14472,8,1852.67,2010-12-19 14:03:00,2011-08-28 11:01:00,13,251,0
14473,1,85.0,2011-03-02 13:56:00,2011-03-02 13:56:00,191,0,1
14475,2,622.17,2011-02-08 10:12:00,2011-06-06 13:06:00,95,118,1
14476,1,193.0,2011-03-27 15:39:00,2011-03-27 15:39:00,166,0,0
14477,2,523.0,2011-02-15 15:44:00,2011-06-08 13:33:00,93,112,1
14479,2,316.25,2010-12-09 12:59:00,2011-03-31 09:07:00,163,111,0
14481,2,636.51,2011-02-25 13:53:00,2011-06-28 10:38:00,74,122,0
14482,2,465.95000000000005,2011-04-14 16:41:00,2011-09-01 16:44:00,8,140,1
14483,1,137.1,2011-03-03 10:26:00,2011-03-03 10:26:00,191,0,0
14487,1,125.10000000000001,2010-12-06 13:22:00,2010-12-06 13:22:00,277,0,1
14489,1,463.38,2011-05-16 14:51:00,2011-05-16 14:51:00,116,0,0
14491,2,340.93,2010-12-02 12:10:00,2011-06-17 15:22:00,84,197,0
14493,1,611.22,2011-07-07 16:59:00,2011-07-07 16:59:00,64,0,1
14495,1,40.599999999999994,2011-08-10 14:13:00,2011-08-10 14:13:00,30,0,1
14496,2,538.8100000000001,2010-12-01 15:35:00,2011-02-01 09:01:00,221,61,0
14497,1,475.37,2011-02-03 17:01:00,2011-02-03 17:01:00,218,0,0
14498,4,1281.79,2010-12-13 11:29:00,2011-08-15 14:10:00,25,245,1
14499,2,367.81,2011-03-06 11:55:00,2011-07-29 11:49:00,43,144,1
14500,2,335.85,2011-06-03 10:08:00,2011-08-19 17:02:00,21,77,1
14501,2,251.21,2011-01-24 10:43:00,2011-06-09 12:02:00,93,136,0
14502,7,1163.22,2011-01-30 15:52:00,2011-07-13 13:14:00,58,163,1
14503,1,597.07,2011-06-14 10:00:00,2011-06-14 10:00:00,88,0,1
14504,3,542.71,2011-03-06 14:38:00,2011-04-10 16:01:00,152,35,1
14505,6,4222.74,2010-12-12 16:14:00,2011-08-22 14:38:00,18,252,1
14506,3,818.96,2010-12-05 14:25:00,2011-06-30 19:27:00,71,207,1
14507,4,924.6899999999999,2011-03-08 17:23:00,2011-08-30 15:16:00,10,174,1
14511,2,329.89,2011-07-29 12:13:00,2011-09-08 13:26:00,1,41,1
14512,2,275.28,2011-04-21 19:05:00,2011-06-05 12:39:00,97,44,0
14513,3,455.59000000000003,2011-02-24 09:36:00,2011-08-31 11:25:00,10,188,0
14514,2,403.11,2011-01-12 15:22:00,2011-05-22 15:12:00,110,129,1
14515,2,765.65,2011-05-05 12:13:00,2011-06-01 12:54:00,100,27,1
14517,1,252.45,2011-07-21 11:42:00,2011-07-21 11:42:00,51,0,1
14520,1,165.0,2011-02-22 09:15:00,2011-02-22 09:15:00,200,0,1
14522,2,760.6999999999999,2011-05-25 16:01:00,2011-09-08 15:39:00,1,105,1
14523,1,241.09,2011-08-23 13:13:00,2011-08-23 13:13:00,17,0,0
14524,5,1028.87,2010-12-14 11:01:00,2011-06-14 12:46:00,88,182,1
14525,7,2820.29,2010-12-13 17:40:00,2011-08-31 14:28:00,9,260,1
14527,40,5281.42,2010-12-05 13:17:00,2011-09-02 12:37:00,8,270,1
14529,1,135.24,2011-08-21 14:10:00,2011-08-21 14:10:00,19,0,1
14530,5,2482.32,2011-02-16 10:47:00,2011-09-07 12:55:00,2,203,1
14532,4,932.85,2010-12-22 13:48:00,2011-04-17 13:05:00,145,115,0
14533,2,734.98,2010-12-22 11:07:00,2011-08-19 12:06:00,22,240,1
14534,14,3031.39,2011-01-25 12:33:00,2011-09-05 12:20:00,5,222,1
14535,2,1652.81,2011-04-05 12:50:00,2011-08-04 15:04:00,36,121,1
14536,1,170.95,2011-03-25 12:21:00,2011-03-25 12:21:00,169,0,0
14538,1,106.5,2011-03-28 14:57:00,2011-03-28 14:57:00,165,0,1
14540,1,195.9,2011-02-03 15:02:00,2011-02-03 15:02:00,218,0,1
14541,7,1307.3500000000001,2011-01-24 14:16:00,2011-06-24 10:31:00,78,150,1
14542,1,103.25,2011-06-07 08:19:00,2011-06-07 08:19:00,95,0,0
14543,13,3234.5,2010-12-10 11:51:00,2011-08-23 12:26:00,18,256,1
14544,1,1101.77,2010-12-13 12:50:00,2010-12-13 12:50:00,271,0,1
14546,2,874.88,2011-04-05 12:37:00,2011-05-22 11:41:00,111,46,1
14548,2,652.8,2011-01-26 08:38:00,2011-07-12 12:19:00,60,167,0
14549,1,289.24,2011-02-01 13:47:00,2011-02-01 13:47:00,220,0,0
14551,1,125.43,2011-05-19 18:21:00,2011-05-19 18:21:00,113,0,1
14552,1,164.22,2011-07-11 12:49:00,2011-07-11 12:49:00,61,0,0
14553,2,312.32,2011-01-04 15:40:00,2011-05-05 11:08:00,128,120,1
14555,1,186.34,2011-02-10 17:19:00,2011-02-10 17:19:00,211,0,1
14560,15,1565.2,2010-12-17 09:22:00,2011-09-06 10:27:00,4,263,1
14561,2,566.99,2011-06-08 13:26:00,2011-06-30 13:43:00,71,22,1
14562,7,2309.38,2011-02-08 14:45:00,2011-09-08 19:58:00,1,212,1
14565,4,3099.12,2010-12-13 13:25:00,2011-09-05 09:07:00,5,265,0
14566,1,1432.0,2011-08-21 11:05:00,2011-08-21 11:05:00,20,0,0
14567,1,800.76,2011-08-01 13:48:00,2011-08-01 13:48:00,39,0,1
14570,2,218.06,2011-03-04 10:39:00,2011-03-04 10:58:00,190,0,0
14572,5,2063.2400000000002,2011-01-19 17:23:00,2011-08-21 13:46:00,19,213,1
14573,9,1639.82,2010-12-02 19:59:00,2011-06-13 11:15:00,89,192,0
14576,1,35.400000000000006,2010-12-02 17:51:00,2010-12-02 17:51:00,281,0,0
14577,3,646.64,2010-12-12 11:26:00,2011-06-29 11:46:00,73,199,1
14583,4,741.72,2011-05-18 11:28:00,2011-07-18 12:53:00,53,61,1
14584,4,1033.06,2011-05-25 17:31:00,2011-06-23 18:33:00,78,29,0
14586,1,237.36,2011-03-08 10:04:00,2011-03-08 10:04:00,186,0,0
14587,8,1452.68,2011-01-12 13:16:00,2011-06-08 14:09:00,93,147,1
14589,1,39.75,2010-12-03 11:42:00,2010-12-03 11:42:00,281,0,0
14591,1,204.02,2011-05-10 14:09:00,2011-05-10 14:09:00,122,0,1
14593,2,339.59,2011-05-25 11:14:00,2011-05-25 11:21:00,108,0,1
14594,1,255.0,2010-12-01 13:54:00,2010-12-01 13:54:00,282,0,1
14595,1,163.8,2011-01-30 13:36:00,2011-01-30 13:36:00,222,0,1
14597,1,165.1,2011-06-01 12:33:00,2011-06-01 12:33:00,101,0,1
14600,1,393.33000000000004,2011-02-07 09:48:00,2011-02-07 09:48:00,215,0,0
14603,1,660.0,2011-03-10 10:27:00,2011-03-10 10:27:00,184,0,0
14606,71,9508.91,2010-12-01 16:57:00,2011-09-07 12:41:00,3,279,1
14607,1,495.0,2011-03-23 15:22:00,2011-03-23 15:22:00,170,0,1
14608,1,204.0,2010-12-12 14:49:00,2010-12-12 14:49:00,271,0,1
14609,3,486.36,2011-02-16 12:10:00,2011-07-19 17:04:00,52,153,1
14616,3,406.08000000000004,2011-01-26 12:42:00,2011-04-11 09:54:00,152,74,0
14618,1,211.8,2011-01-06 11:59:00,2011-01-06 11:59:00,247,0,1
14619,1,394.44,2011-04-08 07:37:00,2011-04-08 07:37:00,155,0,0
14620,2,412.78000000000003,2011-03-01 08:30:00,2011-05-18 11:58:00,115,78,0
14621,3,1002.91,2010-12-16 13:00:00,2011-07-06 12:31:00,66,201,1
14622,1,320.58000000000004,2011-06-08 12:42:00,2011-06-08 12:42:00,94,0,0
14623,3,606.16,2011-04-18 13:54:00,2011-08-15 13:51:00,25,118,1
14625,2,899.63,2010-12-13 15:36:00,2011-05-27 15:32:00,105,164,0
14626,2,1571.29,2011-04-20 13:18:00,2011-08-09 10:20:00,32,110,1
14628,2,671.96,2011-04-11 14:43:00,2011-09-09 14:58:00,0,151,0
14631,2,630.08,2011-02-14 09:31:00,2011-04-18 16:49:00,144,63,1
14632,1,114.56,2011-03-22 08:49:00,2011-03-22 08:49:00,172,0,0
14633,1,344.90000000000003,2011-03-18 17:07:00,2011-03-18 17:07:00,175,0,0
14636,1,300.19,2011-03-16 09:52:00,2011-03-16 09:52:00,178,0,1
14639,4,1989.23,2010-12-13 13:50:00,2011-08-11 13:41:00,29,240,1
14640,4,1483.3600000000001,2011-04-26 12:31:00,2011-08-04 11:38:00,37,99,1
14643,2,693.8100000000001,2010-12-16 17:53:00,2011-06-22 14:41:00,79,187,0
14644,1,187.50000000000003,2011-02-14 14:14:00,2011-02-14 14:14:00,207,0,1
14645,2,597.09,2011-03-09 09:52:00,2011-07-06 09:15:00,66,118,0
14646,42,178302.62,2010-12-20 10:09:00,2011-09-08 11:28:00,2,262,1
14647,1,236.04000000000002,2011-05-22 13:40:00,2011-05-22 13:40:00,110,0,0
14649,2,582.12,2011-05-11 14:37:00,2011-05-11 14:42:00,121,0,1
14651,1,415.47,2011-05-12 16:29:00,2011-05-12 16:29:00,120,0,1
14653,1,344.81,2011-01-05 13:40:00,2011-01-05 13:41:00,247,0,1
14655,1,810.56,2011-05-01 14:59:00,2011-05-01 14:59:00,131,0,1
14656,2,291.05,2011-03-01 13:19:00,2011-06-23 13:51:00,78,114,0
14657,3,638.94,2011-01-17 15:19:00,2011-07-07 19:54:00,64,171,1
14658,1,123.14,2011-08-14 15:42:00,2011-08-14 15:42:00,26,0,1
14659,6,1641.55,2011-01-28 12:43:00,2011-07-17 12:31:00,55,169,1
14660,1,128.95,2011-08-31 10:40:00,2011-08-31 10:40:00,10,0,1
14662,3,512.28,2011-01-27 17:41:00,2011-04-19 12:26:00,144,81,1
14665,3,731.66,2011-02-02 09:08:00,2011-02-16 10:34:00,206,14,1
14667,18,6011.46,2010-12-06 13:13:00,2011-09-06 12:30:00,4,273,1
14669,3,1259.24,2011-01-11 12:30:00,2011-04-12 11:43:00,151,90,0
14670,2,392.86,2011-03-04 13:58:00,2011-03-04 14:13:00,189,0,0
14672,2,765.55,2011-01-07 15:48:00,2011-04-19 10:19:00,144,101,0
14673,1,373.49,2010-12-07 12:49:00,2010-12-07 12:49:00,277,0,1
14676,4,1690.92,2011-03-01 14:26:00,2011-07-15 11:50:00,57,135,1
14680,14,25422.56,2010-12-03 12:05:00,2011-09-05 15:49:00,4,276,1
14681,1,393.95,2011-05-12 10:45:00,2011-05-12 10:45:00,121,0,1
14682,2,52.0,2011-05-22 12:51:00,2011-06-05 12:12:00,97,13,0
14684,2,493.44,2010-12-12 12:44:00,2011-05-08 12:58:00,124,147,1
14687,1,628.38,2011-08-25 11:59:00,2011-08-25 11:59:00,16,0,0
14688,16,4186.45,2010-12-01 09:37:00,2011-09-08 12:16:00,2,281,1
14689,1,112.8,2011-05-15 11:22:00,2011-05-15 11:22:00,118,0,0
14690,1,212.56,2011-07-11 11:58:00,2011-07-11 11:58:00,61,0,1
14691,2,1274.68,2011-05-11 09:55:00,2011-09-04 11:17:00,6,116,1
14692,4,591.55,2011-01-21 13:47:00,2011-07-25 15:08:00,46,185,0
14693,1,172.9,2011-03-20 12:50:00,2011-03-20 12:50:00,174,0,0
14696,5,1458.54,2010-12-01 15:37:00,2011-08-12 12:37:00,29,253,1
14697,2,188.60999999999999,2011-05-05 15:29:00,2011-05-05 15:39:00,127,0,0
14699,1,109.13000000000001,2011-05-09 14:54:00,2011-05-09 14:54:00,123,0,0
14700,2,1541.1,2011-04-15 13:16:00,2011-06-03 11:59:00,99,48,1
14701,7,1941.43,2011-01-27 12:40:00,2011-06-20 11:36:00,82,143,1
14702,9,1651.25,2010-12-09 19:23:00,2011-08-15 11:30:00,26,248,1
14704,2,207.5,2011-06-12 13:59:00,2011-07-20 12:01:00,52,37,1
14705,1,179.0,2011-05-25 12:39:00,2011-05-25 12:39:00,108,0,0
14708,2,701.1800000000001,2010-12-06 12:23:00,2011-07-08 16:08:00,63,214,1
14709,9,3952.7400000000002,2010-12-16 13:43:00,2011-09-07 12:21:00,3,264,1
14711,9,2355.63,2011-03-22 13:32:00,2011-09-09 13:42:00,0,171,1
14712,1,115.72,2011-08-19 13:33:00,2011-08-19 13:33:00,21,0,1
14713,9,2029.61,2010-12-09 18:58:00,2011-09-01 19:11:00,8,266,1
14715,3,594.75,2011-01-12 13:27:00,2011-09-06 12:02:00,4,236,1
14716,1,181.72,2011-07-14 12:42:00,2011-07-14 12:42:00,58,0,1
14719,2,488.12,2011-04-04 14:17:00,2011-06-13 12:52:00,88,69,1
14720,1,155.8,2011-08-05 12:06:00,2011-08-05 12:06:00,36,0,1
14722,1,180.42000000000002,2011-07-15 14:58:00,2011-07-15 14:58:00,56,0,0
14723,3,455.65,2010-12-03 14:18:00,2010-12-16 19:19:00,267,13,1
14727,1,268.58,2011-03-10 14:45:00,2011-03-10 14:45:00,183,0,0
14729,1,313.49,2010-12-01 12:43:00,2010-12-01 12:43:00,283,0,0
14730,5,872.13,2011-03-08 12:49:00,2011-08-24 13:07:00,16,169,1
14731,2,251.01999999999998,2011-05-11 13:06:00,2011-05-18 11:02:00,115,6,1
14732,5,1618.3,2011-01-04 14:40:00,2011-07-19 09:31:00,53,195,1
14733,11,9044.2,2010-12-07 11:30:00,2011-08-21 11:57:00,20,257,1
14735,23,3595.71,2010-12-16 16:05:00,2011-09-01 16:45:00,8,259,1
14737,2,1081.75,2010-12-21 13:49:00,2011-08-03 10:04:00,38,224,1
14738,5,757.6500000000001,2011-01-27 14:10:00,2011-07-29 10:34:00,43,182,1
14739,4,2247.58,2010-12-07 14:58:00,2011-09-06 14:09:00,3,272,1
14740,3,1448.21,2011-03-01 08:35:00,2011-05-26 18:17:00,106,86,0
14741,4,864.96,2010-12-02 08:43:00,2011-08-18 13:16:00,22,259,1
14744,5,928.03,2010-12-08 10:21:00,2011-02-15 11:33:00,207,69,1
14745,5,1220.26,2011-02-27 15:25:00,2011-08-19 10:05:00,22,172,0
14747,1,328.2,2011-04-04 14:09:00,2011-04-04 14:09:00,158,0,0
14748,4,1118.77,2010-12-06 10:19:00,2011-08-08 12:28:00,33,245,1
14754,1,228.26999999999998,2011-02-17 12:21:00,2011-02-17 12:21:00,205,0,1
14755,7,2867.6800000000003,2011-01-09 14:02:00,2011-08-19 12:49:00,22,221,1
14758,4,1484.06,2011-03-25 12:10:00,2011-07-18 08:21:00,54,114,0
14759,2,870.85,2011-04-21 10:55:00,2011-08-19 08:57:00,22,119,1
14760,1,89.2,2011-02-15 16:27:00,2011-02-15 16:27:00,206,0,0
14761,1,97.5,2011-01-09 12:03:00,2011-01-09 12:03:00,244,0,1
14762,1,300.52,2011-03-21 08:20:00,2011-03-21 08:20:00,173,0,0
14765,2,95.5,2011-06-16 19:49:00,2011-08-19 15:06:00,21,63,1
14766,4,1531.32,2010-12-08 15:33:00,2011-06-24 15:00:00,77,197,1
14768,1,133.20000000000002,2011-08-04 13:25:00,2011-08-04 13:25:00,36,0,1
14769,6,6284.84,2010-12-17 11:40:00,2011-08-23 15:34:00,17,249,1
14770,2,876.42,2011-01-20 15:00:00,2011-04-21 14:21:00,141,90,0
14772,1,139.26,2011-08-19 15:04:00,2011-08-19 15:04:00,21,0,0
14775,2,701.46,2010-12-02 16:38:00,2011-07-25 12:12:00,47,234,1
14776,8,1862.22,2011-01-31 13:17:00,2011-08-26 14:23:00,14,207,1
14778,2,730.86,2011-02-04 11:43:00,2011-08-04 15:23:00,36,181,0
14779,3,386.15,2011-01-20 12:04:00,2011-03-04 12:42:00,190,43,0
14782,1,200.10000000000002,2011-01-24 11:12:00,2011-01-24 11:12:00,229,0,0
14784,1,114.68,2011-01-20 09:25:00,2011-01-20 09:25:00,233,0,1
14790,2,364.04,2011-03-31 11:49:00,2011-08-12 12:15:00,29,134,1
14794,4,679.54,2011-01-09 16:11:00,2011-05-20 11:53:00,113,130,1
14795,1,131.45000000000002,2011-06-26 13:04:00,2011-06-26 13:04:00,75,0,0
14796,14,6581.18,2010-12-08 10:40:00,2011-09-06 10:42:00,4,272,1
14798,2,97.4,2011-02-02 15:26:00,2011-07-18 14:40:00,53,165,1
14800,9,3832.49,2010-12-05 11:10:00,2011-08-22 12:26:00,19,260,1
14803,3,845.55,2011-02-20 13:21:00,2011-06-30 13:58:00,71,130,0
14805,1,109.25,2011-01-30 10:43:00,2011-01-30 10:43:00,223,0,1
14808,6,1833.82,2011-06-20 12:53:00,2011-07-18 13:33:00,53,28,1
14810,10,1866.78,2010-12-05 12:08:00,2011-08-28 11:02:00,13,265,1
14813,2,152.88,2010-12-05 11:54:00,2010-12-05 11:57:00,279,0,0
14816,1,271.85,2011-05-26 13:16:00,2011-05-26 13:16:00,106,0,0
14817,2,1110.34,2011-03-07 13:51:00,2011-05-23 13:35:00,109,76,0
14818,2,409.63,2011-03-31 12:28:00,2011-06-23 14:13:00,78,84,1
14819,1,84.72,2011-05-31 13:50:00,2011-05-31 13:50:00,101,0,1
14820,1,139.77,2011-06-19 14:56:00,2011-06-19 14:56:00,82,0,1
14821,1,48.800000000000004,2010-12-08 08:43:00,2010-12-08 08:43:00,276,0,0
14823,3,321.43,2011-05-29 12:48:00,2011-06-12 13:12:00,89,14,0
14824,1,441.91,2011-09-09 14:12:00,2011-09-09 14:12:00,0,0,1
14825,7,1333.47,2010-12-06 12:30:00,2011-08-04 11:16:00,37,240,1
14828,3,2139.76,2011-01-07 09:50:00,2011-05-27 10:16:00,106,140,0
14829,3,531.63,2010-12-02 16:12:00,2011-06-08 14:29:00,93,187,1
14834,2,429.3,2011-04-13 15:00:00,2011-08-11 14:36:00,29,119,1
14837,3,1345.56,2011-05-22 12:49:00,2011-08-26 13:00:00,14,96,1
14840,1,62.85,2011-03-17 12:00:00,2011-03-17 12:00:00,177,0,0
14841,4,2375.57,2010-12-16 10:28:00,2011-06-13 14:55:00,88,179,1
14842,3,1901.52,2011-02-04 15:32:00,2011-09-05 14:30:00,4,212,1
14844,3,2257.6800000000003,2011-04-12 13:10:00,2011-08-08 13:34:00,32,118,1
14847,1,309.4,2011-07-14 10:52:00,2011-07-14 10:52:00,58,0,0
14849,17,5784.53,2010-12-01 12:22:00,2011-09-05 14:57:00,4,278,1
14850,1,325.75,2011-02-01 11:21:00,2011-02-01 11:21:00,221,0,0
14851,1,206.13,2011-03-28 14:59:00,2011-03-28 14:59:00,165,0,1
14852,5,2188.42,2011-04-01 13:22:00,2011-09-04 13:56:00,5,156,1
14853,1,214.5,2011-05-12 15:17:00,2011-05-12 15:17:00,120,0,1
14854,6,2281.83,2011-03-10 12:22:00,2011-07-29 15:40:00,42,141,1
14855,2,645.65,2011-07-28 12:06:00,2011-08-12 14:02:00,28,15,0
14857,1,522.52,2011-07-14 15:03:00,2011-07-14 15:03:00,57,0,1
14859,1,296.86,2011-05-19 14:42:00,2011-05-19 14:42:00,113,0,1
14862,1,304.09999999999997,2011-07-14 11:20:00,2011-07-14 11:20:00,58,0,1
14865,1,37.2,2010-12-02 18:23:00,2010-12-02 18:23:00,281,0,1
14866,4,1163.9,2010-12-08 14:58:00,2011-08-26 11:48:00,15,260,1
14867,3,710.28,2011-01-07 16:34:00,2011-06-07 11:39:00,95,150,0
14868,4,1297.07,2011-04-20 13:36:00,2011-08-11 14:55:00,29,113,1
14869,1,387.06,2011-08-28 16:09:00,2011-08-28 16:09:00,12,0,1
14870,1,327.25,2011-03-23 10:51:00,2011-03-23 10:51:00,171,0,0
14871,3,335.3,2010-12-14 12:18:00,2011-06-14 13:04:00,87,182,1
14873,1,519.68,2011-05-13 13:52:00,2011-05-13 13:52:00,119,0,0
14875,2,1465.3200000000002,2011-03-22 11:53:00,2011-08-24 12:20:00,17,155,0
14878,6,1083.02,2010-12-16 12:11:00,2011-06-19 11:14:00,83,184,1
14880,2,347.67,2011-02-24 12:27:00,2011-06-07 13:27:00,94,103,1
14883,2,358.48,2011-05-12 09:49:00,2011-06-29 09:32:00,73,47,1
14885,1,765.3199999999999,2011-07-31 12:05:00,2011-07-31 12:05:00,41,0,0
14886,1,364.8,2011-04-01 08:56:00,2011-04-01 08:56:00,162,0,0
14888,1,369.2,2011-05-16 14:58:00,2011-05-16 14:58:00,116,0,0
14889,1,135.9,2011-01-07 15:19:00,2011-01-07 15:19:00,245,0,0
14890,1,125.65,2011-03-31 11:57:00,2011-03-31 11:57:00,163,0,0
14891,2,554.38,2011-06-05 10:58:00,2011-07-14 18:08:00,57,39,0
14895,13,7974.79,2011-02-22 13:08:00,2011-09-09 15:11:00,0,199,1
14896,2,468.77000000000004,2010-12-09 12:24:00,2011-05-19 10:20:00,114,160,0
14897,1,175.5,2011-02-16 08:37:00,2011-02-16 08:37:00,206,0,1
14898,5,991.18,2010-12-03 15:25:00,2011-07-28 14:03:00,43,236,1
14901,5,822.12,2010-12-02 11:20:00,2011-08-30 12:00:00,11,271,1
14903,4,2398.62,2011-03-06 11:50:00,2011-08-07 12:42:00,34,154,1
14905,2,616.15,2011-04-20 10:48:00,2011-07-05 12:41:00,67,76,0
14907,5,2608.18,2010-12-07 10:14:00,2011-09-01 16:41:00,8,268,1
14911,112,81903.79,2010-12-01 14:05:00,2011-09-07 14:13:00,2,280,1
14912,1,482.78999999999996,2011-04-07 11:06:00,2011-04-07 11:06:00,156,0,1
14913,3,917.15,2010-12-15 14:35:00,2011-06-09 14:14:00,92,175,1
14915,2,307.48,2011-03-07 09:39:00,2011-09-09 13:34:00,0,186,0
14916,3,967.76,2011-01-19 15:30:00,2011-09-07 10:07:00,3,230,1
14918,2,1610.15,2011-07-08 12:50:00,2011-08-16 11:50:00,25,38,0
14920,2,977.77,2011-05-11 10:31:00,2011-05-11 10:32:00,122,0,0
14921,1,903.01,2011-05-22 12:51:00,2011-05-22 12:51:00,110,0,1
14924,1,310.05,2011-04-08 09:25:00,2011-04-08 09:25:00,155,0,0
14930,3,2362.96,2011-03-10 14:42:00,2011-08-23 10:31:00,18,165,0
14931,2,586.0,2011-04-13 09:32:00,2011-05-17 17:12:00,115,34,1
14932,1,363.53,2010-12-09 11:48:00,2010-12-09 11:48:00,275,0,0
14934,1,828.84,2011-03-02 11:48:00,2011-03-02 11:48:00,192,0,1
14935,1,1784.71,2011-02-15 14:44:00,2011-02-15 14:44:00,206,0,0
14936,3,5072.88,2011-03-09 11:53:00,2011-08-23 12:30:00,18,167,1
14937,1,759.56,2011-08-01 14:16:00,2011-08-01 14:16:00,39,0,1
14944,7,3164.19,2011-02-16 12:47:00,2011-09-06 09:23:00,4,201,1
14947,1,178.5,2011-08-01 09:31:00,2011-08-01 09:31:00,40,0,1
14948,4,639.23,2011-05-04 14:52:00,2011-09-02 14:39:00,7,120,1
14952,7,3534.61,2010-12-10 12:48:00,2011-05-17 08:38:00,116,157,1
14957,1,58.49,2011-03-31 17:59:00,2011-03-31 17:59:00,162,0,0
14958,3,483.72999999999996,2011-04-08 11:28:00,2011-07-15 14:20:00,56,98,0
14959,3,537.32,2011-02-16 13:00:00,2011-08-22 09:28:00,19,186,1
14960,1,88.3,2011-06-21 13:38:00,2011-06-21 13:38:00,80,0,1
14961,7,4917.93,2010-12-14 11:38:00,2011-09-09 13:37:00,0,269,1
14962,1,126.7,2011-03-14 09:42:00,2011-03-14 09:42:00,180,0,0
14963,1,294.2,2011-06-09 12:30:00,2011-06-09 12:30:00,93,0,1
14964,1,206.21,2011-04-06 14:13:00,2011-04-06 14:13:00,156,0,0
14965,2,596.09,2011-09-04 13:15:00,2011-09-04 13:20:00,5,0,0
14970,3,1119.75,2011-01-27 12:23:00,2011-07-25 14:45:00,46,179,1
14972,1,114.77,2011-08-03 14:54:00,2011-08-03 14:54:00,37,0,0
14973,3,1314.45,2011-04-28 12:22:00,2011-08-24 15:51:00,16,118,0
14976,4,559.96,2011-01-17 11:09:00,2011-08-30 17:23:00,10,225,1
14978,4,1527.23,2011-01-13 12:03:00,2011-04-18 10:55:00,145,94,1
14981,1,102.12,2011-04-07 13:45:00,2011-04-07 13:45:00,155,0,0
14984,1,102.23,2011-06-12 11:04:00,2011-06-12 11:04:00,90,0,1
14985,2,292.01,2010-12-16 19:51:00,2011-05-25 14:29:00,107,159,0
14987,1,163.2,2010-12-09 12:13:00,2010-12-09 12:13:00,275,0,1
14988,1,334.54,2011-05-12 12:05:00,2011-05-12 12:05:00,121,0,0
14995,1,119.31,2011-03-04 13:14:00,2011-03-04 13:14:00,189,0,1
14997,1,155.28,2011-06-14 16:52:00,2011-06-14 16:52:00,87,0,1
14998,2,414.87,2011-04-12 16:28:00,2011-06-22 17:30:00,79,71,0
15002,4,1641.76,2010-12-07 13:16:00,2011-08-16 10:44:00,25,251,0
15004,1,1220.77,2011-07-15 14:05:00,2011-07-15 14:05:00,56,0,0
15005,20,4507.55,2010-12-08 14:36:00,2011-09-05 11:18:00,5,270,1
15007,1,156.91,2011-07-03 16:00:00,2011-07-03 16:00:00,68,0,0
15012,1,188.56,2010-12-01 12:49:00,2010-12-01 12:49:00,283,0,1
15014,1,117.72999999999999,2011-06-16 19:40:00,2011-06-16 19:40:00,85,0,1
15016,1,170.04,2011-06-20 12:06:00,2011-06-20 12:06:00,82,0,0
15018,2,291.34000000000003,2010-12-07 10:47:00,2011-04-01 09:56:00,162,114,1
15019,1,252.81,2011-03-18 12:35:00,2011-03-18 12:35:00,176,0,0
15021,5,1080.23,2010-12-08 12:17:00,2011-07-06 11:52:00,66,209,1
15023,8,5027.97,2010-12-05 13:49:00,2011-08-15 15:06:00,25,253,1
15024,5,830.62,2010-12-07 13:20:00,2011-08-18 19:13:00,22,254,1
15026,2,230.78,2011-03-07 13:45:00,2011-04-13 14:25:00,149,37,1
15027,3,966.9699999999999,2011-04-15 14:14:00,2011-06-24 14:33:00,77,70,1
15028,1,185.97,2010-12-06 12:47:00,2010-12-06 12:47:00,278,0,1
15030,1,152.76,2011-03-16 15:34:00,2011-03-16 15:34:00,177,0,1
15031,2,261.79,2011-03-02 14:46:00,2011-08-21 15:35:00,19,172,1
15032,3,4959.1,2010-12-08 12:57:00,2011-03-28 15:03:00,165,110,0
15033,6,1608.95,2011-01-14 13:28:00,2011-08-22 13:40:00,18,220,1
15034,5,2640.38,2010-12-21 09:47:00,2011-04-21 11:03:00,142,121,1
15036,2,212.49,2011-06-13 12:19:00,2011-06-15 13:35:00,86,2,1
15038,4,497.7,2010-12-05 10:54:00,2011-06-05 11:14:00,97,182,1
15039,38,18384.65,2010-12-06 11:26:00,2011-09-09 11:15:00,1,276,1
15041,1,179.93,2011-06-22 16:16:00,2011-06-22 16:16:00,79,0,0
15042,1,135.93,2011-05-24 16:25:00,2011-05-24 16:25:00,108,0,0
15044,13,5152.68,2010-12-12 14:27:00,2011-07-26 13:57:00,45,225,1
15045,2,735.66,2011-03-27 11:44:00,2011-07-11 11:33:00,61,105,0
15046,11,3943.68,2011-01-05 15:30:00,2011-09-04 11:54:00,6,241,1
15047,1,343.62,2011-03-15 10:49:00,2011-03-15 10:49:00,179,0,0
15048,3,321.48,2010-12-06 12:15:00,2011-08-15 10:02:00,26,251,1
15049,1,121.17000000000002,2011-03-11 12:13:00,2011-03-11 12:13:00,183,0,0
15051,1,377.74,2011-07-12 15:29:00,2011-07-12 15:29:00,59,0,1
15052,1,207.73000000000002,2011-01-24 15:52:00,2011-01-24 15:52:00,228,0,0
15053,2,478.6,2011-03-03 12:06:00,2011-07-06 13:06:00,65,125,1
15057,2,1489.5,2011-01-28 09:09:00,2011-03-09 15:17:00,184,40,0
15058,7,1234.76,2011-01-31 15:35:00,2011-08-07 10:43:00,34,187,1
15059,7,1008.6,2011-01-09 11:54:00,2011-08-24 13:22:00,16,227,1
15061,37,36575.0,2010-12-02 15:19:00,2011-08-04 10:45:00,37,244,1
15062,3,814.04,2010-12-15 15:37:00,2011-05-06 10:19:00,127,141,1
15063,1,370.79999999999995,2011-05-10 13:25:00,2011-05-10 13:25:00,122,0,0
15065,3,2858.75,2011-02-21 12:54:00,2011-06-28 11:44:00,74,126,1
15067,1,848.05,2011-03-02 12:10:00,2011-03-02 12:10:00,192,0,1
15068,1,239.95999999999998,2011-03-28 14:27:00,2011-03-28 14:27:00,165,0,1
15069,1,1109.53,2011-06-13 14:16:00,2011-06-13 14:16:00,88,0,0
15070,1,106.2,2010-12-02 11:23:00,2010-12-02 11:23:00,282,0,0
15071,2,982.07,2011-03-09 10:19:00,2011-09-07 11:43:00,3,182,0
15073,2,861.96,2011-06-06 09:59:00,2011-06-07 12:00:00,95,1,1
15074,1,735.67,2011-08-26 14:45:00,2011-08-26 14:45:00,14,0,0
15076,1,880.85,2011-06-20 08:23:00,2011-06-20 08:23:00,82,0,0
15078,22,6702.59,2010-12-06 12:38:00,2011-08-26 11:19:00,15,262,1
15079,4,895.61,2010-12-09 09:25:00,2011-05-11 12:45:00,122,153,0
15081,2,248.05,2010-12-07 16:20:00,2011-05-15 13:31:00,117,158,1
15083,1,88.2,2011-03-28 12:18:00,2011-03-28 12:18:00,166,0,0
15087,1,306.94,2011-03-03 10:34:00,2011-03-03 10:34:00,191,0,0
15089,3,2036.28,2011-08-03 14:14:00,2011-09-06 16:02:00,3,34,1
15090,1,381.32,2011-02-04 14:03:00,2011-02-04 14:03:00,217,0,0
15092,2,457.81,2011-03-01 12:24:00,2011-05-08 14:10:00,124,68,0
15093,5,4027.1,2010-12-02 18:25:00,2011-08-15 09:59:00,26,255,1
15095,4,1370.6,2011-05-20 14:27:00,2011-08-28 12:01:00,13,99,0
15098,3,39916.5,2011-06-10 15:22:00,2011-06-10 15:33:00,91,0,0
15100,3,876.0,2010-12-01 09:09:00,2011-01-10 10:35:00,243,40,0
15101,1,102.28,2010-12-15 12:54:00,2010-12-15 12:54:00,268,0,1
15104,2,993.54,2011-03-02 14:16:00,2011-05-27 12:29:00,106,85,0
15105,1,532.98,2011-07-28 10:09:00,2011-07-28 10:09:00,44,0,1
15106,3,1032.83,2011-03-15 12:52:00,2011-07-21 17:02:00,50,128,1
15107,6,319.5,2010-12-02 13:45:00,2011-02-01 14:46:00,220,61,0
15108,4,1300.25,2011-04-26 10:54:00,2011-07-21 10:24:00,51,85,0
15109,1,484.95,2011-04-08 09:58:00,2011-04-08 09:58:00,155,0,0
15110,2,376.55,2011-01-25 11:41:00,2011-08-05 09:25:00,36,191,1
15111,1,288.5,2010-12-02 11:45:00,2010-12-02 11:45:00,282,0,1
15114,7,1678.97,2011-02-11 08:45:00,2011-09-07 13:30:00,2,208,1
15116,2,790.97,2011-05-19 08:50:00,2011-07-28 09:48:00,44,70,1
15117,2,675.73,2011-05-08 12:38:00,2011-08-11 11:51:00,30,94,1
15118,1,244.8,2011-07-28 14:54:00,2011-07-28 14:54:00,43,0,0
15119,1,266.4,2011-04-08 09:08:00,2011-04-08 09:08:00,155,0,0
15120,1,358.82,2011-07-29 09:48:00,2011-07-29 09:48:00,43,0,0
15121,1,295.15,2011-02-24 12:41:00,2011-02-24 12:41:00,198,0,1
15122,3,1633.78,2011-02-15 09:59:00,2011-08-17 16:48:00,23,183,0
15123,1,1069.47,2011-05-17 14:57:00,2011-05-17 14:57:00,115,0,1
15124,1,90.75,2011-06-01 09:06:00,2011-06-01 09:06:00,101,0,1
15125,12,10795.48,2011-03-14 09:59:00,2011-08-18 17:50:00,22,157,1
15128,3,1170.24,2011-05-04 12:32:00,2011-08-05 10:31:00,36,92,1
15129,10,2796.73,2011-02-21 09:09:00,2011-08-25 10:45:00,16,185,1
15130,1,330.11,2011-06-23 10:15:00,2011-06-23 10:15:00,79,0,0
15132,3,842.23,2011-03-22 12:02:00,2011-08-26 11:47:00,15,156,1
15133,3,982.42,2011-02-11 10:38:00,2011-08-04 10:44:00,37,174,0
15134,4,614.86,2011-04-13 11:05:00,2011-08-04 15:17:00,36,113,1
15135,1,139.05,2011-04-14 19:16:00,2011-04-14 19:16:00,148,0,0
15136,1,582.9,2011-09-04 16:05:00,2011-09-04 16:05:00,5,0,1
15139,2,178.96,2011-01-07 12:44:00,2011-04-14 11:39:00,149,96,0
15140,5,1728.11,2011-03-20 14:37:00,2011-08-16 11:38:00,25,148,1
15143,1,259.45,2011-04-28 12:03:00,2011-04-28 12:03:00,135,0,0
15144,10,3560.84,2011-01-31 13:17:00,2011-09-08 12:20:00,2,219,1
15145,2,724.03,2011-04-05 15:20:00,2011-04-26 16:40:00,136,21,1
15146,2,1327.16,2011-02-21 13:07:00,2011-06-28 12:09:00,74,126,0
15147,1,623.5,2011-04-13 15:57:00,2011-04-13 15:57:00,149,0,0
15149,1,520.8000000000001,2011-07-29 10:58:00,2011-07-29 10:58:00,43,0,0
15150,5,3569.62,2011-03-15 14:21:00,2011-08-22 15:05:00,18,160,1
15152,6,2383.21,2011-06-05 15:36:00,2011-08-18 12:53:00,22,73,1
15157,2,1505.37,2010-12-16 13:44:00,2011-07-08 13:26:00,63,203,1
15159,18,8969.97,2010-12-13 15:44:00,2011-08-19 09:38:00,22,248,1
15160,1,158.16,2010-12-17 14:15:00,2010-12-17 14:15:00,266,0,0
15163,1,155.0,2011-05-31 15:22:00,2011-05-31 15:22:00,101,0,1
15164,2,363.23,2011-01-04 14:21:00,2011-05-15 13:14:00,117,130,1
15165,1,487.75,2010-12-01 14:03:00,2010-12-01 14:03:00,282,0,0
15167,1,158.8,2011-01-23 12:41:00,2011-01-23 12:41:00,230,0,0
15171,1,1289.5,2011-01-12 15:36:00,2011-01-12 15:36:00,240,0,0
15172,3,886.74,2011-04-17 11:56:00,2011-07-27 11:29:00,45,100,1
15174,1,135.75,2011-01-21 09:06:00,2011-01-21 09:06:00,232,0,0
15178,1,40.5,2011-03-24 15:12:00,2011-03-24 15:12:00,169,0,0
15179,3,1455.12,2011-01-24 13:48:00,2011-04-20 09:03:00,143,85,1
15180,1,87.5,2010-12-07 14:57:00,2010-12-07 14:57:00,276,0,0
15181,2,434.99999999999994,2011-03-15 12:03:00,2011-06-17 13:57:00,84,94,1
15182,2,622.85,2011-03-16 12:42:00,2011-07-08 13:37:00,63,114,0
15184,1,235.23000000000002,2011-06-02 12:06:00,2011-06-02 12:06:00,100,0,1
15186,1,229.26,2011-06-24 14:54:00,2011-06-24 14:54:00,77,0,1
15187,6,1883.88,2011-05-11 13:49:00,2011-09-09 10:05:00,1,120,1
15189,33,12635.77,2011-01-11 12:29:00,2011-09-09 14:18:00,0,241,1
15192,3,1044.32,2010-12-09 14:56:00,2011-08-12 11:41:00,29,245,0
15194,11,4469.53,2010-12-06 15:00:00,2011-08-05 10:39:00,36,241,1
15197,2,773.25,2010-12-16 18:01:00,2011-04-01 11:50:00,162,105,1
15198,2,193.64,2011-08-07 15:16:00,2011-09-08 14:42:00,1,31,0
15199,3,967.75,2011-02-04 14:04:00,2011-09-06 10:12:00,4,213,1
15201,4,933.26,2011-04-06 14:02:00,2011-08-05 14:05:00,35,121,1
15203,4,1328.32,2011-02-01 12:29:00,2011-08-26 09:58:00,15,205,1
15204,1,316.58,2010-12-17 13:49:00,2010-12-17 13:49:00,266,0,0
15205,1,476.29999999999995,2011-08-04 16:07:00,2011-08-04 16:07:00,36,0,1
15206,3,236.7,2011-03-09 08:59:00,2011-09-01 11:41:00,9,176,1
15208,2,323.52,2010-12-21 13:03:00,2011-06-29 13:51:00,72,190,1
15210,1,331.18,2011-04-28 16:11:00,2011-04-28 16:11:00,134,0,0
15211,1,383.07,2010-12-09 16:08:00,2010-12-09 16:08:00,274,0,1
15212,1,101.8,2011-04-12 13:45:00,2011-04-12 13:45:00,150,0,0
15213,2,328.35,2011-01-14 11:05:00,2011-01-25 12:21:00,228,11,0
15214,2,651.63,2011-04-11 09:46:00,2011-06-09 09:44:00,93,58,1
15215,1,300.04,2011-09-04 12:24:00,2011-09-04 12:24:00,6,0,1
15218,8,3865.35,2011-01-25 11:20:00,2011-08-15 12:06:00,26,202,1
15219,1,305.75,2011-06-16 16:57:00,2011-06-16 16:57:00,85,0,0
15220,5,1284.05,2011-03-04 10:24:00,2011-08-16 14:28:00,24,165,1
15221,1,403.25,2010-12-08 13:08:00,2010-12-08 13:08:00,275,0,0
15222,1,585.0,2011-01-25 08:03:00,2011-01-25 08:03:00,228,0,0
15223,2,755.75,2011-04-04 12:17:00,2011-04-28 11:31:00,135,23,0
15224,2,322.08,2010-12-12 12:34:00,2010-12-16 15:02:00,267,4,0
15225,1,409.40000000000003,2011-04-19 14:51:00,2011-04-19 14:51:00,143,0,0
15226,1,154.41,2011-02-02 11:41:00,2011-02-02 11:41:00,220,0,0
15227,3,876.8199999999999,2011-01-26 15:31:00,2011-05-08 10:11:00,125,101,1
15228,3,2224.03,2011-02-18 09:04:00,2011-08-02 12:27:00,39,165,1
15230,2,429.6,2011-04-13 11:04:00,2011-04-14 14:39:00,148,1,0
15232,2,612.06,2011-07-22 12:21:00,2011-08-18 16:27:00,22,27,0
15234,1,197.0,2011-03-08 08:53:00,2011-03-08 08:53:00,186,0,0
15235,12,2247.51,2010-12-01 17:22:00,2011-05-06 09:44:00,127,155,0
15236,1,321.05,2011-02-14 10:52:00,2011-02-14 10:52:00,208,0,0
15237,2,1093.65,2011-04-26 15:04:00,2011-05-20 14:47:00,112,23,1
15238,2,772.78,2011-06-08 16:00:00,2011-09-05 15:26:00,4,88,1
15240,3,1045.38,2011-02-01 08:23:00,2011-06-01 11:27:00,101,120,1
15241,6,1344.86,2011-03-01 11:02:00,2011-08-04 16:41:00,36,156,1
15244,1,297.94,2011-04-05 15:12:00,2011-04-05 15:12:00,157,0,1
15245,3,2515.84,2011-03-23 13:42:00,2011-07-28 18:56:00,43,127,0
15246,2,514.15,2010-12-16 09:46:00,2011-04-15 14:45:00,147,120,0
15247,1,356.0,2011-08-09 12:52:00,2011-08-09 12:52:00,31,0,0
15249,11,5639.34,2011-03-28 12:49:00,2011-09-09 11:46:00,1,164,1
15251,8,9695.82,2011-04-12 10:38:00,2011-09-09 15:53:00,0,150,1
15252,1,300.55,2011-06-09 14:15:00,2011-06-09 14:15:00,92,0,1
15253,1,173.85,2011-06-23 12:19:00,2011-06-23 12:19:00,79,0,1
15254,1,300.36,2011-08-04 15:04:00,2011-08-04 15:04:00,36,0,0
15256,1,98.45,2011-07-14 11:47:00,2011-07-14 11:47:00,58,0,0
15257,1,317.15,2011-03-01 12:58:00,2011-03-01 12:58:00,192,0,0
15258,2,623.16,2011-05-06 14:16:00,2011-06-24 12:30:00,78,48,0
15260,7,1810.77,2010-12-02 12:09:00,2011-08-31 13:55:00,9,272,0
15261,1,254.82,2011-07-27 15:20:00,2011-07-27 15:20:00,44,0,0
15262,1,178.95000000000002,2011-01-20 12:16:00,2011-01-20 12:16:00,233,0,0
15263,1,156.51,2011-08-25 10:26:00,2011-08-25 10:26:00,16,0,0
15265,2,1506.1200000000001,2011-04-18 12:16:00,2011-07-11 14:46:00,60,84,0
15266,1,119.3,2011-01-05 13:40:00,2011-01-05 13:40:00,247,0,0
15267,2,1407.76,2011-06-10 10:24:00,2011-07-07 11:36:00,65,27,1
15270,5,1850.29,2011-02-02 13:25:00,2011-08-14 10:38:00,27,192,1
15271,10,1592.58,2010-12-09 13:47:00,2011-09-06 09:49:00,4,270,1
15279,1,290.51,2010-12-20 10:48:00,2010-12-20 10:48:00,264,0,0
15280,1,113.12,2011-06-20 17:14:00,2011-06-20 17:14:00,81,0,0
15281,8,2191.78,2011-01-10 15:51:00,2011-07-26 09:23:00,46,196,1
15288,4,2006.3600000000001,2010-12-09 13:59:00,2011-07-07 10:28:00,65,209,1
15289,2,697.98,2011-04-04 12:44:00,2011-07-25 11:01:00,47,111,1
15290,12,3392.5899999999997,2010-12-15 16:03:00,2011-08-28 10:54:00,13,255,1
15291,12,3685.02,2010-12-01 09:32:00,2011-09-06 09:15:00,4,278,1
15292,1,178.39,2011-05-22 15:00:00,2011-05-22 15:00:00,110,0,0
15296,5,2599.49,2011-01-17 11:57:00,2011-08-22 14:20:00,18,217,1
15298,7,3358.2200000000003,2010-12-08 13:55:00,2011-09-08 08:56:00,2,273,1
15299,5,3035.01,2010-12-02 16:48:00,2011-06-28 17:01:00,73,208,1
15301,9,3727.4,2010-12-06 12:21:00,2011-08-18 09:45:00,23,254,1
15303,1,574.02,2011-02-22 13:59:00,2011-02-22 13:59:00,199,0,0
15304,6,491.90000000000003,2010-12-06 11:42:00,2011-06-28 08:19:00,74,203,1
15306,2,657.07,2011-07-14 15:22:00,2011-09-08 12:47:00,2,55,1
15307,1,205.3,2011-09-05 11:38:00,2011-09-05 11:38:00,5,0,0
15308,1,310.47,2011-03-10 13:08:00,2011-03-10 13:08:00,183,0,0
15311,65,46020.75,2010-12-01 09:41:00,2011-09-06 14:38:00,3,279,1
15312,3,794.8,2010-12-20 12:51:00,2011-08-28 14:00:00,12,251,1
15313,1,52.0,2011-08-21 16:02:00,2011-08-21 16:02:00,19,0,0
15314,1,327.97,2011-05-24 14:39:00,2011-05-24 14:39:00,108,0,0
15315,1,233.54,2011-08-15 15:17:00,2011-08-15 15:17:00,25,0,1
15316,1,165.0,2011-01-17 11:34:00,2011-01-17 11:34:00,236,0,0
15319,1,204.5,2011-03-01 12:48:00,2011-03-01 12:48:00,193,0,0
15321,1,1159.47,2011-02-21 11:10:00,2011-02-21 11:10:00,201,0,1
15325,1,161.74,2011-08-28 11:55:00,2011-08-28 11:55:00,13,0,0
15326,1,311.71,2011-01-10 11:38:00,2011-01-10 11:38:00,243,0,0
15329,2,754.0,2011-06-21 10:37:00,2011-07-28 15:31:00,43,37,1
15332,4,1661.06,2010-12-05 12:00:00,2010-12-08 14:43:00,275,3,0
15333,1,1028.56,2011-05-15 13:27:00,2011-05-15 13:27:00,117,0,0
15334,3,350.82,2011-06-19 13:51:00,2011-07-06 11:22:00,66,16,0
15339,1,257.9,2011-01-25 13:15:00,2011-01-25 13:15:00,227,0,1
15342,1,406.09,2011-08-02 10:19:00,2011-08-02 10:19:00,39,0,0
15346,1,252.42000000000002,2011-01-11 11:18:00,2011-01-11 11:18:00,242,0,0
15347,1,201.60000000000002,2010-12-08 15:25:00,2010-12-08 15:25:00,275,0,0
15349,2,463.90999999999997,2011-06-05 15:46:00,2011-07-04 16:06:00,67,29,0
15350,1,115.65,2010-12-01 13:33:00,2010-12-01 13:33:00,282,0,0
15351,1,274.67,2010-12-05 11:49:00,2010-12-05 11:49:00,279,0,1
15353,2,770.12,2010-12-07 11:49:00,2011-03-30 12:15:00,164,113,0
15356,8,2231.17,2010-12-06 14:05:00,2011-08-26 13:25:00,14,262,1
15358,15,5639.81,2010-12-09 10:04:00,2011-08-11 12:44:00,30,245,1
15361,1,418.92,2010-12-13 09:52:00,2010-12-13 09:52:00,271,0,0
15363,1,326.0,2010-12-02 12:28:00,2010-12-02 12:28:00,282,0,0
15364,2,913.19,2011-03-30 13:39:00,2011-09-05 09:46:00,5,158,0
15365,2,961.28,2011-01-28 13:08:00,2011-09-04 15:37:00,5,219,1
15366,1,105.54,2010-12-16 15:59:00,2010-12-16 15:59:00,267,0,1
15367,2,1416.18,2011-03-09 13:53:00,2011-04-08 11:50:00,155,29,1
15370,4,1513.46,2011-01-11 11:32:00,2011-07-21 18:36:00,50,191,1
15372,1,2007.3999999999999,2011-07-25 16:39:00,2011-07-25 16:39:00,46,0,0
15373,9,1686.9,2010-12-03 14:40:00,2011-08-16 08:52:00,25,255,1
15374,1,168.0,2011-08-03 09:59:00,2011-08-03 09:59:00,38,0,0
15376,2,977.22,2011-05-01 13:45:00,2011-08-14 15:39:00,26,105,1
15379,7,3703.29,2010-12-16 13:02:00,2011-06-23 13:13:00,78,189,0
15380,2,582.5600000000001,2010-12-09 15:01:00,2011-07-21 16:33:00,50,224,1
15381,2,596.85,2011-03-16 13:44:00,2011-05-10 11:55:00,123,54,0
15382,4,2127.12,2011-02-17 12:01:00,2011-06-08 11:57:00,94,110,1
15384,2,642.41,2010-12-15 11:34:00,2011-06-23 10:57:00,79,189,0
15386,1,394.14,2011-06-06 13:47:00,2011-06-06 13:47:00,95,0,0
15388,1,140.54,2011-03-14 13:53:00,2011-03-14 13:53:00,179,0,0
15389,1,500.0,2011-06-20 16:18:00,2011-06-20 16:18:00,81,0,0
15392,1,338.98,2010-12-14 15:50:00,2010-12-14 15:50:00,269,0,1
15393,1,124.10000000000001,2011-03-03 16:58:00,2011-03-03 16:58:00,190,0,1
15394,2,1436.44,2010-12-16 12:46:00,2011-05-19 14:27:00,113,154,1
15395,1,107.45,2011-01-18 12:40:00,2011-01-18 12:40:00,235,0,0
15396,1,288.18,2011-08-19 10:56:00,2011-08-19 10:56:00,22,0,0
15397,1,94.0,2011-02-23 09:25:00,2011-02-23 09:25:00,199,0,0
15400,5,716.2,2011-03-06 11:27:00,2011-09-08 13:57:00,1,186,0
15402,2,626.77,2011-05-27 13:32:00,2011-07-14 12:17:00,58,47,0
15405,1,349.1,2011-06-03 14:44:00,2011-06-03 14:44:00,98,0,0
15406,1,252.29,2011-02-11 16:19:00,2011-02-11 16:20:00,210,0,1
15407,3,740.73,2011-02-07 13:18:00,2011-06-09 11:32:00,93,121,1
15408,1,267.18,2011-03-20 15:02:00,2011-03-20 15:02:00,173,0,0
15410,7,3089.4100000000003,2011-03-23 10:15:00,2011-09-01 19:08:00,8,162,1
15411,2,382.21,2011-06-10 12:30:00,2011-08-07 12:54:00,33,58,1
15412,1,190.53,2011-06-21 15:24:00,2011-06-21 15:24:00,80,0,0
15414,1,36.2,2011-04-11 13:45:00,2011-04-11 13:45:00,151,0,1
15415,1,559.61,2011-01-30 14:13:00,2011-01-30 14:13:00,222,0,0
15416,3,3144.33,2011-03-02 08:41:00,2011-07-07 18:29:00,64,127,1
15421,3,739.36,2011-02-02 14:36:00,2011-05-08 14:02:00,124,94,1
15422,2,97.7,2011-01-20 14:17:00,2011-01-20 16:17:00,232,0,0
15424,2,383.34,2011-03-30 13:00:00,2011-03-30 13:02:00,163,0,0
15426,2,634.13,2010-12-05 13:55:00,2011-03-27 16:05:00,166,112,1
15433,2,533.3,2011-03-17 14:12:00,2011-05-10 10:45:00,123,53,0
15434,3,587.28,2011-05-23 14:18:00,2011-08-24 16:24:00,16,93,1
15436,1,484.1,2011-04-19 16:52:00,2011-04-19 16:52:00,143,0,1
15437,1,200.16,2011-03-22 13:11:00,2011-03-22 13:11:00,171,0,0
15438,1,156.57999999999998,2011-07-31 14:19:00,2011-07-31 14:19:00,40,0,0
15440,2,237.66,2011-05-15 11:30:00,2011-07-26 14:27:00,45,72,1
15442,1,594.0,2011-04-05 12:24:00,2011-04-05 12:24:00,158,0,0
15443,2,684.8,2011-01-23 13:25:00,2011-08-22 12:52:00,18,210,1
15445,1,113.5,2011-03-20 15:06:00,2011-03-20 15:06:00,173,0,0
15447,1,155.17,2011-01-13 11:26:00,2011-01-13 11:26:00,240,0,0
15448,1,494.64,2011-01-31 10:42:00,2011-01-31 10:42:00,222,0,0
15449,2,647.7,2011-03-23 10:43:00,2011-06-07 16:42:00,94,76,1
15452,1,237.0,2011-03-20 15:21:00,2011-03-20 15:21:00,173,0,1
15453,4,701.2,2011-06-05 12:37:00,2011-09-08 15:05:00,1,95,1
15454,1,179.1,2010-12-12 14:21:00,2010-12-12 14:21:00,271,0,0
15456,3,434.59000000000003,2010-12-15 15:34:00,2011-03-01 13:51:00,192,75,0
15457,1,237.07,2011-03-22 15:31:00,2011-03-22 15:31:00,171,0,0
15460,1,214.26,2010-12-20 16:08:00,2010-12-20 16:08:00,263,0,0
15462,3,234.6,2011-06-05 15:36:00,2011-09-06 13:11:00,3,92,0
15464,1,1044.65,2011-01-05 15:56:00,2011-01-05 15:56:00,247,0,0
15465,15,5992.129999999999,2010-12-05 10:12:00,2011-07-24 10:03:00,48,230,1
15467,2,402.56,2011-07-10 14:42:00,2011-07-17 15:24:00,54,7,1
15469,1,304.3,2011-08-11 16:54:00,2011-08-11 16:54:00,29,0,1
15472,1,371.56,2011-08-18 15:17:00,2011-08-18 15:17:00,22,0,0
15480,1,905.5,2011-08-15 14:32:00,2011-08-15 14:32:00,25,0,0
15482,4,1928.3,2010-12-16 10:08:00,2011-06-27 10:29:00,75,193,1
15483,4,225.26,2011-03-18 12:26:00,2011-07-01 13:07:00,70,105,0
15485,2,1268.13,2010-12-01 13:23:00,2011-01-07 17:18:00,245,37,1
15488,1,91.32000000000001,2011-09-08 10:11:00,2011-09-08 10:11:00,2,0,0
15489,1,348.26,2011-05-12 12:54:00,2011-05-12 12:54:00,120,0,1
15491,6,3100.09,2011-04-18 10:04:00,2011-09-05 15:56:00,4,140,0
15493,3,1286.95,2011-03-14 11:44:00,2011-07-13 11:19:00,59,120,1
15494,1,1119.88,2011-08-10 15:29:00,2011-08-10 15:29:00,30,0,1
15497,1,970.6,2011-01-24 10:01:00,2011-01-24 10:01:00,229,0,1
15498,19,9126.37,2010-12-08 12:29:00,2011-08-11 08:39:00,30,245,1
15502,5,5955.53,2010-12-05 15:40:00,2011-08-08 11:45:00,33,245,1
15503,1,141.04,2010-12-12 10:57:00,2010-12-12 10:57:00,272,0,0
15505,3,2091.14,2011-07-07 13:33:00,2011-08-18 10:57:00,23,41,1
15506,1,208.77,2011-07-24 11:45:00,2011-07-24 11:45:00,48,0,1
15507,1,475.86,2011-06-21 11:19:00,2011-06-21 11:19:00,81,0,0
15508,6,1000.27,2011-04-18 15:31:00,2011-06-03 15:43:00,98,46,0
15510,1,250.0,2011-01-13 12:10:00,2011-01-13 12:10:00,240,0,0
15512,2,121.0,2010-12-15 12:01:00,2011-07-07 10:20:00,65,203,0
15513,17,11352.14,2010-12-01 11:22:00,2011-09-06 09:53:00,4,278,1
15514,6,2501.94,2010-12-10 13:50:00,2011-04-28 12:06:00,135,138,1
15517,1,267.03,2011-04-20 14:02:00,2011-04-20 14:02:00,142,0,0
15518,7,1603.86,2011-01-11 12:55:00,2011-08-07 13:08:00,33,208,1
15521,7,2326.7799999999997,2011-03-30 09:15:00,2011-09-06 10:04:00,4,160,1
15525,1,274.93,2010-12-01 13:17:00,2010-12-01 13:17:00,282,0,1
15527,5,1330.79,2010-12-20 14:15:00,2011-07-18 11:42:00,54,209,1
15528,1,229.33,2011-03-30 16:14:00,2011-03-30 16:14:00,163,0,0
15529,8,2387.23,2010-12-08 12:24:00,2011-07-20 11:38:00,52,223,1
15530,3,1163.69,2011-04-07 11:16:00,2011-07-13 12:15:00,59,97,1
15532,3,1214.49,2010-12-16 16:45:00,2011-07-31 13:13:00,40,226,1
15535,4,502.9,2011-01-16 12:35:00,2011-06-19 16:02:00,82,154,0
15537,1,110.92,2011-06-29 13:10:00,2011-06-29 13:10:00,72,0,0
15541,1,85.13000000000001,2011-08-17 14:58:00,2011-08-17 14:58:00,23,0,0
15543,1,127.86,2011-02-24 15:26:00,2011-02-24 15:26:00,197,0,0
15544,7,2772.37,2010-12-02 12:47:00,2011-08-12 09:10:00,29,252,1
15545,1,135.32999999999998,2010-12-03 17:28:00,2010-12-03 17:28:00,280,0,1
15547,8,2745.16,2010-12-12 13:26:00,2011-08-21 16:24:00,19,252,1
15549,2,1619.88,2011-01-27 15:38:00,2011-07-05 12:47:00,67,158,1
15550,3,433.28,2011-02-11 12:49:00,2011-08-25 15:18:00,15,195,1
15552,1,90.12,2011-05-06 14:47:00,2011-05-06 14:47:00,126,0,0
15554,1,217.2,2011-03-07 09:00:00,2011-03-07 09:00:00,187,0,0
15555,10,2809.63,2010-12-05 14:45:00,2011-08-28 12:16:00,13,265,1
15561,3,449.66999999999996,2011-05-08 11:38:00,2011-07-13 11:20:00,59,65,1
15562,1,134.55,2010-12-23 09:55:00,2010-12-23 09:55:00,261,0,0
15563,2,735.62,2010-12-16 11:27:00,2011-05-23 11:44:00,110,158,1
15569,5,1375.71,2011-01-11 13:26:00,2011-08-28 10:15:00,13,228,0
15570,9,2809.98,2010-12-05 12:57:00,2011-07-21 12:29:00,51,227,1
15572,4,1552.79,2011-03-06 14:44:00,2011-08-22 10:44:00,19,168,1
15574,4,675.64,2010-12-02 15:46:00,2011-06-15 12:01:00,87,194,0
15577,3,258.88,2011-02-07 13:32:00,2011-07-11 17:03:00,60,154,0
15578,1,127.1,2011-06-30 13:03:00,2011-06-30 13:03:00,71,0,0
15579,1,195.35,2011-01-30 12:09:00,2011-01-30 12:09:00,223,0,1
15581,13,3675.77,2010-12-08 14:38:00,2011-08-11 09:38:00,30,245,0
15582,2,541.51,2011-05-03 13:36:00,2011-08-31 14:52:00,9,120,1
15584,1,150.4,2011-06-30 16:39:00,2011-06-30 16:39:00,71,0,1
15585,1,455.3,2011-06-16 08:38:00,2011-06-16 08:38:00,86,0,0
15587,2,456.84,2010-12-23 09:59:00,2011-07-20 11:00:00,52,209,1
15589,3,478.53000000000003,2011-02-02 10:46:00,2011-03-29 09:54:00,165,54,0
15594,2,788.22,2011-04-19 10:08:00,2011-09-07 10:51:00,3,141,1
15596,5,1406.59,2010-12-09 16:10:00,2011-08-31 10:55:00,10,264,0
15599,1,448.83,2011-05-19 13:05:00,2011-05-19 13:05:00,113,0,1
15601,11,5585.46,2010-12-02 10:39:00,2011-08-09 09:26:00,32,249,1
15602,5,542.95,2010-12-06 15:35:00,2011-05-23 12:35:00,110,167,1
15605,3,690.1800000000001,2010-12-01 13:38:00,2011-04-01 13:47:00,161,121,1
15606,8,2439.38,2011-01-19 12:07:00,2011-08-12 15:00:00,28,205,1
15607,1,104.76,2011-01-07 12:44:00,2011-01-07 12:44:00,246,0,0
15608,1,285.68,2011-08-11 09:56:00,2011-08-11 09:56:00,30,0,1
15609,1,298.48,2011-06-08 13:00:00,2011-06-08 13:00:00,93,0,0
15611,8,947.1400000000001,2011-01-09 11:32:00,2011-08-28 10:40:00,13,230,1
15615,19,7367.85,2010-12-15 16:21:00,2011-08-26 12:41:00,15,253,1
15618,3,419.041,2011-07-26 10:13:00,2011-09-08 12:57:00,1,44,1
15620,2,875.01,2010-12-16 14:34:00,2011-05-03 11:22:00,130,137,1
15622,5,2602.0,2011-03-02 13:42:00,2011-05-26 14:09:00,106,85,1
15623,1,301.03,2011-07-21 17:26:00,2011-07-21 17:26:00,50,0,0
15624,4,588.13,2011-03-28 13:32:00,2011-08-15 11:38:00,26,139,0
15625,4,1534.26,2011-04-18 14:01:00,2011-08-28 10:21:00,13,131,0
15626,1,281.88,2011-01-14 10:10:00,2011-01-14 10:10:00,239,0,1
15628,5,1625.4,2010-12-08 09:51:00,2011-09-02 12:52:00,7,268,1
15630,1,396.86,2011-05-19 10:16:00,2011-05-19 10:16:00,114,0,1
15632,6,2351.84,2011-03-10 08:29:00,2011-08-10 10:57:00,31,153,1
15636,1,306.7,2011-03-02 14:50:00,2011-03-02 14:50:00,191,0,1
15639,1,425.32,2011-07-28 14:30:00,2011-07-28 14:30:00,43,0,0
15640,11,8836.74,2010-12-02 15:40:00,2011-08-10 10:45:00,31,250,1
15641,4,1887.2,2010-12-15 14:45:00,2011-08-26 14:04:00,14,253,0
15643,3,664.0,2011-03-02 14:34:00,2011-06-01 07:38:00,101,90,0
15644,4,803.54,2011-03-23 15:37:00,2011-06-26 14:54:00,75,94,0
15646,3,447.64000000000004,2010-12-02 16:59:00,2011-07-05 09:53:00,67,214,0
15648,2,639.5,2011-03-17 18:59:00,2011-05-19 15:53:00,113,62,0
15649,2,816.0,2010-12-07 10:06:00,2011-01-07 13:34:00,245,31,0
15651,1,227.32,2011-03-24 08:56:00,2011-03-24 08:56:00,170,0,1
15652,1,337.74,2011-09-09 14:22:00,2011-09-09 14:22:00,0,0,0
15653,2,877.4399999999999,2011-08-16 09:50:00,2011-09-08 10:49:00,2,23,0
15655,1,560.67,2011-04-10 15:25:00,2011-04-10 15:25:00,152,0,0
15656,3,563.63,2011-02-28 15:32:00,2011-06-14 13:48:00,87,105,1
15658,5,1024.1000000000001,2010-12-02 10:53:00,2011-06-02 15:22:00,99,182,0
15660,6,884.34,2010-12-09 09:49:00,2011-07-27 09:14:00,45,229,1
15661,2,309.8,2011-01-05 12:32:00,2011-01-26 13:56:00,226,21,0
15663,1,138.14,2011-08-25 15:50:00,2011-08-25 15:50:00,15,0,0
15665,2,2222.21,2011-04-10 15:09:00,2011-06-24 14:57:00,77,74,0
15668,1,76.32000000000001,2011-05-06 10:39:00,2011-05-06 10:39:00,127,0,0
15669,3,565.54,2011-03-21 09:13:00,2011-08-28 11:19:00,13,160,1
15670,1,173.05,2011-02-16 10:50:00,2011-02-16 10:50:00,206,0,0
15671,5,1972.89,2011-03-14 09:37:00,2011-09-06 10:53:00,4,176,1
15673,3,2014.7,2011-01-16 16:25:00,2011-07-06 10:15:00,66,170,1
15674,4,1379.66,2011-03-30 09:19:00,2011-05-10 10:39:00,123,41,1
15675,2,225.39,2011-03-04 14:21:00,2011-07-07 19:14:00,64,125,1
15676,1,897.8,2011-03-01 10:19:00,2011-03-01 10:19:00,193,0,1
15679,2,260.26,2011-06-10 08:24:00,2011-07-08 13:31:00,63,28,1
15680,1,478.89,2010-12-08 14:43:00,2010-12-08 14:43:00,275,0,1
15681,3,703.22,2011-03-04 13:46:00,2011-06-09 16:34:00,92,97,1
15683,1,193.75,2011-08-14 12:56:00,2011-08-14 12:56:00,26,0,0
15687,5,1679.45,2011-01-13 15:13:00,2011-06-06 09:13:00,96,143,1
15689,2,254.1,2010-12-13 09:57:00,2011-08-12 09:37:00,29,241,0
15690,1,111.0,2011-08-31 11:40:00,2011-08-31 11:40:00,10,0,1
15691,1,136.8,2011-04-01 15:13:00,2011-04-01 15:13:00,161,0,0
15694,9,3305.78,2010-12-02 07:49:00,2011-06-16 16:06:00,85,196,1
15695,2,409.98,2011-03-18 08:31:00,2011-03-18 08:32:00,176,0,0
15696,6,1629.95,2011-01-17 11:24:00,2011-05-03 11:34:00,130,106,1
15700,2,696.68,2011-06-19 15:36:00,2011-06-20 16:53:00,81,1,0
15701,1,853.9,2011-08-21 12:36:00,2011-08-21 12:36:00,20,0,1
15703,1,211.5,2011-03-20 10:51:00,2011-03-20 10:51:00,174,0,0
15704,4,2293.62,2011-05-08 12:42:00,2011-07-22 13:35:00,49,75,0
15705,1,143.1,2011-05-22 15:37:00,2011-05-22 15:37:00,110,0,0
15706,1,450.05,2011-08-15 14:32:00,2011-08-15 14:32:00,25,0,1
15708,6,2589.34,2010-12-05 11:12:00,2011-07-24 12:20:00,48,231,1
15709,1,133.25,2011-03-01 10:38:00,2011-03-01 10:38:00,193,0,0
15712,3,766.3100000000001,2011-02-25 11:32:00,2011-08-22 11:44:00,19,178,1
15713,2,356.7,2010-12-08 15:16:00,2011-07-19 13:34:00,52,222,0
15716,4,1101.1100000000001,2010-12-05 12:26:00,2011-07-17 11:59:00,55,223,0
15717,1,150.3,2011-04-19 13:21:00,2011-04-19 13:21:00,143,0,0
15719,11,4061.9700000000003,2011-01-06 12:31:00,2011-09-01 12:41:00,9,238,1
15722,3,1413.45,2011-02-22 12:24:00,2011-08-23 11:30:00,18,181,1
15723,1,190.7,2010-12-10 11:12:00,2010-12-10 11:12:00,274,0,0
15724,2,218.25,2011-02-28 10:40:00,2011-05-22 14:40:00,110,83,0
15727,6,4589.39,2010-12-15 15:47:00,2011-08-24 14:54:00,16,251,1
15729,1,85.0,2011-05-11 12:36:00,2011-05-11 12:36:00,122,0,0
15730,2,777.22,2011-05-17 12:43:00,2011-09-08 14:28:00,1,114,1
15732,2,294.12,2010-12-02 15:00:00,2011-05-11 14:24:00,121,159,0
15733,1,162.3,2011-03-02 09:05:00,2011-03-02 09:05:00,192,0,0
15734,2,1339.45,2011-05-23 14:59:00,2011-08-17 10:50:00,24,85,0
15737,5,880.9300000000001,2011-04-11 10:01:00,2011-07-15 12:33:00,57,95,1
15738,13,3853.4500000000003,2010-12-02 12:50:00,2011-09-04 12:04:00,6,275,1
15743,2,434.05,2011-06-08 10:14:00,2011-08-18 12:43:00,23,71,1
15745,1,302.85,2011-04-17 13:04:00,2011-04-17 13:04:00,145,0,1
15746,1,196.88,2011-07-28 15:21:00,2011-07-28 15:21:00,43,0,0
15747,2,525.37,2011-06-20 11:30:00,2011-08-11 14:04:00,29,52,1
15749,3,44534.3,2011-01-11 12:55:00,2011-04-18 13:20:00,144,97,0
15750,4,1108.18,2010-12-08 10:36:00,2011-06-22 12:16:00,80,196,1
15752,6,2093.37,2010-12-02 09:43:00,2011-09-07 15:52:00,2,279,1
15753,1,79.2,2011-02-08 12:41:00,2011-02-08 12:41:00,214,0,0
15754,1,91.8,2011-04-07 12:24:00,2011-04-07 12:24:00,156,0,1
15755,3,1144.83,2011-02-18 11:53:00,2011-08-23 15:20:00,17,186,1
15756,3,359.89,2011-04-04 14:00:00,2011-07-10 11:19:00,62,96,1
15757,1,261.36,2011-05-06 11:40:00,2011-05-06 11:40:00,127,0,1
15759,3,253.04,2010-12-16 15:29:00,2011-05-05 15:13:00,127,139,0
15764,5,3276.62,2011-03-08 09:23:00,2011-08-24 15:09:00,16,169,1
15768,3,621.8299999999999,2011-04-28 09:20:00,2011-08-16 10:48:00,25,110,0
15769,19,41863.72,2010-12-03 15:16:00,2011-08-30 11:37:00,11,269,1
15775,1,104.9,2011-04-08 12:56:00,2011-04-08 12:56:00,154,0,0
15776,1,241.62,2011-07-29 13:46:00,2011-07-29 13:46:00,42,0,0
15777,4,1047.11,2010-12-13 16:38:00,2011-04-12 16:43:00,150,120,0
15780,3,475.28000000000003,2010-12-17 11:43:00,2011-06-09 12:01:00,93,174,0
15781,2,211.3,2011-02-07 09:15:00,2011-07-25 12:25:00,47,168,1
15785,4,1665.83,2011-02-17 14:17:00,2011-07-05 10:08:00,67,137,1
15786,1,3147.64,2011-08-17 13:33:00,2011-08-17 13:33:00,23,0,1
15789,1,351.3,2010-12-16 14:35:00,2010-12-16 14:35:00,267,0,0
15791,1,1223.24,2011-05-19 15:15:00,2011-05-19 15:15:00,113,0,1
15793,1,306.64,2011-03-16 10:45:00,2011-03-16 10:45:00,178,0,1
15795,1,610.01,2011-07-13 10:43:00,2011-07-13 10:43:00,59,0,0
15796,5,1572.77,2011-02-10 15:40:00,2011-08-22 14:35:00,18,192,1
15797,4,2207.4,2011-01-24 15:47:00,2011-08-18 17:04:00,22,206,0
15799,2,481.24,2011-01-09 15:13:00,2011-06-07 15:28:00,94,149,1
15800,2,696.89,2011-04-07 12:39:00,2011-08-24 14:23:00,16,139,0
15801,1,137.22,2011-08-22 09:53:00,2011-08-22 09:53:00,19,0,1
15802,1,451.42,2011-07-20 11:38:00,2011-07-20 11:38:00,52,0,0
15804,5,2554.84,2011-05-25 10:12:00,2011-09-06 15:14:00,3,104,1
15805,11,3548.5,2010-12-10 09:33:00,2011-08-25 14:50:00,15,258,1
15806,2,521.88,2011-03-08 09:24:00,2011-07-05 12:15:00,67,119,1
15808,4,3651.27,2010-12-05 13:05:00,2011-02-06 14:33:00,215,63,0
15809,4,399.21,2011-02-10 11:16:00,2011-06-08 15:31:00,93,118,1
15810,3,1361.19,2011-02-16 09:11:00,2011-06-22 14:01:00,79,126,1
15811,5,1773.8,2010-12-09 15:29:00,2011-08-26 09:37:00,15,259,1
15812,5,1801.14,2011-01-26 12:12:00,2011-08-24 14:19:00,16,210,0
15813,2,1303.9099999999999,2011-04-14 09:09:00,2011-05-16 08:13:00,117,31,0
15815,4,1874.7,2011-03-25 08:43:00,2011-07-22 12:20:00,50,119,1
15819,3,1585.47,2011-03-08 09:45:00,2011-07-31 15:22:00,40,145,1
15820,1,206.98,2011-01-24 12:00:00,2011-01-24 12:00:00,229,0,0
15822,1,440.2,2010-12-15 13:38:00,2010-12-15 13:38:00,268,0,1
15823,1,15.0,2010-12-02 15:08:00,2010-12-02 15:08:00,281,0,0
15825,1,532.94,2011-06-20 13:27:00,2011-06-20 13:27:00,81,0,0
15826,1,720.0,2011-05-13 10:44:00,2011-05-13 10:44:00,120,0,1
15827,13,1598.16,2010-12-02 13:06:00,2011-08-17 15:05:00,23,258,1
15829,2,636.14,2011-07-22 10:23:00,2011-09-01 16:45:00,8,41,0
15831,2,451.11,2011-01-19 14:52:00,2011-08-07 13:54:00,33,199,1
15832,1,836.79,2011-03-30 15:29:00,2011-03-30 15:29:00,163,0,0
15834,3,1783.22,2011-03-07 17:52:00,2011-06-27 10:16:00,75,111,1
15835,3,675.51,2011-01-13 10:35:00,2011-07-25 12:50:00,47,193,1
15838,12,14153.5,2010-12-07 11:26:00,2011-08-23 12:18:00,18,259,1
15839,1,299.18,2011-07-14 16:35:00,2011-07-14 16:35:00,57,0,1
15840,1,241.74,2011-06-20 11:42:00,2011-06-20 11:42:00,82,0,1
15841,2,613.26,2011-01-05 11:25:00,2011-05-05 14:37:00,127,120,1
15843,1,118.95000000000002,2011-02-09 10:19:00,2011-02-09 10:19:00,213,0,0
15845,5,2526.76,2011-01-06 17:19:00,2011-07-18 10:05:00,54,192,1
15847,1,180.68,2011-02-24 16:46:00,2011-02-24 16:46:00,197,0,1
15850,1,116.16,2011-06-24 14:16:00,2011-06-24 14:16:00,77,0,1
15852,2,160.71,2011-05-26 13:26:00,2011-06-06 11:22:00,96,10,0
15854,9,2393.69,2010-12-13 11:47:00,2011-07-22 13:17:00,49,221,1
15855,5,712.24,2011-03-21 12:32:00,2011-07-26 10:20:00,46,126,0
15856,17,11247.93,2010-12-09 13:34:00,2011-09-05 17:44:00,4,270,1
15858,2,816.22,2010-12-07 14:31:00,2011-02-23 13:21:00,198,77,1
15860,6,767.14,2010-12-06 11:38:00,2011-09-02 10:34:00,8,269,1
15861,3,1123.76,2011-03-17 20:12:00,2011-07-28 11:29:00,44,132,1
15862,3,659.73,2010-12-01 11:21:00,2011-08-19 16:34:00,21,261,1
15863,1,9.2,2011-05-31 11:36:00,2011-05-31 11:36:00,102,0,1
15864,3,957.8600000000001,2011-01-27 16:43:00,2011-09-02 10:31:00,8,217,1
15865,1,313.93,2011-05-10 11:44:00,2011-05-10 11:44:00,123,0,1
15866,1,211.89,2011-08-30 14:09:00,2011-08-30 14:09:00,10,0,0
15867,12,2947.41,2010-12-05 14:17:00,2011-08-18 16:24:00,22,256,1
15869,2,149.64,2011-03-07 17:19:00,2011-03-07 17:23:00,186,0,0
15874,6,2207.75,2011-02-28 13:28:00,2011-06-15 11:01:00,87,106,1
15880,1,329.03000000000003,2010-12-05 13:00:00,2010-12-05 13:00:00,278,0,0
15881,5,501.39000000000004,2010-12-10 13:32:00,2011-01-31 16:59:00,221,52,0
15882,4,516.36,2010-12-06 13:01:00,2011-05-25 11:35:00,108,169,0
15885,3,379.35,2011-02-03 15:28:00,2011-09-08 10:43:00,2,216,0
15889,2,420.07,2010-12-05 15:12:00,2011-07-06 11:10:00,66,212,0
15891,1,511.68,2011-04-27 12:35:00,2011-04-27 12:35:00,136,0,0
15894,2,258.25,2010-12-05 14:06:00,2011-03-31 13:50:00,162,115,0
15895,1,179.17,2011-07-13 10:27:00,2011-07-13 10:27:00,59,0,0
15897,2,208.59,2011-05-29 13:32:00,2011-05-29 13:50:00,103,0,0
15898,4,997.94,2010-12-06 11:01:00,2011-04-27 10:03:00,136,141,1
15899,1,56.25,2010-12-06 10:36:00,2010-12-06 10:36:00,278,0,0
15901,1,110.49,2011-07-08 12:18:00,2011-07-08 12:18:00,64,0,1
15903,2,641.6400000000001,2011-02-17 14:04:00,2011-04-26 11:51:00,137,67,1
15906,4,797.71,2011-03-29 13:28:00,2011-07-18 11:37:00,54,110,1
15907,2,477.59000000000003,2011-05-13 13:01:00,2011-06-16 12:45:00,86,33,1
15909,1,191.94,2011-06-19 10:38:00,2011-06-19 10:38:00,83,0,0
15910,5,663.36,2011-01-27 11:55:00,2011-09-01 16:59:00,8,217,1
15912,2,264.62,2011-04-20 17:10:00,2011-06-14 14:29:00,87,54,0
15916,5,846.95,2010-12-08 13:07:00,2011-06-01 11:52:00,101,174,1
15917,1,123.1,2011-04-06 10:40:00,2011-04-06 10:40:00,157,0,0
15918,2,334.23,2011-03-13 15:55:00,2011-06-02 11:42:00,100,80,0
15919,1,214.07999999999998,2010-12-06 11:26:00,2010-12-06 11:26:00,278,0,1
15920,4,167.5,2011-07-08 15:16:00,2011-07-08 15:31:00,63,0,0
15921,1,323.03000000000003,2011-06-20 11:03:00,2011-06-20 11:03:00,82,0,0
15922,1,369.5,2010-12-01 13:51:00,2010-12-01 13:51:00,282,0,0
15923,1,127.08,2010-12-02 12:16:00,2010-12-02 12:16:00,282,0,0
15925,1,207.15,2011-05-29 15:35:00,2011-05-29 15:35:00,103,0,0
15932,6,1885.95,2011-02-23 14:50:00,2011-08-24 12:00:00,17,181,1
15935,2,416.86,2011-04-12 09:35:00,2011-04-14 13:27:00,148,2,0
15938,5,404.58,2011-01-20 10:11:00,2011-08-19 12:56:00,21,211,0
15939,14,5860.25,2011-01-12 12:43:00,2011-08-24 14:46:00,16,224,1
15940,1,35.8,2011-02-01 16:18:00,2011-02-01 16:18:00,220,0,0
15942,1,337.44,2011-07-29 09:01:00,2011-07-29 09:01:00,43,0,0
15944,1,325.1,2011-03-08 10:33:00,2011-03-08 10:33:00,186,0,0
15945,1,181.0,2010-12-09 13:14:00,2010-12-09 13:14:00,274,0,0
15950,2,1091.38,2010-12-15 11:56:00,2011-08-25 14:13:00,15,253,1
15951,1,375.16999999999996,2011-02-27 11:57:00,2011-02-27 11:57:00,195,0,1
15952,2,309.2,2011-04-28 12:55:00,2011-07-03 13:33:00,68,66,1
15953,4,824.04,2010-12-05 15:15:00,2011-05-12 11:44:00,121,157,1
15955,8,2463.65,2010-12-02 11:22:00,2011-08-25 11:36:00,16,266,1
15965,1,156.19,2010-12-07 13:18:00,2010-12-07 13:18:00,276,0,1
15967,1,161.9,2011-01-25 11:57:00,2011-01-25 11:57:00,228,0,1
15969,1,308.7,2011-06-07 12:19:00,2011-06-07 12:19:00,95,0,1
15970,1,314.1,2011-02-09 12:08:00,2011-02-09 12:08:00,213,0,0
15971,7,2109.45,2011-02-01 16:47:00,2011-08-23 09:53:00,18,202,1
15973,1,307.82000000000005,2010-12-08 11:42:00,2010-12-08 11:42:00,276,0,0
15974,6,2895.0099999999998,2011-02-24 10:10:00,2011-09-05 15:40:00,4,193,1
15976,2,427.64,2011-05-03 17:12:00,2011-06-27 13:00:00,74,54,0
15980,1,760.18,2011-03-30 15:05:00,2011-03-30 15:05:00,163,0,1
15981,6,2458.2,2011-02-01 13:50:00,2011-07-25 10:47:00,47,173,1
15983,3,1138.37,2010-12-01 12:15:00,2010-12-14 12:30:00,270,13,1
15984,7,1807.51,2010-12-06 13:21:00,2011-08-31 12:11:00,10,267,1
15985,2,1142.42,2011-04-17 11:04:00,2011-08-08 16:31:00,32,113,0
15987,6,1193.63,2010-12-06 08:34:00,2011-08-11 09:45:00,30,248,1
15990,1,401.37,2011-02-25 15:35:00,2011-02-25 15:35:00,196,0,1
15996,5,879.76,2010-12-08 15:59:00,2011-08-15 13:09:00,25,249,1
15998,3,2105.26,2010-12-12 13:32:00,2011-06-21 10:48:00,81,190,1
16003,3,1793.9,2010-12-15 12:09:00,2011-07-28 11:20:00,44,224,1
16005,2,275.41,2011-03-14 11:46:00,2011-06-10 12:01:00,92,88,1
16006,1,101.4,2011-05-12 13:12:00,2011-05-12 13:12:00,120,0,0
16007,2,727.67,2011-05-08 13:32:00,2011-06-12 12:01:00,90,34,1
16008,1,139.15,2011-05-19 10:54:00,2011-05-19 10:54:00,114,0,1
16009,1,441.59000000000003,2011-07-03 11:26:00,2011-07-03 11:26:00,69,0,1
16010,3,392.4,2010-12-12 12:18:00,2011-04-08 10:14:00,155,116,0
16011,12,2185.66,2010-12-08 16:34:00,2011-09-08 15:41:00,1,273,1
16012,2,1132.12,2011-07-07 18:02:00,2011-08-03 11:44:00,38,26,1
16013,35,23409.34,2010-12-03 13:09:00,2011-09-02 11:34:00,8,272,1
16014,2,514.38,2011-02-21 17:42:00,2011-07-10 16:29:00,61,138,1
16016,4,791.07,2010-12-08 12:36:00,2011-05-27 13:53:00,105,170,1
16018,1,161.9,2011-06-12 13:52:00,2011-06-12 13:52:00,89,0,1
16019,7,2952.25,2010-12-10 12:29:00,2011-07-26 14:03:00,45,228,1
16022,1,602.63,2011-03-24 13:16:00,2011-03-24 13:16:00,169,0,0
16023,2,500.69,2011-03-18 13:32:00,2011-05-31 14:19:00,101,74,1
16027,6,934.62,2011-02-10 12:19:00,2011-09-09 10:47:00,1,210,0
16029,52,54130.14,2010-12-01 09:57:00,2011-09-07 09:45:00,3,279,1
16030,1,331.24,2011-02-03 11:28:00,2011-02-03 11:28:00,219,0,0
16031,2,547.9,2011-04-06 14:23:00,2011-09-08 13:07:00,1,154,0
16033,16,5864.55,2010-12-05 10:36:00,2011-08-23 14:19:00,17,261,1
16034,3,437.7,2011-01-11 11:54:00,2011-05-27 16:17:00,105,136,0
16036,1,188.73,2011-03-21 13:01:00,2011-03-21 13:01:00,172,0,1
16037,3,855.02,2010-12-16 10:18:00,2011-03-15 09:13:00,179,88,0
16038,2,393.33,2011-05-22 11:29:00,2011-06-15 13:50:00,86,24,1
16040,2,876.1800000000001,2011-03-16 09:58:00,2011-07-14 16:12:00,57,120,1
16041,2,2739.8,2011-07-21 16:27:00,2011-07-21 16:28:00,50,0,1
16042,2,440.48,2011-01-11 13:25:00,2011-08-24 12:04:00,17,224,1
16043,3,676.49,2011-01-26 11:14:00,2011-05-12 13:43:00,120,106,1
16045,4,1340.7,2011-02-22 14:55:00,2011-08-12 12:41:00,29,170,0
16048,2,256.44,2010-12-01 15:27:00,2010-12-01 15:28:00,282,0,0
16050,1,137.9,2011-06-19 11:44:00,2011-06-19 11:44:00,83,0,0
16053,1,1124.19,2011-08-09 14:57:00,2011-08-09 14:57:00,31,0,1
16054,1,783.9,2011-07-17 13:08:00,2011-07-17 13:08:00,54,0,0
16055,1,134.8,2011-05-03 09:26:00,2011-05-03 09:26:00,130,0,0
16057,6,1544.23,2011-02-28 10:35:00,2011-09-04 15:21:00,5,188,1
16059,4,944.6,2010-12-07 10:36:00,2011-06-29 10:50:00,73,204,1
16062,3,778.14,2010-12-10 12:00:00,2011-07-29 12:50:00,43,231,1
16063,1,335.32,2011-03-24 14:55:00,2011-03-24 14:56:00,169,0,0
16065,1,367.14,2010-12-09 13:03:00,2010-12-09 13:03:00,274,0,0
16066,1,316.38,2011-08-07 14:33:00,2011-08-07 14:33:00,33,0,1
16072,1,584.3199999999999,2011-02-24 14:32:00,2011-02-24 14:32:00,197,0,0
16073,1,122.39999999999999,2011-02-15 15:41:00,2011-02-15 15:41:00,206,0,0
16076,5,1357.98,2011-05-15 12:31:00,2011-09-08 12:04:00,2,115,1
16078,1,79.2,2011-03-01 09:47:00,2011-03-01 09:47:00,193,0,0
16080,1,130.26,2011-03-10 14:44:00,2011-03-10 14:44:00,183,0,1
16081,3,992.37,2010-12-08 11:16:00,2011-06-07 13:31:00,94,181,1
16083,2,1317.62,2010-12-14 11:51:00,2011-08-31 10:47:00,10,259,0
16084,1,436.18,2011-02-13 16:05:00,2011-02-13 16:05:00,208,0,0
16085,2,325.04,2011-01-23 12:07:00,2011-04-17 12:25:00,146,84,1
16086,4,899.7,2010-12-07 13:45:00,2011-09-02 13:22:00,7,268,1
16091,2,315.06,2011-05-25 09:18:00,2011-07-08 08:45:00,64,43,0
16092,3,817.86,2011-03-30 15:38:00,2011-08-17 10:46:00,24,139,0
16093,1,17.0,2011-08-25 11:09:00,2011-08-25 11:09:00,16,0,0
16094,1,252.1,2011-05-04 13:57:00,2011-05-04 13:57:00,128,0,1
16096,1,320.62,2011-03-20 13:38:00,2011-03-20 13:38:00,173,0,0
16097,1,185.04999999999998,2011-04-13 13:47:00,2011-04-13 13:47:00,149,0,0
16098,6,1712.49,2010-12-01 09:45:00,2011-08-03 17:05:00,37,245,1
16099,2,592.1,2011-04-28 08:34:00,2011-07-25 10:28:00,47,88,1
16102,2,1392.8400000000001,2011-08-03 12:50:00,2011-09-02 11:54:00,8,29,1
16103,4,1156.4,2011-04-20 12:28:00,2011-07-05 10:54:00,67,75,1
16105,1,336.96,2011-04-05 10:13:00,2011-04-05 10:13:00,158,0,0
16107,3,1494.1200000000001,2011-06-09 18:42:00,2011-08-28 14:53:00,12,79,1
16109,2,611.88,2011-02-04 12:37:00,2011-05-05 09:17:00,128,89,0
16110,2,678.18,2011-02-01 14:01:00,2011-03-22 13:54:00,171,48,1
16112,4,195.73999999999998,2011-01-05 11:47:00,2011-07-19 14:28:00,52,195,0
16113,1,161.38,2011-06-09 16:16:00,2011-06-09 16:16:00,92,0,0
16114,1,135.75000000000003,2011-06-22 10:13:00,2011-06-22 10:13:00,80,0,0
16115,5,924.59,2011-02-20 12:14:00,2011-08-14 12:55:00,26,175,1
16116,1,612.78,2011-05-12 12:01:00,2011-05-12 12:01:00,121,0,0
16117,1,232.21,2011-06-03 11:42:00,2011-06-03 11:42:00,99,0,0
16121,1,285.94,2011-05-08 11:52:00,2011-05-08 11:52:00,125,0,1
16122,3,550.26,2010-12-08 11:41:00,2011-08-19 10:18:00,22,253,1
16124,1,249.0,2011-01-26 14:45:00,2011-01-26 14:45:00,226,0,0
16125,1,289.35,2010-12-07 15:48:00,2010-12-07 15:48:00,276,0,0
16126,3,3706.7000000000003,2011-02-16 11:18:00,2011-08-30 10:07:00,11,194,1
16128,2,694.7,2011-03-02 12:21:00,2011-07-19 12:19:00,53,138,1
16131,4,2278.5,2011-04-14 08:32:00,2011-08-16 12:32:00,25,124,1
16133,23,10619.27,2011-01-25 15:55:00,2011-08-30 13:47:00,10,216,1
16134,1,283.53000000000003,2010-12-15 14:00:00,2010-12-15 14:00:00,268,0,1
16135,1,517.55,2011-03-22 12:30:00,2011-03-22 12:30:00,172,0,0
16136,1,159.3,2011-03-07 09:52:00,2011-03-07 09:52:00,187,0,1
16139,2,306.37,2011-05-17 10:23:00,2011-08-19 14:49:00,21,94,1
16140,1,124.14,2010-12-03 14:40:00,2010-12-03 14:40:00,280,0,1
16142,1,535.34,2011-04-04 10:16:00,2011-04-04 10:16:00,159,0,0
16143,5,1949.3600000000001,2010-12-05 15:18:00,2011-08-23 16:01:00,17,261,1
16144,1,175.2,2011-04-07 10:09:00,2011-04-07 10:09:00,156,0,0
16145,8,2600.31,2010-12-15 09:09:00,2011-09-01 10:11:00,9,260,1
16146,3,734.13,2011-04-21 15:25:00,2011-07-05 14:20:00,66,74,0
16147,1,375.0,2011-07-29 09:57:00,2011-07-29 09:57:00,43,0,0
16148,1,76.32000000000001,2011-02-16 14:01:00,2011-02-16 14:01:00,205,0,0
16149,1,163.68,2011-07-20 14:54:00,2011-07-20 14:54:00,51,0,1
16150,3,1408.7,2010-12-02 18:27:00,2011-08-03 09:07:00,38,243,1
16152,1,1829.04,2011-03-16 09:47:00,2011-03-16 09:47:00,178,0,0
16153,4,1023.54,2010-12-20 09:22:00,2011-08-16 09:34:00,25,239,1
16156,5,1415.17,2011-02-02 12:02:00,2011-07-11 10:24:00,61,158,1
16159,1,348.2,2011-03-03 12:27:00,2011-03-03 12:27:00,191,0,0
16161,12,3036.66,2010-12-06 10:03:00,2011-07-22 15:02:00,49,228,1
16162,1,37.4,2011-04-01 15:03:00,2011-04-01 15:03:00,161,0,0
16163,2,856.6,2010-12-09 16:28:00,2011-04-21 15:15:00,141,132,0
16168,18,2632.12,2010-12-05 11:38:00,2011-09-06 11:53:00,4,275,1
16170,5,1560.6599999999999,2011-04-05 13:42:00,2011-08-19 10:06:00,22,135,1
16172,5,1140.21,2011-04-12 12:02:00,2011-09-05 13:22:00,4,146,0
16173,2,635.05,2011-09-02 15:23:00,2011-09-09 09:03:00,1,6,1
16174,3,1009.5500000000001,2011-07-11 09:23:00,2011-08-05 13:26:00,35,25,0
16175,4,1037.59,2011-04-13 14:38:00,2011-09-06 14:32:00,3,145,0
16178,1,197.9,2011-07-24 16:05:00,2011-07-24 16:05:00,47,0,0
16180,8,10254.18,2011-04-01 10:23:00,2011-08-31 16:28:00,9,152,0
16182,3,4844.0,2011-02-18 10:11:00,2011-08-01 16:41:00,39,164,1
16184,5,985.8000000000001,2011-05-12 13:33:00,2011-08-26 09:55:00,15,105,1
16185,1,335.0,2011-04-21 11:59:00,2011-04-21 11:59:00,142,0,1
16186,9,2696.53,2010-12-02 14:40:00,2011-08-28 12:57:00,12,268,1
16187,12,5395.7,2011-02-28 13:34:00,2011-09-01 13:53:00,8,185,1
16188,3,755.03,2011-04-11 09:44:00,2011-07-21 16:20:00,50,101,1
16191,8,2615.68,2010-12-14 12:38:00,2011-03-22 08:54:00,172,97,1
16193,1,314.45,2011-04-17 11:45:00,2011-04-17 11:45:00,146,0,0
16200,1,550.57,2011-06-28 15:47:00,2011-06-28 15:47:00,73,0,1
16201,1,303.8,2011-08-22 10:47:00,2011-08-22 10:47:00,19,0,1
16202,1,365.27,2010-12-14 10:43:00,2010-12-14 10:43:00,270,0,0
16203,3,378.3,2010-12-02 15:39:00,2011-07-15 12:45:00,57,224,1
16205,1,112.35,2011-06-13 11:33:00,2011-06-13 11:33:00,89,0,1
16206,3,409.86,2011-01-16 11:07:00,2011-08-07 10:45:00,34,202,1
16208,1,497.59,2011-02-23 13:37:00,2011-02-23 13:37:00,198,0,1
16209,4,2116.9,2011-04-07 12:23:00,2011-08-12 14:25:00,28,127,1
16210,11,11248.960000000001,2010-12-01 12:27:00,2011-09-02 12:33:00,8,275,1
16212,1,498.15000000000003,2011-03-01 12:51:00,2011-03-01 12:51:00,192,0,1
16214,3,1062.75,2011-03-15 13:23:00,2011-06-22 11:30:00,80,98,0
16216,1,914.9300000000001,2011-03-17 15:34:00,2011-03-17 15:34:00,176,0,0
16217,2,304.25,2011-03-02 15:28:00,2011-04-18 13:31:00,144,46,0
16218,6,2635.48,2010-12-01 11:29:00,2011-08-17 09:16:00,24,258,1
16221,2,315.37,2010-12-07 13:13:00,2011-03-09 10:51:00,185,91,1
16222,1,773.5500000000001,2011-01-25 13:38:00,2011-01-25 13:38:00,227,0,0
16224,3,865.88,2011-04-04 12:00:00,2011-07-21 19:17:00,50,108,1
16225,4,953.64,2011-03-07 12:17:00,2011-07-13 12:18:00,59,128,1
16226,3,255.12,2011-04-18 12:58:00,2011-05-20 14:41:00,112,32,0
16227,1,314.22,2011-04-28 13:33:00,2011-04-28 13:33:00,134,0,0
16229,1,358.2,2011-05-11 10:18:00,2011-05-11 10:18:00,122,0,1
16230,2,542.03,2011-05-03 15:12:00,2011-06-03 10:06:00,99,30,0
16232,3,725.04,2011-05-08 14:05:00,2011-07-19 13:01:00,52,71,1
16233,2,326.5,2010-12-08 12:51:00,2011-01-14 10:31:00,239,36,1
16235,3,665.29,2011-01-11 15:42:00,2011-06-06 11:26:00,96,145,1
16239,1,347.9,2011-06-03 09:30:00,2011-06-03 09:30:00,99,0,1
16241,10,1778.43,2010-12-05 11:04:00,2011-09-04 13:38:00,5,273,1
16242,3,846.59,2011-03-07 17:04:00,2011-06-27 14:41:00,74,111,1
16244,2,1522.75,2010-12-02 11:41:00,2011-05-12 10:18:00,121,160,0
16245,2,769.7,2011-03-28 09:30:00,2011-08-10 09:34:00,31,135,1
16247,1,114.56,2011-06-22 14:23:00,2011-06-22 14:23:00,79,0,0
16249,4,1440.77,2011-04-14 13:50:00,2011-08-19 11:47:00,22,126,1
16250,2,389.44,2010-12-01 09:59:00,2011-03-23 15:07:00,170,112,0
16253,1,1700.4,2011-03-29 13:33:00,2011-03-29 13:33:00,164,0,1
16255,7,2182.79,2010-12-09 14:25:00,2011-09-05 10:15:00,5,269,1
16256,1,752.4300000000001,2011-03-18 12:18:00,2011-03-18 12:18:00,176,0,0
16257,1,46.95,2011-06-16 10:11:00,2011-06-16 10:11:00,86,0,0
16258,4,3741.06,2011-05-04 14:33:00,2011-08-04 14:33:00,36,92,1
16261,2,409.99,2011-04-07 19:05:00,2011-08-18 18:51:00,22,132,1
16265,7,4062.02,2010-12-10 10:21:00,2011-08-21 12:39:00,20,254,1
16266,6,761.12,2011-05-17 14:50:00,2011-08-16 12:00:00,25,90,1
16270,1,1141.24,2010-12-21 14:26:00,2010-12-21 14:26:00,262,0,0
16271,3,868.4300000000001,2010-12-16 16:36:00,2011-08-05 17:43:00,35,232,1
16272,1,411.7,2011-08-15 10:53:00,2011-08-15 10:54:00,26,0,0
16274,1,351.75,2010-12-01 15:35:00,2010-12-01 15:35:00,282,0,0
16275,1,559.87,2011-05-27 12:41:00,2011-05-27 12:41:00,106,0,0
16276,1,810.6000000000001,2011-06-16 09:34:00,2011-06-16 09:34:00,86,0,0
16278,1,566.38,2011-08-31 17:12:00,2011-08-31 17:12:00,9,0,0
16279,1,359.08000000000004,2011-06-16 11:50:00,2011-06-16 11:50:00,86,0,1
16282,1,168.3,2011-01-04 11:42:00,2011-01-04 11:42:00,249,0,0
16283,3,586.35,2011-05-15 13:37:00,2011-08-11 12:00:00,30,87,1
16287,1,142.5,2011-06-23 09:08:00,2011-06-23 09:08:00,79,0,0
16292,1,302.25,2011-08-10 12:24:00,2011-08-10 12:24:00,31,0,0
16293,6,1454.3300000000002,2010-12-07 15:02:00,2011-09-09 10:09:00,1,275,1
16297,1,301.9,2011-03-16 08:29:00,2011-03-16 08:29:00,178,0,0
16298,1,114.3,2011-06-06 10:06:00,2011-06-06 10:06:00,96,0,1
16302,1,233.22,2011-08-05 09:44:00,2011-08-05 09:44:00,36,0,0
16303,2,4036.33,2011-01-10 14:16:00,2011-08-16 11:04:00,25,217,1
16305,1,361.21999999999997,2011-07-24 12:18:00,2011-07-24 12:18:00,48,0,0
16306,6,632.27,2010-12-07 15:18:00,2011-05-10 12:12:00,123,153,0
16308,3,1600.0,2011-03-23 14:46:00,2011-08-24 10:52:00,17,153,1
16309,2,706.57,2011-04-13 11:46:00,2011-08-25 15:35:00,15,134,0
16315,1,226.37,2011-01-13 11:57:00,2011-01-13 11:57:00,240,0,0
16316,7,2212.81,2010-12-16 14:26:00,2011-07-05 14:42:00,66,201,1
16317,3,1341.65,2011-02-15 14:30:00,2011-08-12 12:46:00,29,177,0
16319,1,404.40000000000003,2011-05-06 11:27:00,2011-05-06 11:27:00,127,0,0
16320,2,1038.46,2011-05-10 15:31:00,2011-06-20 15:25:00,81,40,0
16321,3,223.65,2011-01-20 12:11:00,2011-02-07 15:10:00,214,18,1
16323,1,207.50000000000003,2011-05-27 14:48:00,2011-05-27 14:48:00,105,0,0
16324,3,408.59000000000003,2011-06-15 14:26:00,2011-08-03 12:58:00,37,48,0
16325,2,416.02000000000004,2011-04-08 09:20:00,2011-07-07 13:44:00,64,90,1
16326,8,1524.67,2011-01-09 12:01:00,2011-09-04 12:09:00,6,238,1
16327,4,2469.64,2010-12-05 12:43:00,2011-05-24 14:00:00,108,170,1
16330,2,48.96,2011-08-19 17:08:00,2011-08-19 17:10:00,21,0,1
16332,3,651.77,2011-02-07 14:16:00,2011-08-01 13:29:00,39,174,1
16333,18,15619.6,2011-02-03 10:50:00,2011-09-02 09:09:00,8,210,1
16338,1,214.79999999999998,2011-07-05 13:56:00,2011-07-05 13:56:00,66,0,0
16339,1,94.05,2011-02-28 13:41:00,2011-02-28 13:41:00,193,0,0
16340,1,534.31,2011-08-24 14:53:00,2011-08-24 14:53:00,16,0,0
16341,1,797.65,2011-05-22 13:20:00,2011-05-22 13:20:00,110,0,1
16342,3,283.71,2011-06-13 10:10:00,2011-08-24 08:27:00,17,71,1
16344,1,101.10000000000001,2011-07-04 15:50:00,2011-07-04 15:50:00,67,0,0
16348,4,738.29,2011-04-13 15:49:00,2011-08-03 15:28:00,37,111,1
16349,1,53.5,2011-02-22 12:40:00,2011-02-22 12:40:00,200,0,0
16350,1,376.7,2011-01-10 09:44:00,2011-01-10 09:44:00,243,0,1
16351,1,153.9,2011-01-11 10:26:00,2011-01-11 10:26:00,242,0,0
16353,14,3467.81,2010-12-05 12:09:00,2011-09-09 12:41:00,1,278,1
16356,3,211.77,2011-03-07 12:31:00,2011-05-26 11:51:00,107,79,0
16357,2,257.95,2011-05-10 10:35:00,2011-06-30 16:51:00,71,51,1
16358,1,462.15000000000003,2011-06-08 15:05:00,2011-06-08 15:05:00,93,0,1
16359,7,1411.23,2011-01-12 10:49:00,2011-09-06 12:11:00,4,237,1
16362,3,360.65,2011-09-09 14:47:00,2011-09-09 15:03:00,0,0,1
16364,1,346.3,2011-07-25 14:35:00,2011-07-25 14:35:00,46,0,1
16365,7,862.56,2010-12-07 17:19:00,2011-08-08 16:15:00,32,243,1
16367,1,167.09,2010-12-12 12:01:00,2010-12-12 12:01:00,272,0,1
16369,1,354.45,2011-05-27 09:39:00,2011-05-27 09:39:00,106,0,1
16370,3,944.49,2011-04-28 16:40:00,2011-08-14 12:56:00,26,107,1
16374,1,154.2,2011-03-22 13:46:00,2011-03-22 13:46:00,171,0,1
16377,1,676.2,2011-03-17 15:41:00,2011-03-17 15:41:00,176,0,0
16378,3,362.95,2011-02-02 12:42:00,2011-04-06 15:07:00,156,63,0
16383,1,309.46,2011-03-16 13:00:00,2011-03-16 13:00:00,177,0,1
16384,1,409.1,2011-03-21 10:13:00,2011-03-21 10:13:00,173,0,1
16385,2,273.82,2010-12-08 12:56:00,2011-07-04 13:53:00,67,208,1
16386,1,61.10000000000001,2011-03-31 12:19:00,2011-03-31 12:19:00,163,0,1
16387,1,94.36,2011-01-21 11:34:00,2011-01-21 11:34:00,232,0,0
16389,2,670.17,2011-03-01 15:47:00,2011-05-18 13:55:00,114,77,1
16392,1,217.89,2011-03-15 12:11:00,2011-03-15 12:11:00,179,0,0
16393,9,1761.97,2010-12-05 13:10:00,2011-09-06 12:56:00,3,274,1
16394,3,933.1,2011-02-23 10:58:00,2011-06-21 13:22:00,80,118,1
16395,3,964.3,2011-01-13 12:10:00,2011-06-24 15:28:00,77,162,1
16398,2,1705.8,2011-03-31 09:38:00,2011-07-08 15:16:00,63,99,0
16399,1,178.41,2011-04-18 13:46:00,2011-04-18 13:46:00,144,0,1
16400,1,303.93,2011-09-06 12:27:00,2011-09-06 12:27:00,4,0,0
16401,7,2455.42,2011-01-16 10:56:00,2011-07-31 12:16:00,41,196,1
16402,2,293.45,2010-12-05 13:42:00,2011-03-20 12:25:00,174,104,0
16403,1,177.5,2011-01-31 13:39:00,2011-01-31 13:39:00,221,0,0
16405,2,167.25,2011-02-02 17:08:00,2011-02-10 15:24:00,211,7,0
16407,8,1482.37,2011-01-31 14:02:00,2011-08-21 14:00:00,19,201,1
16409,3,1033.3700000000001,2011-01-26 14:51:00,2011-07-12 14:57:00,59,167,1
16411,1,128.55,2010-12-05 13:26:00,2010-12-05 13:26:00,278,0,1
16414,1,50.8,2011-03-04 13:27:00,2011-03-04 13:27:00,189,0,1
16418,2,368.36,2011-04-27 16:54:00,2011-09-08 10:35:00,2,133,1
16419,6,958.71,2011-02-01 12:25:00,2011-08-19 12:33:00,22,199,0
16422,39,29117.7,2010-12-05 15:35:00,2011-09-01 12:50:00,9,269,1
16424,1,133.56,2011-06-01 13:40:00,2011-06-01 13:40:00,100,0,0
16425,1,302.7,2011-02-10 14:30:00,2011-02-10 14:30:00,211,0,0
16426,4,689.83,2011-03-08 15:45:00,2011-09-08 12:19:00,2,183,1
16427,2,241.06,2011-02-28 15:18:00,2011-03-21 17:10:00,172,21,0
16429,1,284.55,2011-08-25 13:54:00,2011-08-25 13:54:00,15,0,0
16431,3,623.28,2011-02-15 14:02:00,2011-05-10 14:09:00,122,84,0
16434,4,898.84,2011-02-13 12:17:00,2011-09-04 12:54:00,5,203,1
16440,1,272.46,2011-05-09 12:25:00,2011-05-09 12:25:00,124,0,1
16441,1,211.0,2011-02-21 17:35:00,2011-02-21 17:35:00,200,0,1
16442,2,432.43,2010-12-14 10:46:00,2011-04-26 11:51:00,137,133,1
16444,3,541.4,2011-03-20 12:14:00,2011-09-05 14:27:00,4,169,1
16446,1,2.9,2011-05-18 09:52:00,2011-05-18 09:52:00,115,0,1
16447,1,255.91,2011-07-27 12:45:00,2011-07-27 12:45:00,45,0,0
16448,1,182.99,2011-05-25 16:28:00,2011-05-25 16:28:00,107,0,0
16449,2,707.69,2011-03-04 12:15:00,2011-05-26 10:25:00,107,82,0
16450,1,311.92,2011-07-13 11:47:00,2011-07-13 11:47:00,59,0,0
16455,6,1323.3799999999999,2010-12-03 16:44:00,2011-09-06 10:46:00,4,276,1
16456,5,2158.18,2010-12-01 14:11:00,2011-09-01 13:50:00,8,273,0
16457,1,208.36,2011-05-05 13:19:00,2011-05-05 13:19:00,127,0,0
16458,11,2151.5,2010-12-14 11:51:00,2011-08-25 15:47:00,15,254,1
16461,1,142.92,2011-06-15 12:07:00,2011-06-15 12:07:00,87,0,0
16462,2,68.0,2011-03-01 08:58:00,2011-06-07 11:07:00,95,98,1
16463,1,319.37,2011-05-19 14:45:00,2011-05-19 14:45:00,113,0,1
16464,1,380.33,2011-07-20 13:53:00,2011-07-20 13:53:00,51,0,1
16466,5,999.63,2011-02-20 11:39:00,2011-08-28 13:08:00,12,189,1
16469,2,268.3,2011-04-07 13:11:00,2011-04-07 13:16:00,155,0,1
16470,3,539.13,2010-12-16 11:53:00,2011-08-16 11:40:00,25,242,1
16471,1,223.95000000000002,2011-03-10 09:41:00,2011-03-10 09:41:00,184,0,0
16473,3,316.11,2011-01-07 10:55:00,2011-06-28 09:10:00,74,171,0
16474,1,341.35,2011-07-17 14:51:00,2011-07-17 14:51:00,54,0,1
16475,3,459.3,2011-03-11 09:39:00,2011-07-19 11:08:00,53,130,1
16477,6,1999.26,2010-12-03 12:48:00,2011-07-31 12:47:00,41,239,1
16483,1,139.35,2011-05-31 13:08:00,2011-05-31 13:08:00,101,0,0
16484,2,404.3,2011-06-02 10:39:00,2011-06-19 12:06:00,83,17,0
16488,2,354.57,2011-07-14 11:46:00,2011-08-17 09:05:00,24,33,1
16493,3,782.29,2011-01-14 08:16:00,2011-06-19 15:15:00,82,156,1
16494,1,826.53,2011-02-16 12:49:00,2011-02-16 12:49:00,206,0,0
16495,2,246.51,2011-03-08 16:38:00,2011-03-08 16:39:00,185,0,1
16496,2,1185.04,2011-01-27 09:42:00,2011-05-16 10:48:00,117,109,1
16497,5,1550.7,2011-01-10 13:20:00,2011-05-20 13:58:00,112,130,1
16498,2,100.97,2011-06-30 19:52:00,2011-07-01 15:07:00,70,0,0
16499,2,365.45,2010-12-10 10:27:00,2010-12-14 13:31:00,269,4,0
16500,1,165.0,2011-01-13 10:28:00,2011-01-13 10:28:00,240,0,1
16503,4,1431.93,2010-12-14 13:50:00,2011-08-25 11:46:00,16,253,0
16509,1,363.7,2011-02-16 09:25:00,2011-02-16 09:25:00,206,0,0
16510,1,248.1,2010-12-02 13:39:00,2010-12-02 13:39:00,281,0,0
16511,2,565.7,2011-03-18 11:24:00,2011-07-18 10:49:00,54,121,1
16515,4,1247.3600000000001,2011-02-01 13:09:00,2011-09-09 11:15:00,1,219,1
16517,1,162.7,2011-03-07 13:50:00,2011-03-07 13:50:00,186,0,0
16518,1,190.7,2011-02-28 16:36:00,2011-02-28 16:36:00,193,0,1
16519,1,103.7,2010-12-09 14:08:00,2010-12-09 14:08:00,274,0,1
16520,3,1046.57,2010-12-09 13:08:00,2011-06-06 13:24:00,95,179,0
16523,13,5245.95,2011-01-28 12:06:00,2011-09-05 09:16:00,5,219,1
16525,21,10372.35,2010-12-08 11:31:00,2011-09-01 18:49:00,8,267,1
16526,1,290.36,2011-06-21 12:02:00,2011-06-21 12:02:00,81,0,0
16529,1,455.25,2011-06-02 17:23:00,2011-06-02 17:23:00,99,0,0
16531,4,684.53,2010-12-14 13:19:00,2011-08-04 15:55:00,36,233,1
16532,2,4516.8,2011-01-05 12:37:00,2011-07-27 10:41:00,45,202,1
16536,1,548.12,2011-08-21 15:54:00,2011-08-21 15:54:00,19,0,0
16539,3,1053.61,2010-12-01 15:40:00,2011-05-04 09:52:00,129,153,1
16545,1,339.3,2011-06-28 10:37:00,2011-06-28 10:37:00,74,0,0
16546,2,787.15,2010-12-02 12:07:00,2011-02-22 11:20:00,200,81,0
16549,2,780.36,2011-01-09 14:03:00,2011-08-07 15:43:00,33,210,1
16550,5,2298.97,2010-12-06 13:53:00,2011-08-23 11:12:00,18,259,0
16551,3,922.12,2011-01-07 10:24:00,2011-09-05 09:38:00,5,240,0
16552,2,379.73,2010-12-01 12:36:00,2011-04-11 10:04:00,152,130,0
16553,12,5719.82,2010-12-14 13:58:00,2011-06-29 15:42:00,72,197,0
16554,2,314.11,2011-01-12 12:41:00,2011-05-01 14:17:00,131,109,1
16555,1,151.98,2011-08-22 12:32:00,2011-08-22 12:32:00,19,0,1
16556,6,2556.37,2010-12-14 13:32:00,2011-08-26 11:58:00,15,254,1
16557,1,101.15,2011-07-25 13:28:00,2011-07-25 13:28:00,46,0,1
16558,14,4685.17,2010-12-08 12:01:00,2011-09-08 14:21:00,1,274,1
16560,1,332.18,2010-12-16 14:36:00,2010-12-16 14:36:00,267,0,1
16565,1,173.7,2010-12-10 15:21:00,2010-12-10 15:21:00,273,0,0
16566,3,463.88,2011-02-20 10:29:00,2011-06-22 14:24:00,79,122,1
16567,2,865.6,2011-01-07 09:31:00,2011-05-29 13:57:00,103,142,0
16570,6,2134.07,2011-02-01 10:37:00,2011-08-04 14:06:00,36,184,1
16571,2,896.79,2011-03-03 09:41:00,2011-06-16 13:14:00,85,105,1
16572,3,1009.6,2011-03-09 12:04:00,2011-08-04 16:34:00,36,148,0
16573,1,292.63,2011-02-22 15:14:00,2011-02-22 15:14:00,199,0,1
16581,1,105.84,2011-06-10 10:05:00,2011-06-10 10:05:00,92,0,0
16582,1,313.62,2011-08-18 17:02:00,2011-08-18 17:02:00,22,0,0
16583,1,233.45,2010-12-01 12:03:00,2010-12-01 12:03:00,283,0,0
16584,1,611.94,2011-03-30 13:14:00,2011-03-30 13:14:00,163,0,1
16586,1,463.95,2011-04-05 09:32:00,2011-04-05 09:32:00,158,0,0
16587,1,225.15,2011-04-21 15:51:00,2011-04-21 15:51:00,141,0,0
16589,2,214.68,2011-07-01 13:31:00,2011-08-25 10:00:00,16,54,1
16592,10,2214.33,2011-02-25 10:19:00,2011-07-26 11:39:00,46,151,1
16593,2,255.5,2011-01-16 12:11:00,2011-06-03 12:17:00,99,138,1
16596,1,120.65,2010-12-08 16:18:00,2010-12-08 16:18:00,275,0,1
16598,1,145.04999999999998,2011-02-27 11:42:00,2011-02-27 11:42:00,195,0,0
16600,2,237.46,2011-01-05 12:13:00,2011-03-31 19:20:00,162,85,1
16603,1,296.62,2011-09-09 13:02:00,2011-09-09 13:02:00,0,0,1
16607,10,2267.58,2010-12-16 08:41:00,2011-08-03 15:02:00,37,230,1
16609,5,2710.04,2011-04-01 10:11:00,2011-07-27 13:51:00,44,117,1
16610,1,75.66,2011-05-04 13:13:00,2011-05-04 13:13:00,128,0,0
16611,1,129.49,2011-06-06 15:46:00,2011-06-06 15:46:00,95,0,0
16612,3,870.3000000000001,2011-02-01 10:38:00,2011-08-12 14:32:00,28,192,1
16614,1,506.19,2011-06-10 11:36:00,2011-06-10 11:36:00,92,0,0
16616,1,210.10000000000002,2011-07-05 13:38:00,2011-07-05 13:38:00,66,0,1
16617,1,151.85,2011-04-18 10:35:00,2011-04-18 10:35:00,145,0,0
16618,4,1441.29,2011-01-21 11:55:00,2011-05-13 10:37:00,120,111,1
16619,1,226.21,2011-03-21 08:18:00,2011-03-21 08:18:00,173,0,0
16620,1,95.75999999999999,2011-03-24 10:37:00,2011-03-24 10:37:00,170,0,1
16621,3,609.41,2011-03-07 11:32:00,2011-07-15 11:45:00,57,130,1
16623,1,129.45,2011-04-08 10:09:00,2011-04-08 10:09:00,155,0,0
16624,1,426.43,2011-05-26 14:20:00,2011-05-26 14:20:00,106,0,1
16625,1,333.08,2011-03-10 12:50:00,2011-03-10 12:50:00,184,0,0
16626,7,2165.34,2011-03-18 12:27:00,2011-08-18 14:53:00,22,153,1
16628,4,1619.8400000000001,2011-04-19 08:55:00,2011-08-25 12:11:00,16,128,1
16629,1,227.68,2011-09-04 16:12:00,2011-09-04 16:12:00,5,0,1
16633,3,1168.26,2011-04-19 14:36:00,2011-08-17 14:11:00,23,119,1
16634,2,217.9,2010-12-02 17:41:00,2011-05-01 12:09:00,132,149,0
16637,2,530.55,2011-04-28 10:20:00,2011-08-08 12:00:00,33,102,1
16638,9,1550.94,2010-12-06 10:19:00,2011-09-01 17:14:00,8,269,1
16639,2,471.15000000000003,2011-04-18 09:31:00,2011-05-17 10:10:00,116,29,1
16641,1,231.10000000000002,2011-08-26 12:49:00,2011-08-26 12:49:00,15,0,0
16642,1,307.73,2011-05-16 12:35:00,2011-05-16 12:35:00,117,0,1
16643,1,487.51,2011-04-08 08:24:00,2011-04-08 08:24:00,155,0,0
16644,2,833.78,2011-05-11 12:53:00,2011-06-15 12:39:00,87,34,0
16647,2,214.06,2011-05-19 09:31:00,2011-06-23 11:47:00,79,35,0
16652,5,4525.87,2011-03-11 13:13:00,2011-08-22 11:00:00,19,163,1
16654,4,601.27,2010-12-06 15:09:00,2011-07-21 15:23:00,50,227,0
16655,3,1867.19,2011-01-12 10:16:00,2011-07-31 15:31:00,40,200,1
16656,11,7116.68,2010-12-10 11:23:00,2011-09-05 09:20:00,5,268,1
16657,2,414.79,2011-03-30 12:02:00,2011-07-14 11:45:00,58,105,1
16658,1,123.24,2010-12-06 13:47:00,2010-12-06 13:47:00,277,0,0
16659,1,39.12,2011-06-03 15:03:00,2011-06-03 15:03:00,98,0,0
16660,2,384.36,2011-01-24 12:44:00,2011-05-13 10:44:00,120,108,1
16665,1,135.39999999999998,2010-12-12 14:03:00,2010-12-12 14:03:00,271,0,0
16667,1,200.4,2011-02-28 12:57:00,2011-02-28 12:57:00,193,0,1
16668,5,266.52,2011-02-28 12:46:00,2011-08-15 12:22:00,26,167,1
16670,8,3239.9700000000003,2010-12-16 10:30:00,2011-08-25 17:22:00,15,252,1
16671,1,1382.88,2011-06-28 11:20:00,2011-06-28 11:20:00,74,0,1
16672,17,6911.84,2011-03-18 10:15:00,2011-09-01 14:58:00,8,167,1
16674,1,115.1,2011-09-02 13:59:00,2011-09-02 13:59:00,7,0,1
16676,3,1098.5,2011-01-06 13:00:00,2011-05-10 15:10:00,122,124,1
16678,8,2137.3,2011-03-02 09:24:00,2011-09-02 10:24:00,8,184,1
16679,1,129.75,2010-12-08 13:51:00,2010-12-08 13:51:00,275,0,0
16681,4,1332.68,2011-03-31 13:46:00,2011-07-18 10:21:00,54,108,1
16682,3,810.22,2011-06-05 11:02:00,2011-09-08 15:16:00,1,95,1
16684,18,33883.5,2010-12-16 17:34:00,2011-07-29 15:12:00,42,224,1
16686,6,2399.94,2010-12-19 14:41:00,2011-09-02 17:38:00,7,257,1
16690,1,86.5,2011-05-22 10:53:00,2011-05-22 10:53:00,111,0,1
16692,2,1276.0,2011-02-23 15:41:00,2011-03-28 14:46:00,165,32,0
16693,1,153.41,2011-03-13 11:06:00,2011-03-13 11:06:00,181,0,1
16696,4,657.9000000000001,2011-04-05 15:20:00,2011-07-27 14:23:00,44,112,0
16697,1,112.75,2011-04-12 17:12:00,2011-04-12 17:12:00,150,0,0
16698,2,1998.0,2011-03-31 13:33:00,2011-04-27 10:52:00,136,26,0
16700,10,4095.95,2010-12-08 16:34:00,2011-08-10 09:52:00,31,244,1
16701,10,4050.42,2010-12-13 11:51:00,2011-08-02 12:11:00,39,232,1
16705,10,9780.35,2010-12-16 10:51:00,2011-09-02 09:24:00,8,259,1
16706,2,411.55,2011-08-17 15:53:00,2011-09-02 13:41:00,7,15,1
16709,4,1984.5900000000001,2011-03-03 10:55:00,2011-05-24 11:46:00,109,82,1
16710,7,1835.08,2010-12-06 13:13:00,2011-07-24 14:21:00,47,230,1
16711,3,909.87,2010-12-17 12:43:00,2011-07-22 14:23:00,49,217,1
16712,8,2489.81,2011-03-08 15:07:00,2011-09-05 16:27:00,4,181,1
16713,11,3970.77,2010-12-08 13:01:00,2011-08-16 12:12:00,25,250,1
16714,3,1129.06,2011-01-26 13:40:00,2011-05-05 11:09:00,128,98,0
16716,2,901.2,2011-02-01 15:35:00,2011-03-18 10:03:00,176,44,0
16717,4,1559.66,2010-12-08 16:48:00,2011-09-05 10:27:00,5,270,1
16718,1,606.0500000000001,2010-12-05 13:03:00,2010-12-05 13:03:00,278,0,0
16719,5,1283.88,2010-12-06 12:06:00,2011-07-14 09:54:00,58,219,1
16721,1,292.47,2011-03-22 16:08:00,2011-03-22 16:08:00,171,0,0
16722,10,3656.58,2010-12-06 12:59:00,2011-09-01 11:38:00,9,268,1
16723,2,576.4,2011-08-24 11:31:00,2011-09-09 13:01:00,0,16,0
16725,7,758.27,2010-12-03 16:02:00,2011-02-10 16:52:00,211,69,0
16726,4,777.16,2010-12-13 13:28:00,2011-05-27 13:00:00,105,164,1
16727,1,256.32,2010-12-10 13:48:00,2010-12-10 13:48:00,273,0,0
16728,3,548.31,2011-03-20 13:28:00,2011-06-26 11:59:00,76,97,1
16729,17,5343.27,2011-04-12 14:22:00,2011-09-01 16:18:00,8,142,1
16730,2,480.94,2011-01-24 14:01:00,2011-04-19 12:41:00,144,84,1
16734,2,302.40999999999997,2011-08-17 15:00:00,2011-08-17 15:02:00,23,0,1
16735,4,1941.15,2011-01-09 12:53:00,2011-09-02 10:21:00,8,235,1
16738,1,3.75,2011-02-15 09:46:00,2011-02-15 09:46:00,207,0,0
16739,1,323.0,2011-06-16 09:17:00,2011-06-16 09:17:00,86,0,0
16743,6,1860.9,2010-12-16 12:15:00,2011-08-18 18:15:00,22,245,1
16744,3,399.11,2011-06-19 15:13:00,2011-09-04 12:10:00,6,76,1
16745,16,6359.1,2011-02-01 11:31:00,2011-09-02 13:10:00,7,213,1
16746,12,4403.53,2010-12-16 11:43:00,2011-08-31 09:10:00,10,257,1
16748,3,910.2,2011-01-09 13:50:00,2011-05-06 11:26:00,127,116,1
16750,3,416.12,2011-04-21 16:53:00,2011-08-10 14:49:00,30,110,1
16752,1,207.5,2010-12-02 12:18:00,2010-12-02 12:18:00,282,0,0
16754,1,2002.4,2010-12-02 17:38:00,2010-12-02 17:38:00,281,0,0
16755,3,1475.43,2011-01-28 10:47:00,2011-08-17 13:21:00,23,201,0
16756,1,239.4,2011-05-09 09:33:00,2011-05-09 09:33:00,124,0,0
16757,1,106.83000000000001,2011-01-25 11:59:00,2011-01-25 11:59:00,228,0,0
16761,1,316.62,2011-09-04 11:15:00,2011-09-04 11:15:00,6,0,0
16762,1,314.15000000000003,2011-07-18 12:52:00,2011-07-18 12:52:00,53,0,1
16763,1,611.85,2011-05-25 11:52:00,2011-05-25 11:52:00,108,0,0
16764,4,782.5500000000001,2011-07-19 17:17:00,2011-09-01 16:46:00,8,43,1
16765,1,34.0,2011-02-18 15:41:00,2011-02-18 15:41:00,203,0,0
16766,2,1145.6,2011-03-11 13:34:00,2011-03-11 15:22:00,182,0,0
16767,7,4820.46,2011-01-27 13:38:00,2011-09-07 09:15:00,3,222,1
16768,2,286.49,2011-03-13 10:25:00,2011-08-28 10:43:00,13,168,1
16769,1,361.54,2011-03-24 13:41:00,2011-03-24 13:41:00,169,0,0
16770,4,649.38,2010-12-02 15:49:00,2011-04-17 12:49:00,146,135,1
16771,3,1651.75,2011-01-05 13:57:00,2011-03-09 13:56:00,184,62,1
16774,3,542.2,2011-06-14 12:45:00,2011-08-15 12:57:00,25,62,1
16775,8,1174.55,2010-12-07 15:15:00,2011-08-09 15:12:00,31,244,1
16777,1,173.52,2011-03-27 14:34:00,2011-03-27 14:34:00,166,0,1
16778,1,93.18,2011-03-10 15:21:00,2011-03-10 15:21:00,183,0,1
16779,15,6376.7300000000005,2010-12-08 09:56:00,2011-08-25 10:32:00,16,260,1
16780,2,422.24,2011-03-25 17:34:00,2011-08-31 16:09:00,9,158,0
16781,1,311.25,2010-12-02 14:26:00,2010-12-02 14:26:00,281,0,0
16782,9,1630.4,2010-12-09 11:28:00,2011-07-24 15:23:00,47,227,1
16788,2,594.39,2011-03-30 13:05:00,2011-08-08 14:53:00,32,131,0
16791,5,791.87,2011-01-11 15:42:00,2011-08-09 13:22:00,31,209,1
16792,2,110.38000000000001,2011-03-02 14:39:00,2011-03-02 14:41:00,191,0,0
16794,4,607.05,2011-06-12 14:15:00,2011-08-23 13:51:00,17,71,1
16795,1,414.88,2010-12-09 14:08:00,2010-12-09 14:08:00,274,0,0
16801,4,1594.23,2011-03-11 13:56:00,2011-06-29 15:33:00,72,110,0
16804,1,118.05,2011-03-14 15:48:00,2011-03-14 15:48:00,179,0,1
16805,2,460.59,2010-12-14 13:35:00,2011-06-19 11:23:00,83,186,0
16806,4,762.16,2011-04-14 19:59:00,2011-08-28 15:27:00,12,135,0
16807,3,1121.59,2011-03-14 09:46:00,2011-07-20 12:00:00,52,128,0
16808,2,288.42,2011-03-10 19:05:00,2011-09-01 19:34:00,8,175,0
16809,3,470.69,2011-03-22 15:20:00,2011-07-26 14:24:00,45,125,1
16810,1,309.54,2011-05-31 15:32:00,2011-05-31 15:32:00,101,0,0
16812,1,479.35,2010-12-14 12:35:00,2010-12-14 12:35:00,270,0,0
16813,7,1146.84,2011-05-19 13:28:00,2011-09-04 11:12:00,6,107,1
16814,16,5131.69,2010-12-05 11:45:00,2011-08-23 11:51:00,18,261,1
16816,4,417.06,2010-12-16 17:01:00,2011-08-28 14:16:00,12,254,0
16817,7,1179.43,2010-12-06 14:19:00,2011-06-07 10:05:00,95,182,1
16818,9,2528.47,2011-05-18 11:42:00,2011-09-07 14:40:00,2,112,1
16820,1,497.61,2011-09-05 12:06:00,2011-09-05 12:06:00,5,0,0
16823,1,358.38,2011-04-26 15:00:00,2011-04-26 15:00:00,136,0,0
16824,1,222.9,2011-06-28 13:36:00,2011-06-28 13:36:00,73,0,1
16825,1,318.7,2011-06-07 09:44:00,2011-06-07 09:44:00,95,0,1
16828,2,128.5,2011-08-19 13:24:00,2011-09-07 15:10:00,2,19,0
16829,1,197.22,2011-07-06 10:48:00,2011-07-06 10:48:00,66,0,0
16832,3,199.15,2011-05-06 14:12:00,2011-06-08 15:36:00,93,33,0
16833,3,671.29,2011-01-09 13:02:00,2011-03-25 08:53:00,169,74,1
16834,1,413.46,2011-04-26 09:37:00,2011-04-26 09:37:00,137,0,0
16835,2,180.85,2010-12-01 17:15:00,2011-08-03 13:50:00,37,244,0
16836,1,91.32000000000001,2011-08-15 12:38:00,2011-08-15 12:38:00,26,0,1
16837,9,1911.74,2011-04-08 08:48:00,2011-07-05 10:06:00,67,88,1
16838,2,588.85,2011-02-24 15:01:00,2011-05-26 13:13:00,106,90,0
16839,22,10869.28,2010-12-05 11:15:00,2011-08-22 10:42:00,19,259,1
16841,5,1561.06,2011-02-25 12:40:00,2011-07-25 13:06:00,46,150,1
16842,3,1264.19,2011-02-10 14:51:00,2011-08-31 10:42:00,10,201,0
16843,13,8809.24,2011-01-16 16:10:00,2011-09-07 10:56:00,3,233,1
16849,1,124.57,2011-06-06 09:16:00,2011-06-06 09:16:00,96,0,0
16850,1,332.41,2011-01-10 11:09:00,2011-01-10 11:09:00,243,0,0
16852,1,113.06,2011-06-16 15:49:00,2011-06-16 15:49:00,85,0,1
16858,1,375.69000000000005,2010-12-06 09:52:00,2010-12-06 09:52:00,278,0,0
16859,2,747.81,2011-03-23 13:39:00,2011-07-18 12:19:00,54,116,0
16861,1,70.80000000000001,2011-07-04 15:38:00,2011-07-04 15:38:00,67,0,1
16863,1,164.25,2010-12-08 08:58:00,2010-12-08 08:58:00,276,0,1
16866,3,207.73999999999998,2011-07-01 12:34:00,2011-07-22 10:06:00,50,20,0
16869,2,387.68,2011-06-17 13:01:00,2011-06-27 12:16:00,75,9,1
16871,4,2037.82,2011-03-14 10:31:00,2011-05-13 11:44:00,120,60,1
16872,2,464.68000000000006,2011-06-08 14:32:00,2011-08-26 15:38:00,14,79,1
16873,4,3871.4700000000003,2010-12-10 15:45:00,2011-08-04 15:33:00,36,236,1
16875,4,1138.2,2011-01-04 10:37:00,2011-07-18 11:41:00,54,195,1
16877,2,188.98,2011-05-15 16:13:00,2011-07-10 16:18:00,61,56,1
16880,6,1093.12,2011-06-03 16:45:00,2011-09-01 11:22:00,9,89,1
16882,2,215.70000000000002,2011-01-26 17:43:00,2011-04-14 14:36:00,148,77,1
16883,2,272.48,2010-12-03 10:33:00,2011-06-05 12:51:00,96,184,0
16885,1,177.95,2010-12-17 17:23:00,2010-12-17 17:23:00,266,0,1
16889,3,1578.67,2011-01-07 10:47:00,2011-05-29 11:05:00,104,142,0
16891,3,515.79,2010-12-03 11:35:00,2011-09-05 11:31:00,5,275,1
16892,1,102.97999999999999,2011-06-09 11:35:00,2011-06-09 11:35:00,93,0,1
16893,1,145.93,2010-12-08 12:06:00,2010-12-08 12:06:00,276,0,0
16897,2,289.78,2011-01-30 11:52:00,2011-02-13 15:02:00,208,14,0
16898,2,313.77,2010-12-06 12:23:00,2011-06-15 13:35:00,86,191,1
16899,3,510.18,2010-12-14 13:11:00,2011-07-13 11:33:00,59,210,1
16902,1,1706.88,2011-08-15 14:17:00,2011-08-15 14:17:00,25,0,0
16904,14,2948.55,2010-12-07 13:29:00,2011-09-06 12:25:00,4,272,1
16905,3,822.18,2010-12-03 10:43:00,2011-04-17 11:30:00,146,135,1
16906,3,392.99,2011-04-05 12:30:00,2011-06-06 09:04:00,96,61,1
16907,4,658.99,2010-12-09 16:52:00,2011-07-14 17:44:00,57,217,1
16910,1,111.78,2011-09-09 14:14:00,2011-09-09 14:14:00,0,0,1
16912,7,1538.58,2011-01-20 15:42:00,2011-07-28 14:35:00,43,188,1
16913,1,113.44,2011-02-22 12:56:00,2011-02-22 12:56:00,199,0,0
16915,4,382.39000000000004,2011-03-01 09:52:00,2011-08-04 13:03:00,36,156,1
16916,1,196.43,2010-12-02 13:14:00,2010-12-02 13:14:00,281,0,1
16917,1,391.52,2011-03-08 11:55:00,2011-03-08 11:55:00,186,0,0
16918,3,822.7,2011-01-26 17:37:00,2011-09-05 13:50:00,4,221,1
16919,11,2592.25,2010-12-06 12:52:00,2011-07-06 13:35:00,65,212,0
16923,14,4763.9400000000005,2010-12-12 11:06:00,2011-09-01 14:29:00,8,263,1
16926,1,230.25,2010-12-03 13:42:00,2010-12-03 13:42:00,280,0,0
16927,3,543.05,2010-12-13 11:57:00,2011-08-16 11:10:00,25,245,0
16928,15,2370.65,2010-12-01 15:21:00,2011-09-06 13:29:00,3,278,1
16929,2,428.88,2011-07-07 12:39:00,2011-08-04 12:13:00,37,27,1
16931,14,2897.33,2010-12-05 11:40:00,2011-08-28 14:28:00,12,266,1
16933,1,224.73,2011-04-14 13:33:00,2011-04-14 13:33:00,148,0,1
16938,3,2386.05,2011-02-04 09:34:00,2011-06-13 11:24:00,89,129,1
16940,2,1868.36,2011-02-23 12:27:00,2011-06-23 13:13:00,78,120,1
16942,7,1439.44,2011-04-26 11:59:00,2011-07-26 12:57:00,45,91,1
16943,3,816.73,2011-01-25 14:00:00,2011-05-12 11:57:00,121,106,0
16945,13,3007.06,2010-12-16 17:49:00,2011-09-02 09:48:00,8,259,1
16947,1,406.48,2011-04-18 09:38:00,2011-04-18 09:38:00,145,0,0
16948,3,435.02,2011-01-18 10:58:00,2011-07-24 12:46:00,48,187,0
16949,4,893.75,2011-01-27 12:11:00,2011-06-07 10:34:00,95,130,1
16950,2,778.41,2010-12-07 15:20:00,2011-08-07 13:30:00,33,242,1
16951,3,1277.75,2011-02-08 14:58:00,2011-07-28 12:05:00,44,169,0
16952,2,167.61,2011-08-22 12:58:00,2011-08-22 13:03:00,18,0,0
16954,4,1245.3799999999999,2010-12-15 10:41:00,2011-08-07 10:55:00,34,235,1
16955,4,518.67,2010-12-01 13:31:00,2011-06-08 10:36:00,94,188,0
16957,2,416.64,2011-03-03 09:25:00,2011-04-14 13:56:00,148,42,0
16960,1,201.53,2011-04-01 11:54:00,2011-04-01 11:54:00,162,0,1
16961,1,234.17,2011-08-15 13:46:00,2011-08-15 13:46:00,25,0,0
16963,1,110.55000000000001,2011-06-05 13:48:00,2011-06-05 13:48:00,96,0,0
16965,1,201.19,2011-04-27 12:08:00,2011-04-27 12:08:00,136,0,0
16966,4,1486.56,2011-04-13 14:17:00,2011-06-22 15:06:00,79,70,1
16967,1,319.02,2011-06-03 14:24:00,2011-06-03 14:24:00,98,0,0
16968,1,253.31,2011-08-24 10:51:00,2011-08-24 10:51:00,17,0,1
16969,2,478.96000000000004,2011-06-01 12:10:00,2011-07-28 13:54:00,43,57,1
16976,1,251.51999999999998,2011-03-17 16:33:00,2011-03-17 16:33:00,176,0,0
16979,2,555.65,2011-02-15 09:20:00,2011-07-15 08:59:00,57,149,1
16980,2,1028.46,2011-02-21 12:58:00,2011-03-29 16:36:00,164,36,0
16983,5,1185.35,2010-12-05 12:34:00,2011-09-04 11:00:00,6,272,1
16984,1,3213.19,2011-08-01 17:37:00,2011-08-01 17:37:00,39,0,1
16985,7,3578.54,2010-12-16 10:38:00,2011-07-05 09:33:00,67,200,1
16987,3,629.45,2011-05-18 15:55:00,2011-06-22 16:44:00,79,35,1
16989,2,890.7,2011-07-12 09:11:00,2011-09-02 13:55:00,7,52,1
16990,1,179.0,2011-05-05 08:30:00,2011-05-05 08:30:00,128,0,0
16992,3,972.35,2011-02-28 10:37:00,2011-09-02 08:50:00,8,185,1
16996,5,1041.78,2010-12-21 13:22:00,2011-08-10 14:34:00,30,232,1
16997,3,702.0,2011-01-18 11:51:00,2011-02-24 17:28:00,197,37,0
16998,4,295.0,2011-02-08 15:42:00,2011-07-13 09:44:00,59,154,0
17001,8,2793.49,2010-12-16 09:35:00,2011-09-09 12:24:00,1,267,1
17002,2,993.52,2011-02-22 11:46:00,2011-05-08 11:21:00,125,74,1
17004,1,905.6,2011-09-08 12:16:00,2011-09-08 12:16:00,2,0,1
17007,5,575.44,2010-12-17 13:57:00,2011-07-07 18:14:00,64,202,1
17015,1,520.55,2011-06-07 13:19:00,2011-06-07 13:19:00,94,0,1
17017,14,5431.28,2010-12-02 10:17:00,2011-06-30 14:48:00,71,210,1
17018,1,405.0,2011-01-18 08:46:00,2011-01-18 08:46:00,235,0,1
17019,3,995.93,2010-12-06 12:55:00,2011-03-23 11:16:00,171,106,1
17024,2,56.25,2011-07-05 09:31:00,2011-09-01 15:21:00,8,58,1
17025,2,160.97,2010-12-01 15:45:00,2010-12-01 15:46:00,282,0,1
17026,2,154.82999999999998,2010-12-05 12:47:00,2011-06-07 14:28:00,94,184,0
17027,4,645.23,2011-01-26 14:19:00,2011-06-13 13:44:00,88,137,1
17029,2,716.0,2011-04-17 10:57:00,2011-08-21 11:06:00,20,126,0
17031,1,225.95,2011-07-08 09:38:00,2011-07-08 09:38:00,64,0,1
17033,2,608.1,2010-12-15 13:21:00,2011-05-09 16:01:00,123,145,1
17034,1,141.79999999999998,2011-02-25 10:10:00,2011-02-25 10:10:00,197,0,1
17035,2,433.53000000000003,2011-02-01 12:27:00,2011-04-08 11:23:00,155,65,0
17040,1,449.73,2011-07-25 10:19:00,2011-07-25 10:19:00,47,0,0
17041,2,750.89,2010-12-14 11:43:00,2011-08-23 09:53:00,18,251,1
17042,4,915.02,2011-04-06 14:53:00,2011-08-10 13:19:00,30,125,1
17043,2,324.96999999999997,2011-03-18 14:53:00,2011-06-14 13:52:00,87,87,1
17045,3,339.44,2011-04-06 12:08:00,2011-08-18 17:09:00,22,134,0
17046,1,642.02,2011-07-05 14:24:00,2011-07-05 14:24:00,66,0,0
17047,2,749.4300000000001,2011-05-18 16:50:00,2011-05-18 16:51:00,114,0,1
17048,3,925.35,2011-01-12 16:51:00,2011-08-14 11:49:00,27,213,0
17049,5,2606.65,2011-03-09 08:33:00,2011-08-14 12:33:00,27,158,1
17050,6,3185.64,2011-02-13 12:41:00,2011-09-04 13:48:00,5,203,0
17051,1,240.89000000000001,2011-05-29 14:13:00,2011-05-29 14:13:00,103,0,0
17053,1,498.48,2011-08-01 10:23:00,2011-08-01 10:23:00,40,0,0
17054,4,1207.32,2011-04-08 13:14:00,2011-07-25 09:58:00,47,107,1
17058,2,819.66,2011-04-14 09:18:00,2011-05-24 13:50:00,108,40,1
17059,4,2237.1,2010-12-05 12:35:00,2011-08-21 15:17:00,19,259,1
17060,1,234.24,2011-03-18 13:27:00,2011-03-18 13:27:00,175,0,0
17061,10,4658.83,2011-04-21 13:29:00,2011-08-21 10:44:00,20,121,1
17062,4,533.33,2010-12-05 11:59:00,2011-01-30 11:01:00,223,55,0
17063,4,671.87,2011-02-23 13:44:00,2011-06-29 13:59:00,72,126,1
17064,2,457.40000000000003,2011-01-16 16:10:00,2011-06-10 10:26:00,92,144,1
17068,16,3539.29,2010-12-06 13:58:00,2011-09-06 12:10:00,4,273,1
17069,5,1495.79,2010-12-01 16:49:00,2011-07-07 14:30:00,64,217,1
17070,1,304.24,2011-08-17 17:01:00,2011-08-17 17:01:00,23,0,0
17071,6,1402.42,2011-02-03 08:18:00,2011-07-28 16:04:00,43,175,1
17073,1,453.79,2011-08-22 14:37:00,2011-08-22 14:37:00,18,0,1
17075,3,696.07,2011-01-26 13:20:00,2011-03-31 13:47:00,162,64,1
17076,2,334.2,2010-12-10 10:08:00,2011-03-11 08:59:00,183,90,1
17080,1,76.32000000000001,2011-03-15 12:05:00,2011-03-15 12:05:00,179,0,1
17082,1,636.94,2011-01-25 14:36:00,2011-01-25 14:36:00,227,0,1
17083,3,1405.78,2011-02-09 11:38:00,2011-08-22 15:43:00,18,194,0
17085,5,1562.4,2010-12-12 12:24:00,2011-08-08 14:15:00,32,239,0
17088,2,1399.1100000000001,2011-03-31 09:48:00,2011-06-10 09:23:00,92,70,1
17090,4,811.77,2010-12-20 13:52:00,2011-09-02 15:05:00,7,256,1
17091,7,2692.0,2010-12-07 09:55:00,2011-09-02 14:56:00,7,269,1
17092,2,629.32,2011-03-07 14:51:00,2011-08-05 16:10:00,35,151,1
17094,1,302.0,2011-01-21 13:09:00,2011-01-21 13:09:00,231,0,0
17095,2,543.96,2011-01-09 11:05:00,2011-02-13 13:52:00,208,35,1
17096,2,443.94,2011-03-23 12:05:00,2011-07-19 17:02:00,52,118,1
17097,6,639.53,2010-12-09 14:55:00,2011-08-31 15:35:00,9,265,1
17101,1,230.57999999999998,2011-06-14 14:49:00,2011-06-14 14:49:00,87,0,1
17102,1,25.5,2011-03-23 10:08:00,2011-03-23 10:08:00,171,0,0
17105,2,665.78,2011-02-06 14:46:00,2011-07-03 15:53:00,68,147,0
17107,3,6332.61,2011-03-06 15:17:00,2011-07-07 18:56:00,64,123,1
17109,2,464.59000000000003,2011-04-21 15:46:00,2011-04-21 15:51:00,141,0,1
17110,1,163.29999999999998,2011-06-27 12:58:00,2011-06-27 12:58:00,74,0,0
17114,6,601.9399999999999,2011-01-09 11:39:00,2011-07-24 11:58:00,48,196,1
17115,2,612.82,2011-04-20 14:46:00,2011-06-10 08:54:00,92,50,1
17117,1,116.19999999999999,2011-02-24 13:54:00,2011-02-24 13:54:00,197,0,0
17118,1,157.02,2011-01-26 12:19:00,2011-01-26 12:19:00,227,0,0
17120,1,307.46,2011-04-20 15:21:00,2011-04-20 15:21:00,142,0,0
17122,1,138.32,2011-08-12 14:33:00,2011-08-12 14:33:00,28,0,0
17123,1,345.29999999999995,2011-07-01 10:47:00,2011-07-01 10:47:00,71,0,0
17124,1,294.24,2011-06-07 14:02:00,2011-06-07 14:02:00,94,0,0
17126,5,989.45,2010-12-12 11:26:00,2011-07-10 13:52:00,61,210,0
17128,1,157.09,2011-01-09 12:02:00,2011-01-09 12:02:00,244,0,0
17133,3,2478.79,2011-03-18 13:47:00,2011-06-02 14:46:00,99,76,1
17134,2,413.2,2011-03-20 11:56:00,2011-08-25 09:53:00,16,157,0
17135,2,500.55,2010-12-03 09:31:00,2011-02-23 10:27:00,199,82,1
17138,1,380.5,2011-03-09 11:54:00,2011-03-09 11:54:00,185,0,0
17139,7,6851.82,2011-02-24 09:32:00,2011-08-09 11:56:00,32,166,1
17140,1,454.12,2011-04-06 13:33:00,2011-04-06 13:33:00,156,0,0
17142,1,579.0,2011-04-14 18:22:00,2011-04-14 18:22:00,148,0,0
17146,3,749.78,2010-12-16 12:20:00,2011-08-26 12:44:00,15,253,0
17147,2,973.11,2011-02-01 09:36:00,2011-05-17 10:57:00,116,105,1
17152,3,1689.5,2011-03-21 16:20:00,2011-05-29 12:19:00,104,68,0
17155,1,143.3,2011-06-15 10:22:00,2011-06-15 10:22:00,87,0,1
17157,1,161.46,2011-06-16 15:08:00,2011-06-16 15:08:00,85,0,1
17158,2,698.55,2010-12-14 13:03:00,2011-04-21 10:12:00,142,127,1
17159,1,528.45,2011-06-21 09:49:00,2011-06-21 09:49:00,81,0,1
17160,5,3001.18,2011-04-12 12:00:00,2011-08-22 13:32:00,18,132,1
17162,9,1463.66,2011-02-07 12:27:00,2011-07-31 16:04:00,40,174,1
17164,3,1270.42,2011-03-11 14:26:00,2011-07-11 12:47:00,61,121,1
17165,1,158.68,2011-02-28 16:39:00,2011-02-28 16:39:00,193,0,0
17166,1,127.59,2011-05-20 08:18:00,2011-05-20 08:18:00,113,0,1
17169,1,308.68,2011-06-09 13:16:00,2011-06-09 13:16:00,92,0,1
17171,1,224.91,2011-02-23 16:37:00,2011-02-23 16:37:00,198,0,0
17173,2,961.26,2011-07-31 15:26:00,2011-08-15 10:28:00,26,14,1
17174,1,59.9,2011-05-06 11:47:00,2011-05-06 11:47:00,127,0,0
17175,3,1132.6299999999999,2011-02-16 14:56:00,2011-07-21 18:08:00,50,155,1
17176,1,306.13,2011-05-22 12:41:00,2011-05-22 12:41:00,111,0,0
17179,3,711.79,2010-12-13 14:24:00,2011-06-14 16:48:00,87,183,0
17180,3,552.8,2011-01-27 18:05:00,2011-04-12 16:20:00,150,74,1
17181,1,155.52,2010-12-01 12:38:00,2010-12-01 12:38:00,283,0,1
17183,1,329.67,2011-08-26 15:25:00,2011-08-26 15:25:00,14,0,1
17187,1,203.95,2011-04-27 12:39:00,2011-04-27 12:39:00,136,0,0
17188,5,1815.09,2010-12-12 12:56:00,2011-06-28 14:51:00,73,198,1
17189,2,383.75,2010-12-15 17:28:00,2011-08-25 19:39:00,15,253,0
17190,1,195.0,2011-05-16 15:29:00,2011-05-16 15:29:00,116,0,1
17191,6,1561.51,2010-12-06 14:36:00,2011-09-06 12:15:00,4,273,1
17193,2,448.56000000000006,2011-06-16 10:04:00,2011-06-16 10:23:00,86,0,1
17194,2,262.62,2010-12-14 12:06:00,2011-03-11 12:05:00,183,86,0
17198,2,521.66,2010-12-03 14:54:00,2010-12-09 13:34:00,274,5,1
17204,4,1564.56,2011-03-21 12:42:00,2011-06-17 14:46:00,84,88,0
17211,6,1464.89,2010-12-05 12:44:00,2011-06-12 13:21:00,89,189,1
17212,1,226.85,2011-03-31 19:42:00,2011-03-31 19:42:00,162,0,0
17213,5,1780.01,2010-12-08 13:03:00,2011-07-21 15:47:00,50,225,1
17214,4,611.97,2010-12-15 15:14:00,2011-04-04 16:28:00,158,110,1
17217,1,113.5,2011-04-19 17:19:00,2011-04-19 17:19:00,143,0,0
17218,5,943.58,2010-12-06 15:25:00,2011-05-09 16:59:00,123,154,1
17220,10,2288.08,2010-12-10 14:54:00,2011-09-01 15:59:00,8,265,1
17223,2,416.89,2010-12-06 14:08:00,2011-02-02 15:57:00,219,58,0
17226,1,393.49,2011-02-04 11:52:00,2011-02-04 11:52:00,218,0,0
17227,3,473.75,2010-12-06 11:16:00,2011-06-20 10:13:00,82,195,1
17228,4,687.58,2010-12-02 16:00:00,2011-05-16 10:40:00,117,164,1
17229,2,318.76,2011-07-20 12:38:00,2011-09-04 13:56:00,5,46,0
17230,8,3638.41,2010-12-15 11:22:00,2011-03-20 16:12:00,173,95,0
17231,7,1905.82,2010-12-13 14:16:00,2011-08-05 16:19:00,35,235,1
17234,1,149.89000000000001,2011-06-10 11:20:00,2011-06-10 11:20:00,92,0,0
17235,1,341.9,2010-12-02 13:38:00,2010-12-02 13:38:00,281,0,1
17236,5,697.73,2010-12-12 11:49:00,2011-06-13 15:47:00,88,183,1
17238,11,1943.57,2010-12-03 15:05:00,2011-07-26 15:42:00,45,235,1
17239,1,382.5,2011-01-31 09:41:00,2011-01-31 09:41:00,222,0,0
17242,2,1135.04,2011-06-12 13:04:00,2011-08-23 14:55:00,17,72,0
17243,16,4332.36,2010-12-05 10:03:00,2011-09-08 12:44:00,2,277,1
17245,1,171.45,2011-05-19 10:43:00,2011-05-19 10:43:00,114,0,0
17248,1,318.65,2011-08-11 13:34:00,2011-08-11 13:34:00,29,0,0
17250,1,162.65,2011-03-23 16:45:00,2011-03-23 16:45:00,170,0,1
17251,1,269.83,2010-12-12 11:06:00,2010-12-12 11:06:00,272,0,0
17252,2,348.91,2011-06-06 16:41:00,2011-08-15 09:45:00,26,69,0
17255,1,108.26,2011-02-13 15:18:00,2011-02-13 15:18:00,208,0,1
17256,2,240.0,2011-01-31 14:53:00,2011-08-24 13:30:00,16,204,0
17259,2,581.23,2010-12-06 12:55:00,2011-07-14 15:01:00,57,220,0
17262,4,955.3600000000001,2010-12-08 13:30:00,2011-04-26 15:58:00,136,139,1
17263,1,63.440000000000005,2011-05-15 14:32:00,2011-05-15 14:32:00,117,0,0
17265,2,550.01,2011-06-12 12:00:00,2011-07-24 10:49:00,48,41,0
17266,1,113.06,2011-07-15 11:57:00,2011-07-15 11:57:00,57,0,1
17267,2,317.2,2011-08-04 17:19:00,2011-08-04 17:22:00,36,0,0
17268,4,763.64,2011-04-08 13:20:00,2011-08-24 10:06:00,17,137,0
17272,2,1409.44,2011-03-22 12:05:00,2011-05-24 13:46:00,108,63,1
17277,2,1065.3500000000001,2011-01-21 12:37:00,2011-04-26 12:47:00,137,95,0
17278,1,246.04,2011-04-12 13:10:00,2011-04-12 13:10:00,150,0,0
17282,3,1685.46,2011-02-13 11:36:00,2011-08-01 14:29:00,39,169,0
17284,5,1489.04,2011-01-07 14:31:00,2011-08-11 12:00:00,30,215,1
17287,5,702.41,2010-12-02 12:22:00,2011-07-19 14:59:00,52,229,1
17288,5,663.7,2010-12-16 13:33:00,2011-05-16 14:32:00,116,151,1
17289,1,164.45,2011-06-12 13:51:00,2011-06-12 13:51:00,89,0,1
17291,1,550.8000000000001,2011-02-04 13:04:00,2011-02-04 13:04:00,217,0,0
17293,5,867.03,2010-12-13 14:55:00,2011-08-12 14:03:00,28,241,1
17298,2,498.42,2011-08-07 12:21:00,2011-08-30 16:43:00,10,23,0
17299,2,268.19,2011-06-19 16:04:00,2011-08-31 14:22:00,9,72,1
17302,3,661.61,2011-02-07 10:14:00,2011-08-09 09:04:00,32,182,1
17303,1,250.04,2010-12-13 13:32:00,2010-12-13 13:32:00,270,0,0
17306,15,6700.06,2010-12-21 13:34:00,2011-09-01 09:39:00,9,253,1
17309,1,82.75,2011-09-05 15:20:00,2011-09-05 15:20:00,4,0,0
17311,1,556.46,2011-01-27 10:56:00,2011-01-27 10:56:00,226,0,1
17312,3,644.3,2011-07-03 13:12:00,2011-07-24 11:52:00,48,20,0
17314,5,1506.92,2011-01-31 11:25:00,2011-07-14 11:28:00,58,164,1
17315,30,4368.09,2010-12-17 12:24:00,2011-08-31 15:49:00,9,257,1
17320,3,1200.6200000000001,2010-12-06 15:38:00,2011-08-31 13:31:00,9,267,0
17323,4,530.95,2011-02-20 14:38:00,2011-08-07 12:05:00,34,167,1
17324,2,702.23,2010-12-08 12:45:00,2011-01-12 11:21:00,241,34,1
17325,1,96.8,2011-03-04 13:09:00,2011-03-04 13:09:00,189,0,0
17329,1,243.36,2011-01-28 15:29:00,2011-01-28 15:29:00,224,0,1
17331,1,175.2,2011-08-08 11:55:00,2011-08-08 11:55:00,33,0,0
17334,2,307.02,2011-02-04 09:03:00,2011-02-10 14:59:00,211,6,0
17337,4,1981.06,2011-02-02 17:06:00,2011-07-11 14:55:00,60,158,0
17338,7,5163.92,2010-12-13 12:57:00,2011-08-17 14:22:00,23,247,1
17339,2,243.36,2010-12-09 14:44:00,2011-09-06 13:29:00,3,270,0
17340,7,7593.65,2010-12-08 15:56:00,2011-08-11 12:58:00,29,245,1
17341,3,682.29,2010-12-08 12:46:00,2011-07-06 12:33:00,66,209,0
17343,1,193.64,2010-12-19 15:07:00,2010-12-19 15:07:00,264,0,0
17345,3,281.18,2011-05-27 12:26:00,2011-09-07 14:09:00,2,103,1
17346,8,1228.78,2010-12-01 14:34:00,2011-08-28 15:01:00,12,270,1
17348,1,160.15,2011-02-15 10:49:00,2011-02-15 10:49:00,207,0,1
17349,1,98.25,2011-06-13 14:29:00,2011-06-13 14:29:00,88,0,0
17351,2,427.3,2011-03-11 16:05:00,2011-06-23 19:29:00,78,104,1
17353,2,1740.0,2011-07-08 16:17:00,2011-08-02 17:19:00,38,25,0
17356,1,178.22,2011-02-01 11:07:00,2011-02-01 11:07:00,221,0,0
17358,2,360.81,2010-12-19 14:16:00,2011-02-09 16:57:00,212,52,0
17360,1,320.9,2011-06-08 17:09:00,2011-06-08 17:09:00,93,0,1
17361,2,263.92,2011-02-21 09:55:00,2011-06-06 14:02:00,95,105,1
17362,2,312.23,2011-02-03 10:26:00,2011-04-14 14:43:00,148,70,0
17364,6,2617.41,2011-01-12 16:57:00,2011-07-25 12:58:00,46,193,1
17365,5,2336.81,2011-01-11 12:11:00,2011-06-23 10:44:00,79,162,1
17367,1,167.55,2011-04-15 14:21:00,2011-04-15 14:21:00,147,0,0
17368,6,1605.07,2011-01-06 11:57:00,2011-09-07 14:47:00,2,244,1
17370,2,228.06,2011-06-23 11:50:00,2011-09-08 14:19:00,1,77,1
17371,1,92.14,2010-12-13 15:20:00,2010-12-13 15:20:00,270,0,1
17372,6,1055.63,2010-12-12 12:00:00,2011-06-26 14:06:00,75,196,1
17373,2,287.3,2011-01-31 11:46:00,2011-07-28 17:15:00,43,178,1
17374,2,495.77,2011-03-03 12:53:00,2011-05-05 09:05:00,128,62,0
17375,3,400.1,2010-12-13 15:16:00,2011-05-24 15:45:00,108,162,0
17376,1,105.85,2011-02-01 14:12:00,2011-02-01 14:12:00,220,0,1
17377,9,2040.34,2010-12-01 12:35:00,2011-08-05 15:40:00,35,247,1
17381,24,18261.65,2010-12-02 12:58:00,2011-09-01 15:52:00,8,273,1
17384,1,227.65,2011-05-04 16:07:00,2011-05-04 16:07:00,128,0,1
17386,5,1697.3400000000001,2011-06-27 12:11:00,2011-09-01 13:47:00,8,66,1
17388,3,953.0300000000001,2011-02-25 12:28:00,2011-07-31 12:34:00,41,156,1
17389,25,9504.08,2011-01-12 15:48:00,2011-09-05 10:00:00,5,235,1
17391,2,508.8,2011-06-28 12:21:00,2011-06-29 09:58:00,73,0,0
17392,2,417.27,2010-12-16 19:04:00,2011-02-06 12:48:00,216,51,0
17394,1,203.86999999999998,2011-05-04 13:22:00,2011-05-04 13:22:00,128,0,0
17396,6,4801.8,2010-12-03 09:45:00,2011-07-14 10:24:00,58,223,1
17398,3,653.38,2011-03-29 13:04:00,2011-08-17 09:48:00,24,140,0
17400,5,2097.84,2010-12-21 17:16:00,2011-08-05 15:38:00,35,226,0
17402,8,1732.45,2010-12-05 13:53:00,2011-08-30 12:32:00,11,267,1
17404,10,21004.3,2010-12-14 13:28:00,2011-08-08 13:12:00,32,236,1
17405,1,393.31,2011-07-12 14:17:00,2011-07-12 14:17:00,59,0,1
17406,3,2184.42,2010-12-08 10:35:00,2011-01-10 15:07:00,242,33,0
17408,1,32.65,2011-06-29 12:53:00,2011-06-29 12:53:00,72,0,0
17409,2,771.85,2011-04-05 16:42:00,2011-06-08 10:36:00,94,63,0
17410,2,419.55,2011-05-08 15:21:00,2011-09-04 16:08:00,5,119,1
17411,1,285.58,2011-03-23 13:44:00,2011-03-23 13:44:00,170,0,1
17412,4,709.82,2010-12-02 16:29:00,2011-05-27 14:55:00,105,175,1
17414,1,598.0,2011-06-08 11:43:00,2011-06-08 11:43:00,94,0,1
17416,5,5294.49,2011-03-03 13:45:00,2011-08-22 09:30:00,19,171,1
17418,1,167.39000000000001,2011-01-20 11:39:00,2011-01-20 11:39:00,233,0,1
17419,8,2660.0,2010-12-07 15:03:00,2011-07-19 12:39:00,53,223,1
17420,2,391.51,2010-12-01 09:56:00,2011-06-21 15:07:00,80,202,1
17422,5,1698.97,2011-02-16 14:44:00,2011-09-07 15:00:00,2,203,1
17423,1,449.42,2011-05-06 09:14:00,2011-05-06 09:14:00,127,0,1
17426,4,4280.59,2011-03-02 16:34:00,2011-09-09 15:51:00,0,190,1
17428,20,10661.09,2010-12-06 09:37:00,2011-08-21 12:37:00,20,258,1
17429,3,524.9200000000001,2011-05-05 09:53:00,2011-08-03 13:22:00,37,90,0
17430,1,112.6,2010-12-09 13:05:00,2010-12-09 13:05:00,274,0,1
17431,1,403.3,2011-01-30 14:36:00,2011-01-30 14:36:00,222,0,0
17436,1,122.39999999999999,2011-04-27 11:33:00,2011-04-27 11:33:00,136,0,1
17438,1,388.45000000000005,2011-03-31 10:26:00,2011-03-31 10:26:00,163,0,0
17440,3,186.42000000000002,2011-04-06 12:05:00,2011-07-06 11:54:00,66,90,0
17442,5,1921.69,2011-02-22 13:02:00,2011-09-07 12:19:00,3,196,1
17443,1,534.24,2011-05-04 10:47:00,2011-05-04 10:47:00,129,0,0
17444,3,2940.04,2011-06-20 09:04:00,2011-07-15 12:05:00,57,25,0
17446,2,120.9,2011-02-02 14:40:00,2011-06-16 10:42:00,86,133,0
17449,4,1497.55,2010-12-15 10:57:00,2011-09-06 08:34:00,4,264,1
17450,23,86301.54,2010-12-07 09:23:00,2011-09-05 13:52:00,4,272,1
17451,1,346.01,2011-08-26 11:54:00,2011-08-26 11:54:00,15,0,1
17454,4,517.53,2010-12-15 10:54:00,2011-05-31 13:58:00,101,167,0
17455,1,131.7,2011-05-20 12:31:00,2011-05-20 12:31:00,113,0,0
17456,1,249.86,2010-12-09 15:23:00,2010-12-09 15:23:00,274,0,0
17457,5,1737.7,2011-01-04 14:33:00,2011-08-05 12:48:00,36,212,0
17460,6,622.4300000000001,2010-12-01 16:24:00,2011-09-06 15:04:00,3,278,0
17462,1,463.40999999999997,2011-02-28 17:01:00,2011-02-28 17:01:00,193,0,1
17463,3,1227.59,2011-01-30 15:48:00,2011-06-16 15:10:00,85,136,1
17464,1,289.96000000000004,2011-07-04 13:19:00,2011-07-04 13:19:00,67,0,0
17469,3,1050.27,2011-05-19 08:55:00,2011-08-23 08:54:00,18,95,1
17470,4,816.47,2010-12-07 09:57:00,2011-08-04 13:15:00,36,240,1
17472,3,697.54,2011-02-13 14:40:00,2011-06-01 14:57:00,100,108,0
17481,1,260.63,2011-09-07 09:57:00,2011-09-07 09:57:00,3,0,1
17483,2,274.74,2011-06-09 19:40:00,2011-07-28 17:33:00,43,48,1
17486,1,396.87,2011-03-23 14:00:00,2011-03-23 14:00:00,170,0,0
17489,1,208.56,2011-05-11 11:34:00,2011-05-11 11:34:00,122,0,1
17490,1,305.2,2011-06-16 09:15:00,2011-06-16 09:15:00,86,0,1
17491,6,2118.11,2010-12-07 12:18:00,2011-09-05 11:51:00,5,271,1
17492,1,374.57,2011-04-05 15:21:00,2011-04-05 15:21:00,157,0,0
17496,1,271.05,2010-12-16 08:39:00,2010-12-16 08:39:00,268,0,0
17499,1,622.88,2011-02-23 09:14:00,2011-02-23 09:14:00,199,0,0
17501,2,288.6,2011-05-03 09:46:00,2011-05-03 09:47:00,130,0,0
17504,9,2997.0299999999997,2011-01-21 11:09:00,2011-05-17 12:59:00,115,116,0
17505,2,1145.84,2011-05-18 09:01:00,2011-07-01 12:50:00,71,44,0
17507,2,605.58,2011-02-03 18:08:00,2011-03-23 11:48:00,171,47,0
17508,1,387.31,2011-03-04 08:10:00,2011-03-04 08:10:00,190,0,0
17511,21,59375.75,2010-12-01 10:19:00,2011-09-07 11:41:00,3,280,1
17512,8,1891.9,2011-02-11 12:22:00,2011-08-10 14:55:00,30,180,1
17514,1,208.65,2011-08-03 15:45:00,2011-08-03 15:45:00,37,0,0
17515,3,571.37,2011-01-25 14:33:00,2011-05-17 14:03:00,115,111,1
17516,4,605.65,2011-02-27 12:41:00,2011-08-12 14:50:00,28,166,1
17517,1,153.94,2011-02-04 11:48:00,2011-02-04 11:48:00,218,0,0
17519,5,1488.0,2010-12-06 15:18:00,2011-07-29 12:09:00,43,234,1
17521,1,159.56,2011-05-24 15:14:00,2011-05-24 15:14:00,108,0,1
17522,4,912.25,2011-05-05 16:31:00,2011-07-24 12:29:00,48,79,1
17524,1,145.0,2010-12-13 14:32:00,2010-12-13 14:32:00,270,0,0
17525,1,422.70000000000005,2010-12-15 12:05:00,2010-12-15 12:05:00,269,0,0
17526,3,872.8,2010-12-09 12:20:00,2011-02-22 09:10:00,200,74,1
17527,2,606.62,2011-05-05 13:43:00,2011-08-22 10:15:00,19,108,1
17530,6,1365.26,2010-12-09 20:01:00,2011-05-17 16:49:00,115,158,1
17531,1,296.7,2011-06-02 19:17:00,2011-06-02 19:17:00,99,0,0
17535,1,164.4,2011-03-04 15:20:00,2011-03-04 15:20:00,189,0,0
17536,1,76.5,2011-06-15 13:23:00,2011-06-15 13:23:00,86,0,0
17537,1,620.75,2011-02-09 13:37:00,2011-02-09 13:37:00,212,0,1
17540,1,268.8,2011-01-27 14:35:00,2011-01-27 14:35:00,225,0,1
17542,1,170.75,2011-03-15 11:45:00,2011-03-15 11:45:00,179,0,0
17548,1,103.3,2011-04-20 12:01:00,2011-04-20 12:01:00,143,0,0
17550,3,267.16,2011-04-10 15:19:00,2011-05-26 14:09:00,106,45,0
17551,1,290.34,2010-12-15 14:12:00,2010-12-15 14:12:00,268,0,0
17552,2,298.52,2010-12-02 18:45:00,2010-12-02 18:46:00,281,0,1
17553,1,1487.6,2011-08-02 10:00:00,2011-08-02 10:00:00,39,0,0
17554,2,1249.89,2011-07-14 20:01:00,2011-08-09 10:16:00,32,25,1
17555,1,195.45,2011-01-09 12:31:00,2011-01-09 12:31:00,244,0,1
17556,1,157.9,2011-05-18 10:48:00,2011-05-18 10:48:00,115,0,0
17560,4,854.95,2011-02-02 11:14:00,2011-09-06 09:18:00,4,215,0
17562,4,661.1,2011-06-19 13:06:00,2011-08-22 12:16:00,19,63,1
17567,6,2925.45,2010-12-02 15:18:00,2011-09-08 10:00:00,2,279,1
17569,1,344.14,2011-01-11 14:15:00,2011-01-11 14:15:00,241,0,0
17571,3,559.55,2011-02-14 15:15:00,2011-07-17 12:26:00,55,152,1
17572,3,196.0,2010-12-01 12:51:00,2011-09-01 10:28:00,9,273,1
17573,1,174.71,2011-09-07 10:36:00,2011-09-07 10:36:00,3,0,1
17574,1,185.65,2011-04-11 09:47:00,2011-04-11 09:47:00,152,0,0
17576,14,2266.25,2010-12-09 16:57:00,2011-09-01 16:30:00,8,265,1
17578,1,143.45999999999998,2011-05-05 18:38:00,2011-05-05 18:38:00,127,0,0
17579,2,270.86,2011-06-13 14:12:00,2011-07-25 09:50:00,47,41,1
17580,3,215.72,2010-12-16 15:27:00,2011-04-01 12:41:00,162,105,0
17581,17,6522.29,2010-12-02 14:47:00,2011-08-22 10:09:00,19,262,1
17582,1,175.27,2011-04-17 13:18:00,2011-04-17 13:18:00,145,0,0
17584,1,749.45,2011-08-04 14:12:00,2011-08-04 14:12:00,36,0,1
17585,4,1116.68,2011-01-05 15:09:00,2011-08-22 13:30:00,18,228,0
17588,3,1240.2,2011-04-21 10:31:00,2011-08-31 13:37:00,9,132,0
17589,3,1843.07,2011-04-13 13:47:00,2011-07-11 17:07:00,60,89,1
17591,6,1840.8700000000001,2010-12-07 15:39:00,2011-08-09 12:55:00,31,244,1
17593,4,3245.66,2010-12-22 10:29:00,2011-09-09 09:52:00,1,260,1
17594,1,315.0,2011-03-30 10:32:00,2011-03-30 10:32:00,164,0,1
17596,4,1737.08,2010-12-06 12:34:00,2011-07-26 13:46:00,45,232,1
17597,1,2044.3700000000001,2011-05-10 11:54:00,2011-05-10 11:54:00,123,0,0
17601,1,116.00999999999999,2011-04-14 18:02:00,2011-04-14 18:02:00,148,0,0
17602,2,909.5500000000001,2011-01-19 16:18:00,2011-08-07 15:52:00,33,199,1
17604,2,309.36,2011-01-31 15:09:00,2011-05-06 13:43:00,126,94,0
17609,2,531.25,2011-01-16 16:23:00,2011-02-10 17:54:00,211,25,1
17611,9,2701.15,2010-12-13 13:52:00,2011-08-08 10:51:00,33,237,1
17612,5,1682.94,2011-02-15 10:40:00,2011-09-05 14:07:00,4,202,1
17613,9,2976.69,2011-02-07 11:20:00,2011-08-14 12:08:00,27,188,1
17615,3,329.6,2011-05-01 15:33:00,2011-08-01 14:06:00,39,91,0
17616,3,571.1999999999999,2010-12-07 10:04:00,2011-06-19 10:11:00,83,194,0
17618,2,625.48,2010-12-12 16:05:00,2011-04-05 13:07:00,157,113,1
17619,1,214.37,2011-01-31 14:18:00,2011-01-31 14:18:00,221,0,0
17621,2,901.78,2010-12-20 13:31:00,2011-01-31 13:07:00,221,41,1
17624,1,400.3,2011-05-05 17:59:00,2011-05-05 17:59:00,127,0,1
17625,2,1227.13,2011-03-27 12:21:00,2011-07-22 13:53:00,49,117,1
17629,5,798.38,2010-12-15 09:58:00,2011-08-11 14:16:00,29,239,1
17630,2,503.59999999999997,2011-04-21 14:03:00,2011-06-23 11:58:00,79,62,0
17631,2,416.5,2011-04-21 13:22:00,2011-07-25 13:37:00,46,95,1
17633,2,648.61,2011-08-11 15:43:00,2011-08-28 15:58:00,12,17,1
17634,7,2077.07,2011-01-06 12:45:00,2011-09-08 12:55:00,1,245,1
17637,1,338.95,2011-08-16 13:25:00,2011-08-16 13:25:00,24,0,1
17639,1,108.5,2011-03-08 15:22:00,2011-03-08 15:22:00,185,0,0
17642,2,712.29,2011-06-16 12:55:00,2011-08-12 09:11:00,29,56,0
17643,1,101.55,2010-12-01 14:38:00,2010-12-01 14:38:00,282,0,0
17644,7,1625.63,2011-03-24 09:44:00,2011-08-11 14:53:00,29,140,1
17646,3,1008.39,2010-12-09 14:28:00,2011-05-04 13:17:00,128,145,0
17648,3,1107.39,2011-04-04 10:29:00,2011-05-31 11:22:00,102,57,1
17649,1,868.49,2011-07-24 15:53:00,2011-07-24 15:53:00,47,0,0
17651,4,1148.01,2011-06-15 15:57:00,2011-07-07 08:22:00,65,21,1
17652,6,2713.57,2011-03-03 14:05:00,2011-07-18 14:04:00,53,136,1
17653,2,343.34,2011-08-11 15:24:00,2011-09-01 12:17:00,9,20,1
17654,1,117.55,2011-03-07 13:17:00,2011-03-07 13:17:00,186,0,0
17655,5,1903.3300000000002,2010-12-08 16:45:00,2011-08-15 11:59:00,26,249,1
17656,3,927.65,2011-08-03 10:45:00,2011-08-25 13:24:00,15,22,1
17658,1,317.59999999999997,2011-05-12 15:23:00,2011-05-12 15:23:00,120,0,1
17659,9,1653.03,2010-12-02 16:46:00,2011-08-31 15:13:00,9,271,1
17660,1,178.75,2011-07-21 13:37:00,2011-07-21 13:37:00,50,0,0
17663,4,1016.53,2011-02-25 14:11:00,2011-07-08 11:52:00,64,132,1
17664,1,326.19,2011-05-11 14:17:00,2011-05-11 14:17:00,121,0,1
17667,4,1751.01,2011-02-14 09:24:00,2011-07-01 09:47:00,71,137,1
17669,5,2433.22,2011-04-04 10:11:00,2011-08-09 13:48:00,31,127,1
17670,1,205.7,2011-04-26 09:12:00,2011-04-26 09:12:00,137,0,0
17671,3,1098.55,2010-12-09 14:27:00,2011-07-05 12:03:00,67,207,1
17672,1,1177.8400000000001,2011-02-03 13:29:00,2011-02-03 13:29:00,218,0,1
17673,4,1175.62,2011-01-23 15:16:00,2011-06-30 14:38:00,71,157,1
17674,1,300.66,2010-12-06 10:20:00,2010-12-06 10:20:00,278,0,1
17675,23,14074.19,2010-12-07 13:22:00,2011-08-30 15:42:00,10,266,1
17676,4,730.84,2010-12-08 13:49:00,2011-08-22 14:23:00,18,257,1
17677,20,11666.5,2010-12-06 08:42:00,2011-08-31 15:08:00,9,268,1
17678,1,298.11,2011-03-21 11:52:00,2011-03-21 11:52:00,173,0,0
17682,5,1899.3500000000001,2010-12-06 13:35:00,2011-08-16 15:22:00,24,253,1
17685,5,1512.72,2010-12-02 14:42:00,2011-03-18 10:16:00,176,105,1
17686,5,4589.35,2011-02-10 10:18:00,2011-08-11 11:44:00,30,182,1
17690,11,3495.53,2010-12-01 16:15:00,2011-08-30 09:36:00,11,271,1
17691,2,290.40000000000003,2010-12-06 11:10:00,2010-12-16 17:20:00,267,10,0
17692,4,740.9399999999999,2010-12-15 13:37:00,2011-08-04 14:01:00,36,232,0
17693,1,200.47,2011-07-25 15:48:00,2011-07-25 15:48:00,46,0,0
17694,1,283.12,2011-07-21 12:00:00,2011-07-21 12:00:00,51,0,0
17695,2,765.34,2011-06-21 12:35:00,2011-07-31 10:40:00,41,39,0
17696,7,1915.5900000000001,2010-12-10 09:51:00,2011-08-23 13:59:00,17,256,1
17697,1,338.95,2011-04-17 15:40:00,2011-04-17 15:40:00,145,0,0
17698,1,154.95,2011-03-24 11:34:00,2011-03-24 11:34:00,170,0,0
17700,3,1681.83,2011-03-03 16:34:00,2011-09-06 09:34:00,4,186,1
17701,1,417.95,2011-04-01 12:25:00,2011-04-01 12:25:00,162,0,0
17702,3,1338.77,2011-05-17 16:23:00,2011-08-23 09:38:00,18,97,1
17703,2,490.96,2011-07-24 13:30:00,2011-08-22 15:05:00,18,29,1
17704,2,885.19,2011-04-14 09:28:00,2011-06-24 09:40:00,78,71,0
17705,6,968.0,2011-02-11 10:57:00,2011-08-25 09:53:00,16,194,1
17706,12,8027.5,2010-12-08 11:02:00,2011-08-31 13:23:00,9,266,1
17707,2,152.4,2011-01-07 13:30:00,2011-06-07 15:03:00,94,151,0
17708,2,263.33,2011-01-19 10:09:00,2011-06-05 10:12:00,97,137,0
17709,1,137.45,2011-06-23 11:55:00,2011-06-23 11:55:00,79,0,0
17711,1,220.53000000000003,2011-02-23 11:32:00,2011-02-23 11:32:00,199,0,1
17714,1,153.0,2011-01-23 10:32:00,2011-01-23 10:32:00,230,0,0
17715,1,326.4,2011-05-23 12:32:00,2011-05-23 12:32:00,110,0,0
17716,7,4136.66,2011-03-17 10:38:00,2011-09-06 12:02:00,4,173,1
17718,1,139.35,2011-04-21 13:39:00,2011-04-21 13:39:00,141,0,0
17719,12,4477.4,2011-03-29 11:29:00,2011-08-25 14:21:00,15,149,1
17720,3,887.6,2010-12-07 10:43:00,2011-08-18 16:32:00,22,254,1
17722,4,2424.04,2010-12-08 12:41:00,2011-09-04 15:22:00,5,270,0
17723,6,3276.4000000000005,2011-05-09 14:44:00,2011-08-04 18:37:00,36,87,0
17724,1,373.1,2011-07-24 13:26:00,2011-07-24 13:26:00,47,0,1
17725,8,2507.12,2011-03-17 19:47:00,2011-08-31 10:06:00,10,166,1
17730,8,3055.77,2011-01-17 14:49:00,2011-08-25 17:21:00,15,220,1
17731,3,963.74,2011-06-09 14:18:00,2011-08-03 13:39:00,37,54,1
17732,1,303.97,2010-12-02 09:29:00,2010-12-02 09:29:00,282,0,0
17733,1,216.95000000000002,2011-03-23 09:54:00,2011-03-23 09:54:00,171,0,1
17734,2,540.21,2011-04-20 10:04:00,2011-07-26 09:20:00,46,96,1
17735,16,11091.24,2010-12-07 10:32:00,2011-09-07 10:38:00,3,274,1
17736,1,307.49,2011-08-18 14:33:00,2011-08-18 14:33:00,22,0,1
17738,3,1571.49,2011-03-02 16:26:00,2011-07-14 09:23:00,58,133,1
17739,3,1070.77,2010-12-14 14:26:00,2011-05-27 09:15:00,106,163,1
17742,2,355.11,2011-01-11 10:04:00,2011-08-18 15:28:00,22,219,0
17744,4,1288.96,2010-12-16 14:17:00,2011-04-03 12:46:00,160,107,1
17746,1,110.25,2011-04-13 14:31:00,2011-04-13 14:31:00,149,0,0
17747,1,71.4,2011-08-19 08:13:00,2011-08-19 08:13:00,22,0,0
17749,2,674.52,2011-03-28 13:39:00,2011-06-14 15:45:00,87,78,0
17750,5,1204.5,2011-06-28 15:44:00,2011-09-01 17:09:00,8,65,1
17752,1,80.64,2010-12-15 16:19:00,2010-12-15 16:19:00,268,0,0
17754,2,575.06,2011-03-24 13:54:00,2011-07-20 15:56:00,51,118,1
17757,20,3308.55,2010-12-02 17:17:00,2011-08-17 13:04:00,23,257,1
17758,4,1433.25,2011-04-03 15:22:00,2011-07-10 15:12:00,61,97,1
17759,2,167.15,2011-06-23 13:35:00,2011-06-23 13:41:00,78,0,1
17760,1,172.54,2010-12-01 15:08:00,2010-12-01 15:08:00,282,0,1
17763,1,15.0,2011-03-21 14:25:00,2011-03-21 14:25:00,172,0,0
17764,1,230.67000000000002,2011-05-12 16:11:00,2011-05-12 16:11:00,120,0,1
17765,3,367.63,2011-03-28 11:58:00,2011-07-04 12:41:00,68,98,0
17768,1,385.83,2011-06-26 13:46:00,2011-06-26 13:46:00,75,0,1
17769,4,1817.88,2011-01-23 11:15:00,2011-07-24 11:06:00,48,181,1
17770,5,1143.27,2011-03-02 13:35:00,2011-05-25 12:34:00,108,83,0
17771,1,115.8,2011-01-20 14:13:00,2011-01-20 14:13:00,232,0,1
17774,4,1213.73,2011-02-07 13:13:00,2011-09-04 12:49:00,6,208,0
17775,1,56.4,2011-03-30 10:50:00,2011-03-30 10:50:00,164,0,0
17777,1,189.79999999999998,2011-08-31 14:35:00,2011-08-31 14:35:00,9,0,1
17779,1,323.09,2011-07-19 12:19:00,2011-07-19 12:19:00,53,0,1
17781,2,188.02,2011-03-31 19:54:00,2011-07-03 16:00:00,68,93,0
17783,1,112.41,2011-04-06 10:07:00,2011-04-06 10:07:00,157,0,1
17786,1,103.35,2011-01-26 14:35:00,2011-01-26 14:35:00,226,0,1
17787,4,1817.54,2010-12-03 13:43:00,2011-07-10 11:24:00,62,218,0
17788,1,16.7,2011-08-02 10:38:00,2011-08-02 10:38:00,39,0,1
17789,1,225.9,2011-03-03 13:14:00,2011-03-03 13:14:00,190,0,0
17790,12,1363.51,2010-12-10 10:47:00,2011-08-11 14:54:00,29,244,1
17795,2,342.83,2011-03-20 12:02:00,2011-06-13 12:36:00,89,85,0
17796,3,614.1,2010-12-05 12:23:00,2011-01-30 12:42:00,223,56,1
17797,1,272.41,2011-06-10 11:29:00,2011-06-10 11:29:00,92,0,1
17799,9,2514.99,2010-12-13 13:10:00,2011-09-01 14:42:00,8,262,1
17800,7,904.8000000000001,2011-01-09 13:50:00,2011-09-09 13:19:00,0,242,1
17802,2,632.4200000000001,2010-12-02 13:44:00,2011-06-12 14:57:00,89,192,1
17809,8,2856.71,2010-12-01 09:41:00,2011-08-02 15:40:00,38,244,1
17811,24,4834.31,2011-01-10 10:58:00,2011-09-08 13:53:00,1,241,1
17812,1,193.29999999999998,2010-12-06 15:27:00,2010-12-06 15:27:00,277,0,1
17816,2,21.31,2010-12-09 14:10:00,2011-03-15 14:20:00,178,96,1
17817,2,269.7,2011-03-07 17:30:00,2011-03-07 17:42:00,186,0,1
17819,6,3468.47,2010-12-03 14:26:00,2011-06-10 10:59:00,92,188,1
17827,4,1580.47,2010-12-10 10:18:00,2011-04-11 16:56:00,151,122,1
17828,3,1076.66,2011-06-08 08:31:00,2011-08-22 09:03:00,19,75,1
17829,1,889.24,2011-02-14 12:46:00,2011-02-14 12:46:00,208,0,0
17830,2,287.65000000000003,2011-02-24 10:15:00,2011-03-23 11:44:00,171,27,1
17837,3,376.51,2011-06-29 16:44:00,2011-07-14 18:44:00,57,15,1
17838,3,1655.0,2010-12-02 15:55:00,2011-02-20 13:52:00,201,79,1
17841,81,23327.59,2010-12-01 14:41:00,2011-09-09 10:12:00,1,281,1
17843,1,205.48,2011-02-09 15:33:00,2011-02-09 15:33:00,212,0,0
17844,1,51.559999999999995,2011-08-25 11:27:00,2011-08-25 11:27:00,16,0,0
17848,8,821.5999999999999,2010-12-16 18:38:00,2011-08-03 15:14:00,37,229,1
17849,4,605.8000000000001,2011-01-10 11:59:00,2011-05-05 13:46:00,127,115,0
17850,34,5391.21,2010-12-01 08:26:00,2010-12-02 15:27:00,281,1,0
17854,2,311.26,2011-04-26 16:53:00,2011-06-07 16:21:00,94,41,0
17855,1,208.97,2010-12-02 09:44:00,2010-12-02 09:44:00,282,0,0
17856,3,1142.63,2011-03-03 11:40:00,2011-04-20 13:13:00,142,48,1
17857,14,14254.52,2010-12-09 11:35:00,2011-09-02 11:59:00,8,267,1
17858,9,3641.25,2010-12-05 13:08:00,2011-08-15 14:51:00,25,253,1
17859,1,141.92000000000002,2011-02-08 10:32:00,2011-02-08 10:32:00,214,0,0
17860,1,226.45000000000002,2010-12-06 12:41:00,2010-12-06 12:41:00,278,0,0
17861,5,1299.49,2011-01-24 11:34:00,2011-07-26 16:55:00,45,183,1
17862,1,330.9,2011-01-20 12:23:00,2011-01-20 12:23:00,233,0,0
17863,4,1785.28,2010-12-05 13:21:00,2011-07-17 13:48:00,54,224,1
17864,1,200.85,2011-03-09 11:44:00,2011-03-09 11:44:00,185,0,1
17865,12,7017.34,2010-12-10 14:53:00,2011-08-24 12:32:00,17,256,1
17866,1,329.65,2011-07-20 11:07:00,2011-07-20 11:07:00,52,0,0
17867,4,957.48,2011-02-24 12:25:00,2011-07-19 12:42:00,53,145,1
17869,5,428.18,2010-12-06 17:16:00,2011-08-24 16:16:00,16,260,0
17870,7,745.37,2010-12-08 08:12:00,2011-09-09 10:37:00,1,275,1
17871,1,155.9,2011-05-19 11:32:00,2011-05-19 11:32:00,114,0,0
17873,4,1576.92,2010-12-01 14:54:00,2011-06-08 14:51:00,93,188,1
17874,6,683.46,2011-03-29 11:25:00,2011-06-07 12:54:00,94,70,0
17877,1,237.61,2011-06-22 13:00:00,2011-06-22 13:00:00,79,0,0
17879,1,178.51999999999998,2011-06-19 12:36:00,2011-06-19 12:36:00,83,0,0
17880,1,458.92,2010-12-10 10:21:00,2010-12-10 10:21:00,274,0,0
17881,1,133.35000000000002,2011-02-08 17:16:00,2011-02-08 17:16:00,213,0,0
17883,1,119.35,2011-04-07 19:16:00,2011-04-07 19:16:00,155,0,1
17884,3,590.54,2010-12-03 12:11:00,2011-02-01 11:08:00,221,59,1
17886,2,377.71,2011-04-04 12:34:00,2011-05-13 10:22:00,120,38,1
17887,1,111.35,2011-08-02 17:29:00,2011-08-02 17:29:00,38,0,0
17888,4,297.0,2010-12-17 13:56:00,2011-07-01 13:17:00,70,195,1
17889,2,201.37,2011-01-21 17:14:00,2011-05-11 16:26:00,121,109,0
17890,2,586.89,2010-12-13 15:12:00,2011-01-21 11:19:00,232,38,0
17891,1,203.85999999999999,2011-06-30 20:08:00,2011-06-30 20:08:00,71,0,0
17892,1,142.1,2011-07-07 12:56:00,2011-07-07 12:56:00,64,0,1
17893,1,107.21,2011-04-28 13:50:00,2011-04-28 13:50:00,134,0,0
17894,7,995.9,2010-12-08 14:50:00,2011-09-04 14:36:00,5,269,1
17897,3,541.8100000000001,2010-12-01 12:31:00,2011-06-20 11:23:00,82,200,0
17898,1,99.84,2011-05-16 17:13:00,2011-05-16 17:13:00,116,0,1
17899,1,154.55,2011-07-03 14:58:00,2011-07-03 14:58:00,68,0,0
17900,2,112.19999999999999,2011-06-02 14:28:00,2011-06-02 14:38:00,99,0,0
17905,3,617.74,2010-12-01 13:21:00,2011-07-06 10:47:00,66,216,1
17906,1,72.9,2011-04-06 17:25:00,2011-04-06 17:25:00,156,0,0
17908,1,232.03,2010-12-01 11:45:00,2010-12-01 11:45:00,283,0,0
17912,5,310.06,2010-12-10 11:11:00,2011-02-02 14:25:00,219,54,0
17913,1,218.05,2010-12-19 11:35:00,2010-12-19 11:35:00,265,0,1
17917,2,226.71,2010-12-12 12:08:00,2011-03-28 16:37:00,165,106,1
17920,9,2328.8,2010-12-01 11:49:00,2011-08-26 13:56:00,14,268,1
17921,3,595.47,2011-03-18 13:19:00,2011-07-14 18:56:00,57,118,1
17923,1,207.50000000000003,2011-03-02 15:15:00,2011-03-02 15:15:00,191,0,0
17924,2,502.20000000000005,2010-12-01 10:51:00,2011-02-11 11:38:00,211,72,1
17925,1,244.08,2010-12-02 10:10:00,2010-12-02 10:10:00,282,0,0
17926,2,397.29,2011-05-20 09:24:00,2011-07-29 14:39:00,42,70,0
17928,1,78.25999999999999,2011-04-07 18:03:00,2011-04-07 18:03:00,155,0,1
17929,3,707.0,2011-02-04 11:40:00,2011-08-19 08:57:00,22,195,1
17930,2,694.14,2011-04-14 15:46:00,2011-06-30 18:44:00,71,77,1
17931,2,408.36,2011-03-29 12:31:00,2011-07-28 18:33:00,43,121,0
17932,2,934.51,2011-05-12 13:58:00,2011-06-19 10:39:00,83,37,1
17935,2,145.79,2011-07-21 11:23:00,2011-07-24 13:18:00,47,3,0
17937,5,3614.52,2010-12-12 14:43:00,2011-08-17 12:10:00,24,247,1
17939,1,99.14,2011-07-03 12:27:00,2011-07-03 12:27:00,69,0,0
17940,9,3828.04,2011-02-10 09:29:00,2011-08-23 13:30:00,17,194,1
17941,1,304.56,2011-08-01 08:30:00,2011-08-01 08:30:00,40,0,0
17946,2,149.57999999999998,2011-03-25 14:34:00,2011-04-20 17:00:00,142,26,0
17948,1,358.56000000000006,2011-07-15 12:58:00,2011-07-15 12:58:00,56,0,0
17949,33,48209.2,2010-12-03 13:12:00,2011-09-07 14:30:00,2,278,1
17950,2,263.17,2010-12-09 15:16:00,2010-12-09 15:20:00,274,0,1
17951,2,409.50000000000006,2010-12-01 12:40:00,2010-12-16 12:55:00,267,15,1
17954,10,1885.21,2010-12-03 14:18:00,2011-08-08 13:46:00,32,247,1
17955,4,557.3,2011-05-04 12:29:00,2011-05-25 12:00:00,108,20,0
17956,1,12.75,2011-04-04 13:47:00,2011-04-04 13:47:00,158,0,0
17958,1,508.4599999999999,2011-08-15 12:19:00,2011-08-15 12:19:00,26,0,0
17960,1,73.78,2011-06-21 14:15:00,2011-06-21 14:15:00,80,0,0
17961,31,1179.62,2010-12-02 19:18:00,2011-08-08 12:15:00,33,248,1
17962,1,102.41,2011-07-20 14:16:00,2011-07-20 14:16:00,51,0,0
17964,1,261.76,2010-12-02 13:32:00,2010-12-02 13:32:00,281,0,1
17965,12,2251.41,2010-12-05 15:54:00,2011-09-09 10:54:00,1,277,1
17966,4,594.43,2011-03-23 17:25:00,2011-07-11 15:28:00,60,109,1
17967,1,112.27,2010-12-03 11:19:00,2010-12-03 11:19:00,281,0,0
17968,1,265.1,2010-12-01 12:23:00,2010-12-01 12:23:00,283,0,0
17969,2,228.2,2010-12-13 15:34:00,2011-06-26 13:00:00,75,194,0
17970,1,562.79,2011-05-12 20:03:00,2011-05-12 20:03:00,120,0,0
17972,1,135.19,2011-04-12 12:16:00,2011-04-12 12:16:00,151,0,0
17974,1,164.07,2011-05-04 11:50:00,2011-05-04 11:50:00,129,0,1
17975,11,3950.4500000000003,2010-12-08 11:38:00,2011-08-17 10:59:00,24,251,1
17976,1,321.79,2010-12-02 13:49:00,2010-12-02 13:49:00,281,0,0
17978,1,300.91999999999996,2010-12-09 14:05:00,2010-12-09 14:05:00,274,0,0
17979,3,494.54,2011-03-25 11:34:00,2011-06-24 10:44:00,78,90,1
17980,3,811.45,2010-12-15 15:50:00,2011-06-27 12:01:00,75,193,0
17984,1,152.68,2011-07-17 15:59:00,2011-07-17 15:59:00,54,0,0
17987,1,198.57,2011-06-07 14:22:00,2011-06-07 14:22:00,94,0,0
17988,5,146.0,2011-01-17 11:59:00,2011-08-14 15:56:00,26,209,1
17990,3,630.84,2010-12-13 12:10:00,2011-04-17 11:44:00,146,124,0
17991,2,93.35,2011-04-27 16:39:00,2011-04-28 15:58:00,134,0,0
17994,4,674.89,2011-02-22 11:02:00,2011-08-10 11:41:00,31,169,0
17995,1,76.1,2011-03-03 12:30:00,2011-03-03 12:30:00,191,0,0
17997,6,1711.75,2011-06-28 17:28:00,2011-09-08 15:16:00,1,71,1
17999,1,190.34,2010-12-08 15:17:00,2010-12-08 15:17:00,275,0,1
18004,1,157.92,2010-12-12 13:47:00,2010-12-12 13:47:00,271,0,0
18008,7,2065.41,2011-01-25 12:26:00,2011-05-20 16:56:00,112,115,1
18009,1,247.39,2011-04-18 13:36:00,2011-04-18 13:36:00,144,0,0
18010,1,174.8,2011-03-28 12:27:00,2011-03-28 12:27:00,166,0,0
18011,1,102.78999999999999,2010-12-01 17:35:00,2010-12-01 17:35:00,282,0,0
18013,2,187.29,2011-07-07 14:08:00,2011-07-07 14:11:00,64,0,0
18016,3,482.86,2010-12-10 17:14:00,2011-06-06 13:31:00,95,177,1
18017,2,344.0,2011-02-02 13:57:00,2011-06-23 15:48:00,78,141,1
18018,2,122.14,2011-05-24 13:22:00,2011-08-23 17:37:00,17,91,0
18024,2,389.78,2011-07-10 12:28:00,2011-07-10 12:40:00,62,0,0
18027,1,115.31,2011-09-02 10:38:00,2011-09-02 10:38:00,8,0,0
18032,1,73.5,2011-01-09 15:32:00,2011-01-09 15:32:00,243,0,0
18036,2,253.69,2011-04-08 11:26:00,2011-08-26 12:55:00,14,140,1
18037,6,70.02,2010-12-12 16:20:00,2011-07-08 13:39:00,63,207,0
18040,1,239.0,2011-04-08 08:27:00,2011-04-08 08:27:00,155,0,1
18041,16,2998.11,2010-12-02 11:21:00,2011-08-28 12:28:00,13,269,1
18043,2,421.59,2010-12-08 12:35:00,2011-05-17 12:40:00,116,160,1
18044,7,1105.53,2010-12-14 12:25:00,2011-06-26 13:31:00,75,194,1
18048,2,172.29000000000002,2011-05-20 14:54:00,2011-05-20 14:58:00,112,0,0
18050,1,74.4,2010-12-15 14:25:00,2010-12-15 14:25:00,268,0,0
18055,7,3672.86,2010-12-05 10:52:00,2011-08-03 12:55:00,37,241,1
18056,1,363.65,2011-02-24 14:27:00,2011-02-24 14:27:00,197,0,0
18061,8,1793.51,2010-12-08 13:03:00,2011-08-24 08:49:00,17,258,1
18062,3,720.52,2011-01-06 10:03:00,2011-06-19 14:47:00,82,164,0
18064,2,814.0,2011-04-18 15:08:00,2011-07-29 16:39:00,42,102,0
18065,8,1412.15,2010-12-10 12:44:00,2011-06-09 12:27:00,93,180,1
18068,1,101.69999999999999,2011-02-23 14:50:00,2011-02-23 14:50:00,198,0,0
18069,3,978.32,2011-01-16 15:50:00,2011-06-12 15:14:00,89,146,1
18071,2,453.0,2010-12-09 10:33:00,2011-03-27 11:59:00,167,108,0
18072,1,247.44,2011-06-07 10:44:00,2011-06-07 10:44:00,95,0,0
18073,12,3859.82,2011-05-26 19:38:00,2011-08-17 14:02:00,23,82,0
18074,1,489.6,2010-12-01 09:53:00,2010-12-01 09:53:00,283,0,0
18075,8,1957.75,2010-12-14 10:48:00,2011-08-25 15:10:00,15,254,1
18077,7,1622.34,2010-12-08 10:21:00,2011-08-28 12:29:00,13,263,1
18078,2,336.13,2011-03-25 15:08:00,2011-05-06 14:32:00,126,41,0
18079,2,2206.18,2011-04-15 12:14:00,2011-08-05 11:00:00,36,111,1
18080,1,841.4999999999999,2011-04-11 10:10:00,2011-04-11 10:10:00,152,0,1
18081,2,208.05,2011-07-29 11:56:00,2011-08-19 12:23:00,22,21,1
18085,2,689.95,2010-12-01 12:08:00,2011-01-13 15:17:00,239,43,0
18086,1,101.34,2011-03-10 13:34:00,2011-03-10 13:34:00,183,0,0
18087,2,4055.7199999999993,2011-02-22 10:43:00,2011-09-02 15:12:00,7,192,0
18092,8,5851.48,2010-12-09 10:00:00,2011-08-12 12:37:00,29,246,1
18093,4,2106.52,2011-02-10 12:15:00,2011-09-07 15:43:00,2,209,0
18094,5,2402.3,2011-02-21 08:50:00,2011-07-26 14:42:00,45,155,1
18095,2,580.0500000000001,2011-01-11 12:37:00,2011-01-31 12:50:00,222,20,0
18097,5,1986.2,2010-12-20 14:49:00,2011-08-05 10:32:00,36,227,1
18099,1,168.31,2011-08-04 15:52:00,2011-08-04 15:52:00,36,0,0
18101,1,110.23,2011-07-19 13:05:00,2011-07-19 13:05:00,52,0,1
18102,27,135450.75,2010-12-07 16:42:00,2011-09-02 11:53:00,8,268,1
18106,1,421.9,2011-01-14 12:23:00,2011-01-14 12:23:00,239,0,0
18108,1,271.0,2011-03-30 13:56:00,2011-03-30 13:56:00,163,0,0
18109,18,4826.87,2010-12-05 10:58:00,2011-09-09 13:58:00,0,278,1
18112,1,196.64,2011-06-26 13:56:00,2011-06-26 13:56:00,75,0,1
18113,1,76.32000000000001,2010-12-06 12:31:00,2010-12-06 12:31:00,278,0,0
18114,1,220.1,2011-02-22 13:20:00,2011-02-22 13:20:00,199,0,0
18116,7,1239.55,2010-12-10 12:14:00,2011-04-19 16:14:00,143,130,1
18118,19,4222.94,2010-12-05 12:13:00,2011-09-09 12:22:00,1,278,1
18119,1,180.7,2010-12-07 11:59:00,2010-12-07 11:59:00,277,0,0
18120,1,111.15,2011-05-09 13:45:00,2011-05-09 13:45:00,123,0,0
18121,2,653.3,2011-07-08 12:14:00,2011-07-13 12:53:00,58,5,0
18122,1,119.19,2011-07-12 11:37:00,2011-07-12 11:37:00,60,0,1
18125,3,933.9,2011-01-27 15:02:00,2011-05-22 11:51:00,111,114,1
18127,1,139.6,2011-07-29 10:06:00,2011-07-29 10:06:00,43,0,1
18129,1,112.55000000000001,2011-04-10 14:16:00,2011-04-10 14:16:00,152,0,0
18133,1,931.4999999999999,2011-05-11 14:14:00,2011-05-11 14:14:00,121,0,0
18135,1,109.82000000000001,2011-06-02 14:04:00,2011-06-02 14:04:00,99,0,1
18136,2,600.85,2011-01-24 12:08:00,2011-05-12 11:59:00,121,107,1
18138,1,152.65,2011-02-17 14:51:00,2011-02-17 14:51:00,204,0,0
18142,2,1019.52,2011-05-08 12:31:00,2011-07-05 13:19:00,66,58,0
18143,2,1000.16,2011-07-21 10:44:00,2011-08-15 12:07:00,26,25,0
18144,9,2165.55,2010-12-01 13:45:00,2011-08-22 09:21:00,19,263,1
18145,2,1023.78,2011-01-31 12:10:00,2011-05-19 10:38:00,114,107,1
18146,2,160.35000000000002,2011-05-03 16:35:00,2011-07-22 12:08:00,50,79,0
18147,1,98.88,2011-08-23 12:22:00,2011-08-23 12:22:00,18,0,1
18149,2,549.68,2011-03-11 12:44:00,2011-05-08 12:48:00,125,58,1
18150,2,413.28,2011-05-22 10:47:00,2011-07-22 15:43:00,49,61,1
18151,2,653.35,2011-02-23 08:29:00,2011-07-28 11:35:00,44,155,0
18155,2,266.56,2011-02-21 10:36:00,2011-06-22 11:59:00,80,121,1
18156,1,186.88,2010-12-05 12:29:00,2010-12-05 12:29:00,279,0,1
18159,1,530.15,2011-02-11 14:26:00,2011-02-11 14:26:00,210,0,0
18160,1,318.55,2011-05-23 13:41:00,2011-05-23 13:41:00,109,0,1
18161,3,771.26,2011-01-24 11:56:00,2011-07-22 13:31:00,49,179,1
18165,1,302.46000000000004,2011-06-15 13:23:00,2011-06-15 13:23:00,86,0,0
18167,1,498.48,2011-08-26 11:40:00,2011-08-26 11:40:00,15,0,1
18168,6,1160.04,2010-12-02 18:08:00,2011-06-16 19:21:00,85,196,0
18170,2,655.51,2011-05-06 15:13:00,2011-08-19 16:04:00,21,105,1
18171,4,994.3100000000001,2011-01-10 09:55:00,2011-09-01 16:30:00,8,234,1
18172,11,5635.28,2011-02-23 10:44:00,2011-09-01 16:50:00,8,190,1
18173,3,1728.8400000000001,2011-03-10 11:56:00,2011-05-24 14:25:00,108,75,1
18176,1,476.35,2010-12-16 15:45:00,2010-12-16 15:45:00,267,0,0
18177,5,1037.27,2011-03-29 08:46:00,2011-07-05 10:23:00,67,98,1
18178,4,1590.81,2010-12-10 12:42:00,2011-08-03 09:30:00,38,235,0
18179,4,1103.16,2011-01-07 14:22:00,2011-04-01 13:21:00,161,83,1
18180,2,601.85,2011-07-20 08:59:00,2011-07-26 08:51:00,46,5,1
18183,2,632.07,2011-03-10 10:08:00,2011-04-26 15:26:00,136,47,0
18185,1,304.25,2011-04-04 13:42:00,2011-04-04 13:42:00,158,0,0
18188,1,426.6,2011-02-22 14:43:00,2011-02-22 14:43:00,199,0,1
18189,1,633.1,2011-03-17 09:49:00,2011-03-17 09:49:00,177,0,1
18190,2,284.46000000000004,2011-01-13 10:35:00,2011-05-31 14:48:00,101,138,0
18191,1,207.79999999999998,2011-03-23 12:08:00,2011-03-23 12:08:00,171,0,0
18193,1,243.76,2011-06-27 13:58:00,2011-06-27 13:58:00,74,0,0
18196,2,686.63,2011-02-22 16:13:00,2011-09-05 16:22:00,4,195,0
18198,14,4427.39,2011-01-07 13:39:00,2011-08-31 11:50:00,10,235,1
18200,1,150.35,2011-08-25 18:45:00,2011-08-25 18:45:00,15,0,0
18202,3,1396.99,2011-02-01 13:36:00,2011-05-24 12:12:00,109,111,0
18203,1,160.42000000000002,2011-07-05 13:07:00,2011-07-05 13:07:00,66,0,0
18204,2,1358.87,2011-05-31 15:26:00,2011-08-22 09:10:00,19,82,1
18210,1,142.4,2011-03-17 16:58:00,2011-03-17 16:58:00,176,0,1
18211,2,268.7,2011-03-06 12:09:00,2011-07-26 12:24:00,46,142,1
18212,1,216.07,2011-01-17 16:14:00,2011-01-17 16:14:00,235,0,0
18213,1,232.48000000000002,2011-04-17 10:21:00,2011-04-17 10:21:00,146,0,0
18218,2,641.92,2011-03-03 12:24:00,2011-05-12 12:53:00,120,70,0
18219,8,1367.13,2010-12-06 10:05:00,2011-07-13 13:33:00,58,219,1
18220,1,305.28000000000003,2011-04-27 09:03:00,2011-04-27 09:03:00,136,0,0
18221,3,706.86,2011-05-12 14:13:00,2011-08-16 10:50:00,25,95,1
18222,1,443.0,2011-09-08 10:45:00,2011-09-08 10:45:00,2,0,0
18223,11,4036.34,2010-12-16 16:42:00,2011-09-04 11:49:00,6,261,1
18224,1,158.95000000000002,2011-03-21 10:30:00,2011-03-21 10:30:00,173,0,0
18225,7,2730.78,2010-12-09 15:46:00,2011-08-18 17:57:00,22,252,1
18226,9,4251.03,2011-01-06 09:00:00,2011-08-11 10:45:00,30,217,1
18227,1,93.75,2011-05-06 12:23:00,2011-05-06 12:23:00,127,0,0
18229,14,5212.06,2010-12-01 16:25:00,2011-09-07 10:51:00,3,279,1
18230,5,2146.36,2011-02-10 13:06:00,2011-09-06 13:20:00,3,208,1
18231,5,2071.77,2011-02-24 09:08:00,2011-05-31 14:18:00,101,96,0
18232,3,500.62,2011-05-26 16:30:00,2011-07-05 11:10:00,67,39,1
18233,1,440.0,2011-01-18 08:44:00,2011-01-18 08:44:00,235,0,0
18235,2,749.8,2011-05-06 13:35:00,2011-08-11 15:56:00,29,97,1
18236,4,641.19,2011-04-13 09:52:00,2011-08-02 15:53:00,38,111,1
18237,3,725.55,2011-07-28 13:05:00,2011-09-09 12:36:00,1,42,1
18239,5,1561.6100000000001,2010-12-02 17:48:00,2011-05-05 12:38:00,128,153,0
18241,11,1349.58,2011-05-06 09:22:00,2011-09-01 14:47:00,8,118,1
18242,2,694.08,2011-05-10 11:20:00,2011-05-27 14:22:00,105,17,1
18245,6,1672.81,2010-12-19 14:58:00,2011-07-13 14:29:00,58,205,1
18246,1,232.9,2011-04-20 13:55:00,2011-04-20 13:55:00,142,0,1
18248,2,804.02,2011-06-06 13:18:00,2011-08-09 10:19:00,32,63,0
18250,1,349.27,2011-02-02 13:16:00,2011-02-02 13:16:00,219,0,0
18252,1,69.89999999999999,2011-06-21 11:47:00,2011-06-21 11:47:00,81,0,1
18257,5,1562.8700000000001,2011-02-16 15:13:00,2011-08-17 14:47:00,23,181,1
18259,1,376.30000000000007,2010-12-08 13:38:00,2010-12-08 13:38:00,275,0,1
18260,6,2628.35,2010-12-16 18:23:00,2011-06-20 12:37:00,82,185,0
18261,1,224.8,2011-09-05 09:34:00,2011-09-05 09:34:00,5,0,1
18262,1,149.48,2011-07-22 16:04:00,2011-07-22 16:04:00,49,0,0
18263,2,811.4,2011-04-01 11:48:00,2011-07-07 10:04:00,65,96,1
18265,1,488.55,2011-07-04 15:26:00,2011-07-04 15:26:00,67,0,1
18268,1,25.5,2011-07-28 19:13:00,2011-07-28 19:13:00,43,0,0
18269,1,168.6,2010-12-08 13:53:00,2010-12-08 13:53:00,275,0,0
18270,1,111.95,2011-03-18 12:41:00,2011-03-18 12:41:00,176,0,1
18272,4,2106.45,2011-04-07 09:35:00,2011-08-18 12:06:00,23,133,1
18273,2,153.0,2011-03-27 11:22:00,2011-09-05 11:27:00,5,162,1
18280,1,180.60000000000002,2011-03-07 09:52:00,2011-03-07 09:52:00,187,0,0
18281,1,80.82,2011-06-12 10:53:00,2011-06-12 10:53:00,90,0,0
18282,1,100.21000000000001,2011-08-05 13:35:00,2011-08-05 13:35:00,35,0,1
18283,10,1086.83,2011-01-06 14:14:00,2011-09-05 12:35:00,5,241,1
18287,1,765.28,2011-05-22 10:39:00,2011-05-22 10:39:00,111,0,1
